date,station,headcount,temp_c,wind_kph,blizzard,science_activity,vehicle_hours,power_kwh,fuel_l,food_kg,water_l,fuel_delivery_l,food_delivery_kg,fuel_stock_l,food_stock_kg
2023-01-01,maitri,37,0.7,10.0,0,0.808,7.86,1713.5,695.2,110.6,2237.0,0.0,0.0,139705.0,71889.0
2023-01-02,maitri,37,1.71,26.7,0,0.766,7.27,1662.1,658.1,103.5,2387.0,0.0,0.0,139047.0,71786.0
2023-01-03,maitri,39,-1.75,22.3,0,0.687,9.63,1701.4,682.2,116.9,2379.0,0.0,0.0,138365.0,71669.0
2023-01-04,maitri,38,1.14,9.6,0,1.0,8.75,1717.5,670.7,119.1,2547.0,0.0,0.0,137694.0,71550.0
2023-01-05,maitri,38,4.12,18.6,0,0.671,8.21,1579.1,584.6,109.1,2283.0,0.0,0.0,137109.0,71441.0
2023-01-06,maitri,38,-2.68,21.9,0,0.708,8.86,1722.0,686.1,118.5,2427.0,0.0,0.0,136423.0,71322.0
2023-01-07,maitri,39,-6.18,23.7,0,0.865,6.67,1745.5,732.3,125.7,2563.0,0.0,0.0,135691.0,71196.0
2023-01-08,maitri,38,-4.47,20.2,0,0.574,6.27,1683.0,679.1,111.5,2282.0,0.0,0.0,135012.0,71085.0
2023-01-09,maitri,37,-4.49,21.2,0,0.951,7.79,1731.2,733.2,121.2,2446.0,0.0,0.0,134279.0,70964.0
2023-01-10,maitri,37,-3.55,34.8,0,0.873,7.12,1767.8,685.4,114.2,2546.0,0.0,0.0,133593.0,70850.0
2023-01-11,maitri,38,-5.46,31.3,0,0.907,7.92,1721.2,723.8,118.8,2487.0,0.0,0.0,132869.0,70731.0
2023-01-12,maitri,39,-1.47,5.6,0,0.866,8.24,1747.3,679.3,119.3,2543.0,0.0,0.0,132190.0,70612.0
2023-01-13,maitri,40,1.47,16.4,0,0.78,8.74,1666.1,685.1,119.2,2515.0,0.0,0.0,131505.0,70492.0
2023-01-14,maitri,38,1.6,17.5,0,0.672,7.3,1697.5,674.4,103.0,2338.0,0.0,0.0,130830.0,70389.0
2023-01-15,maitri,37,5.1,9.0,0,0.783,8.38,1557.4,617.3,107.3,2269.0,0.0,0.0,130213.0,70282.0
2023-01-16,maitri,37,5.86,19.5,0,0.683,8.11,1509.8,619.9,101.9,2256.0,0.0,0.0,129593.0,70180.0
2023-01-17,maitri,38,2.23,31.6,0,0.858,8.34,1673.8,664.8,119.3,2429.0,0.0,0.0,128928.0,70061.0
2023-01-18,maitri,37,3.18,11.9,0,0.896,7.73,1572.4,641.8,115.9,2206.0,0.0,0.0,128287.0,69945.0
2023-01-19,maitri,38,-0.3,21.6,0,0.976,9.06,1749.6,685.2,119.7,2453.0,0.0,0.0,127601.0,69825.0
2023-01-20,maitri,39,2.73,12.8,0,0.843,8.01,1660.7,626.3,115.2,2391.0,0.0,0.0,126975.0,69710.0
2023-01-21,maitri,38,2.23,14.1,0,0.909,9.31,1642.1,673.2,110.8,2349.0,0.0,0.0,126302.0,69599.0
2023-01-22,maitri,38,1.39,34.9,0,0.761,7.51,1711.8,653.1,110.6,2453.0,0.0,0.0,125649.0,69489.0
2023-01-23,maitri,38,-0.9,14.9,0,0.739,8.57,1643.8,681.6,120.7,2303.0,0.0,0.0,124967.0,69368.0
2023-01-24,maitri,38,3.31,22.8,0,0.852,8.0,1581.8,631.2,110.5,2238.0,0.0,0.0,124336.0,69258.0
2023-01-25,maitri,37,2.35,8.6,0,0.748,7.79,1629.4,655.8,101.6,2340.0,0.0,0.0,123680.0,69156.0
2023-01-26,maitri,39,0.68,41.1,0,0.825,8.45,1694.6,696.7,120.7,2308.0,0.0,0.0,122983.0,69035.0
2023-01-27,maitri,37,-0.46,24.3,0,0.664,7.78,1616.5,662.7,114.7,2132.0,0.0,0.0,122321.0,68920.0
2023-01-28,maitri,38,1.43,17.5,0,0.684,6.11,1682.2,656.3,117.5,2394.0,0.0,0.0,121664.0,68803.0
2023-01-29,maitri,36,2.43,24.0,0,0.865,5.81,1624.5,614.6,111.0,2272.0,0.0,0.0,121050.0,68692.0
2023-01-30,maitri,39,3.39,10.5,0,0.893,8.82,1602.1,619.6,120.6,2455.0,0.0,0.0,120430.0,68571.0
2023-01-31,maitri,39,4.23,31.1,0,0.667,8.77,1621.7,657.0,112.9,2296.0,0.0,0.0,119773.0,68459.0
2023-02-01,maitri,37,10.38,16.5,0,0.863,9.2,1454.3,555.7,99.2,2110.0,0.0,0.0,119218.0,68359.0
2023-02-02,maitri,38,7.26,17.4,0,0.717,7.84,1626.2,604.1,108.6,2166.0,0.0,0.0,118614.0,68251.0
2023-02-03,maitri,38,4.35,15.5,0,0.781,6.92,1644.0,623.0,113.3,2293.0,0.0,0.0,117991.0,68138.0
2023-02-04,maitri,37,0.98,14.9,0,0.947,7.5,1628.7,676.7,112.0,2252.0,0.0,0.0,117314.0,68025.0
2023-02-05,maitri,37,2.78,25.5,0,0.871,7.77,1648.6,642.6,109.8,2335.0,0.0,0.0,116671.0,67916.0
2023-02-06,maitri,36,5.89,21.3,0,0.867,7.03,1490.0,568.9,102.5,2185.0,0.0,0.0,116102.0,67813.0
2023-02-07,maitri,36,4.44,25.2,0,0.998,8.85,1553.9,593.0,104.9,2294.0,0.0,0.0,115509.0,67708.0
2023-02-08,maitri,38,0.92,19.1,0,0.682,9.23,1659.4,673.3,118.4,2336.0,0.0,0.0,114836.0,67590.0
2023-02-09,maitri,37,-1.94,23.8,0,0.645,7.96,1700.8,708.8,116.6,2322.0,0.0,0.0,114127.0,67473.0
2023-02-10,maitri,36,0.42,16.1,0,0.674,7.58,1610.1,661.4,106.3,2260.0,0.0,0.0,113466.0,67367.0
2023-02-11,maitri,36,2.64,49.2,0,0.727,6.64,1654.9,664.3,106.6,2187.0,0.0,0.0,112801.0,67260.0
2023-02-12,maitri,36,3.8,10.0,0,0.472,8.59,1552.5,632.2,98.9,2132.0,0.0,0.0,112169.0,67162.0
2023-02-13,maitri,37,0.87,32.9,0,0.726,7.52,1658.1,685.1,111.8,2305.0,0.0,0.0,111484.0,67050.0
2023-02-14,maitri,35,1.31,34.5,0,0.683,7.22,1598.4,671.3,108.6,1985.0,0.0,0.0,110813.0,66941.0
2023-02-15,maitri,36,1.3,13.6,0,0.839,7.71,1593.6,653.5,103.0,2315.0,0.0,0.0,110159.0,66838.0
2023-02-16,maitri,36,1.59,49.7,0,0.783,6.92,1679.8,713.1,108.5,2255.0,0.0,0.0,109446.0,66730.0
2023-02-17,maitri,36,3.89,29.7,0,0.665,7.39,1594.5,625.2,105.9,2222.0,0.0,0.0,108821.0,66624.0
2023-02-18,maitri,36,3.69,29.5,0,0.804,6.23,1597.5,595.2,107.8,2128.0,0.0,0.0,108226.0,66516.0
2023-02-19,maitri,35,4.97,19.9,0,0.816,7.95,1483.0,600.7,107.7,2139.0,0.0,0.0,107625.0,66408.0
2023-02-20,maitri,35,4.03,18.0,0,0.633,7.06,1493.6,601.8,107.2,2036.0,0.0,0.0,107023.0,66301.0
2023-02-21,maitri,34,3.95,18.1,0,0.663,7.89,1525.5,634.4,97.7,2128.0,0.0,0.0,106389.0,66203.0
2023-02-22,maitri,36,4.96,23.3,0,0.45,6.89,1592.8,635.5,102.9,1997.0,0.0,0.0,105753.0,66100.0
2023-02-23,maitri,34,-0.91,35.8,0,0.582,6.88,1627.9,710.6,100.3,2031.0,0.0,0.0,105043.0,66000.0
2023-02-24,maitri,35,-2.11,21.5,0,0.62,6.07,1611.7,663.0,102.1,2217.0,0.0,0.0,104380.0,65898.0
2023-02-25,maitri,34,-3.61,13.6,0,0.713,7.39,1636.0,674.2,103.8,2119.0,0.0,0.0,103706.0,65794.0
2023-02-26,maitri,33,-5.39,28.3,0,0.587,6.19,1600.0,647.6,101.3,2021.0,0.0,0.0,103058.0,65693.0
2023-02-27,maitri,34,-5.71,29.6,0,0.634,6.4,1737.7,725.2,103.6,2230.0,0.0,0.0,102333.0,65589.0
2023-02-28,maitri,35,-0.34,26.5,0,0.544,6.68,1617.7,642.2,99.5,2206.0,0.0,0.0,101691.0,65490.0
2023-03-01,maitri,34,-3.51,27.7,0,0.707,6.7,1620.4,678.3,101.4,2219.0,0.0,0.0,101012.0,65389.0
2023-03-02,maitri,33,-0.26,18.1,0,0.732,5.36,1549.4,613.9,97.1,2149.0,0.0,0.0,100399.0,65292.0
2023-03-03,maitri,34,-6.11,13.8,0,0.725,6.33,1639.6,682.7,101.6,2175.0,0.0,0.0,99716.0,65190.0
2023-03-04,maitri,33,-6.62,14.2,0,0.673,6.98,1695.5,695.8,101.7,2111.0,0.0,0.0,99020.0,65088.0
2023-03-05,maitri,36,-5.47,10.3,0,0.481,6.09,1677.7,693.3,108.3,2169.0,0.0,0.0,98327.0,64980.0
2023-03-06,maitri,33,-3.2,22.7,0,0.587,6.13,1603.7,605.2,101.2,2080.0,0.0,0.0,97722.0,64879.0
2023-03-07,maitri,32,-0.96,19.9,0,0.607,6.34,1556.8,633.6,92.0,1963.0,0.0,0.0,97088.0,64787.0
2023-03-08,maitri,34,1.11,17.2,0,0.602,6.07,1522.9,625.6,97.5,2053.0,0.0,0.0,96462.0,64689.0
2023-03-09,maitri,31,-0.88,6.0,0,0.654,5.36,1519.6,630.5,96.3,2002.0,0.0,0.0,95832.0,64593.0
2023-03-10,maitri,32,-2.89,12.3,0,0.811,5.99,1585.5,651.4,97.1,2171.0,0.0,0.0,95180.0,64496.0
2023-03-11,maitri,34,-0.35,33.5,0,0.731,6.64,1553.7,674.8,101.6,2171.0,0.0,0.0,94506.0,64394.0
2023-03-12,maitri,32,-1.65,15.9,0,0.51,5.13,1548.7,619.2,93.2,2103.0,0.0,0.0,93887.0,64301.0
2023-03-13,maitri,30,-6.22,24.5,0,0.704,5.53,1578.5,662.7,95.0,1919.0,0.0,0.0,93224.0,64206.0
2023-03-14,maitri,31,-9.53,11.8,0,0.694,4.75,1635.6,680.8,99.5,1917.0,0.0,0.0,92543.0,64106.0
2023-03-15,maitri,33,-11.6,38.8,0,0.514,6.3,1766.7,769.9,104.4,2168.0,0.0,0.0,91773.0,64002.0
2023-03-16,maitri,32,-8.79,20.0,0,0.707,5.5,1656.9,675.1,99.1,2043.0,0.0,0.0,91098.0,63903.0
2023-03-17,maitri,30,-7.65,24.1,0,0.58,4.9,1644.8,671.4,88.7,1920.0,0.0,0.0,90427.0,63814.0
2023-03-18,maitri,30,-4.99,57.0,1,0.424,1.69,1644.6,654.5,93.6,1756.0,0.0,0.0,89772.0,63721.0
2023-03-19,maitri,30,-6.41,40.7,0,0.642,4.49,1619.2,696.5,93.6,1888.0,0.0,0.0,89076.0,63627.0
2023-03-20,maitri,31,-5.74,19.0,0,0.607,4.53,1603.8,651.0,92.3,1886.0,0.0,0.0,88425.0,63535.0
2023-03-21,maitri,31,-3.72,16.9,0,0.548,4.15,1565.1,616.8,96.1,1922.0,0.0,0.0,87808.0,63439.0
2023-03-22,maitri,31,-5.08,19.0,0,0.564,4.35,1584.2,629.4,91.4,1941.0,0.0,0.0,87178.0,63347.0
2023-03-23,maitri,30,-3.78,27.1,0,0.476,5.96,1650.1,686.5,92.2,1881.0,0.0,0.0,86492.0,63255.0
2023-03-24,maitri,29,-6.33,21.0,0,0.629,4.42,1565.6,659.9,92.0,1973.0,0.0,0.0,85832.0,63163.0
2023-03-25,maitri,29,-7.49,18.7,0,0.545,5.17,1592.6,640.0,85.2,1915.0,0.0,0.0,85192.0,63078.0
2023-03-26,maitri,30,-8.53,40.9,0,0.563,4.18,1648.5,676.8,92.8,1833.0,0.0,0.0,84515.0,62985.0
2023-03-27,maitri,28,-12.03,21.2,0,0.58,5.21,1545.9,693.6,88.5,1897.0,0.0,0.0,83822.0,62896.0
2023-03-28,maitri,29,-9.54,58.5,0,0.392,3.88,1693.0,713.2,93.9,1844.0,0.0,0.0,83108.0,62803.0
2023-03-29,maitri,29,-10.59,23.2,0,0.417,4.54,1618.9,695.8,85.5,1845.0,0.0,0.0,82413.0,62717.0
2023-03-30,maitri,28,-9.94,47.5,0,0.252,4.46,1656.1,761.5,86.2,1737.0,0.0,0.0,81651.0,62631.0
2023-03-31,maitri,28,-7.94,26.2,0,0.579,5.97,1569.3,709.0,85.1,1842.0,0.0,0.0,80942.0,62546.0
2023-04-01,maitri,28,-6.44,33.9,0,0.359,4.7,1537.7,671.1,79.4,1706.0,0.0,0.0,80271.0,62466.0
2023-04-02,maitri,29,-4.55,16.8,0,0.513,3.75,1493.7,617.0,85.8,1827.0,0.0,0.0,79654.0,62381.0
2023-04-03,maitri,29,-5.47,15.9,0,0.535,4.56,1514.6,664.6,86.7,1931.0,0.0,0.0,78989.0,62294.0
2023-04-04,maitri,28,-7.3,27.8,0,0.556,5.49,1577.4,626.4,82.0,1773.0,0.0,0.0,78363.0,62212.0
2023-04-05,maitri,28,-7.73,34.8,0,0.333,2.76,1599.3,654.4,83.4,1687.0,0.0,0.0,77709.0,62129.0
2023-04-06,maitri,27,-13.26,23.5,0,0.463,3.23,1537.5,678.8,85.1,1766.0,0.0,0.0,77030.0,62043.0
2023-04-07,maitri,27,-17.06,13.5,0,0.664,3.56,1643.9,686.0,86.2,1783.0,0.0,0.0,76344.0,61957.0
2023-04-08,maitri,27,-19.81,13.1,0,0.663,3.35,1611.1,716.5,84.9,1759.0,0.0,0.0,75627.0,61872.0
2023-04-09,maitri,27,-21.05,12.8,0,0.569,3.32,1661.7,706.5,85.3,1821.0,0.0,0.0,74921.0,61787.0
2023-04-10,maitri,27,-17.64,11.2,0,0.484,2.55,1599.7,671.8,84.1,1894.0,0.0,0.0,74249.0,61703.0
2023-04-11,maitri,25,-19.04,24.6,0,0.316,4.36,1646.6,721.5,77.2,1635.0,0.0,0.0,73527.0,61626.0
2023-04-12,maitri,26,-18.54,37.9,0,0.516,2.29,1657.9,720.8,84.2,1768.0,0.0,0.0,72806.0,61542.0
2023-04-13,maitri,28,-12.8,23.6,0,0.404,3.06,1599.6,664.5,85.7,1675.0,0.0,0.0,72142.0,61456.0
2023-04-14,maitri,27,-13.42,9.2,0,0.483,3.84,1589.4,665.8,79.5,1805.0,0.0,0.0,71476.0,61376.0
2023-04-15,maitri,25,-10.46,22.0,0,0.333,3.0,1451.2,606.7,73.3,1605.0,0.0,0.0,70869.0,61303.0
2023-04-16,maitri,28,-13.41,22.4,0,0.381,2.24,1590.2,685.3,85.4,1760.0,0.0,0.0,70184.0,61218.0
2023-04-17,maitri,26,-13.53,58.0,0,0.415,1.89,1683.7,759.6,82.0,1710.0,0.0,0.0,69425.0,61136.0
2023-04-18,maitri,26,-16.05,13.1,0,0.418,2.59,1544.4,673.8,83.1,1724.0,0.0,0.0,68751.0,61053.0
2023-04-19,maitri,26,-16.19,20.6,0,0.441,2.13,1552.5,640.7,84.6,1659.0,0.0,0.0,68110.0,60968.0
2023-04-20,maitri,25,-12.57,49.8,0,0.305,2.71,1662.9,692.6,75.3,1621.0,0.0,0.0,67417.0,60893.0
2023-04-21,maitri,25,-17.84,29.5,0,0.207,1.5,1564.0,681.3,77.2,1666.0,0.0,0.0,66736.0,60816.0
2023-04-22,maitri,27,-15.28,31.1,0,0.556,2.96,1659.7,778.8,80.5,1797.0,0.0,0.0,65957.0,60735.0
2023-04-23,maitri,26,-13.84,25.8,0,0.653,2.38,1592.7,701.4,82.5,1724.0,0.0,0.0,65256.0,60652.0
2023-04-24,maitri,26,-15.36,28.4,0,0.401,2.35,1537.8,659.2,77.1,1694.0,0.0,0.0,64597.0,60575.0
2023-04-25,maitri,26,-19.36,34.4,0,0.182,3.13,1668.9,749.9,78.5,1704.0,0.0,0.0,63847.0,60497.0
2023-04-26,maitri,24,-17.81,17.7,0,0.241,1.73,1469.6,651.2,79.6,1485.0,0.0,0.0,63196.0,60417.0
2023-04-27,maitri,26,-18.5,36.1,0,0.388,1.44,1685.4,699.2,81.0,1751.0,0.0,0.0,62496.0,60336.0
2023-04-28,maitri,24,-16.66,14.1,0,0.481,1.48,1506.9,661.4,72.6,1584.0,0.0,0.0,61835.0,60264.0
2023-04-29,maitri,25,-15.86,28.9,1,0.168,0.4,1607.2,670.5,75.6,1589.0,0.0,0.0,61165.0,60188.0
2023-04-30,maitri,24,-10.17,27.2,0,0.292,1.62,1425.9,605.3,70.1,1499.0,0.0,0.0,60559.0,60118.0
2023-05-01,maitri,23,-11.43,19.5,0,0.324,1.02,1442.5,601.0,66.9,1460.0,0.0,0.0,59958.0,60051.0
2023-05-02,maitri,25,-15.01,25.2,0,0.404,0.18,1587.5,679.8,81.5,1737.0,0.0,0.0,59279.0,59970.0
2023-05-03,maitri,24,-14.12,19.6,0,0.259,1.21,1457.7,604.2,74.3,1465.0,0.0,0.0,58674.0,59895.0
2023-05-04,maitri,23,-13.29,16.3,0,0.112,1.85,1424.1,576.0,68.3,1456.0,0.0,0.0,58098.0,59827.0
2023-05-05,maitri,25,-9.0,22.1,0,0.375,1.7,1485.2,617.2,73.6,1704.0,0.0,0.0,57481.0,59753.0
2023-05-06,maitri,27,-7.18,16.2,0,0.435,2.44,1507.7,571.7,79.7,1764.0,0.0,0.0,56909.0,59674.0
2023-05-07,maitri,26,-7.26,29.6,0,0.29,2.97,1402.9,596.2,79.7,1548.0,0.0,0.0,56313.0,59594.0
2023-05-08,maitri,25,-3.81,16.0,0,0.349,2.13,1463.6,596.4,73.2,1493.0,0.0,0.0,55717.0,59521.0
2023-05-09,maitri,25,-9.49,35.1,0,0.243,2.57,1534.4,665.2,67.0,1524.0,0.0,0.0,55052.0,59454.0
2023-05-10,maitri,26,-12.43,15.9,0,0.199,2.14,1540.3,657.2,82.7,1633.0,0.0,0.0,54394.0,59371.0
2023-05-11,maitri,26,-15.78,20.6,0,0.423,2.8,1559.2,682.0,80.4,1728.0,0.0,0.0,53712.0,59291.0
2023-05-12,maitri,25,-16.84,20.2,0,0.346,2.9,1474.6,699.0,77.2,1566.0,0.0,0.0,53013.0,59213.0
2023-05-13,maitri,25,-20.89,46.0,0,0.359,2.27,1732.9,763.0,80.0,1609.0,0.0,0.0,52250.0,59133.0
2023-05-14,maitri,25,-17.81,30.4,0,0.48,2.09,1584.9,702.5,78.9,1638.0,0.0,0.0,51548.0,59054.0
2023-05-15,maitri,25,-18.05,24.2,0,0.173,1.46,1585.3,669.8,76.9,1578.0,0.0,0.0,50878.0,58978.0
2023-05-16,maitri,25,-22.27,32.8,0,0.234,1.57,1637.1,745.5,75.7,1742.0,0.0,0.0,50132.0,58902.0
2023-05-17,maitri,25,-24.3,11.0,1,0.319,0.24,1659.3,682.0,75.0,1606.0,0.0,0.0,49451.0,58827.0
2023-05-18,maitri,26,-21.74,26.3,0,0.232,2.03,1602.6,742.8,80.3,1624.0,0.0,0.0,48708.0,58747.0
2023-05-19,maitri,26,-17.99,62.0,1,0.394,0.0,1856.1,791.9,83.7,1649.0,0.0,0.0,47916.0,58663.0
2023-05-20,maitri,25,-11.23,28.4,0,0.278,1.47,1469.4,651.4,72.9,1622.0,0.0,0.0,47264.0,58590.0
2023-05-21,maitri,26,-2.78,27.7,0,0.181,0.0,1495.2,581.7,72.0,1553.0,96800.0,0.0,143483.0,58518.0
2023-05-22,maitri,25,-3.88,34.0,0,0.308,2.81,1514.9,616.6,74.9,1502.0,0.0,0.0,142866.0,58443.0
2023-05-23,maitri,26,-9.29,39.5,0,0.32,1.45,1621.2,683.2,76.0,1623.0,0.0,0.0,142183.0,58367.0
2023-05-24,maitri,25,-17.41,11.7,0,0.412,1.92,1603.4,669.7,76.2,1616.0,0.0,0.0,141513.0,58291.0
2023-05-25,maitri,28,-16.41,13.4,0,0.347,2.62,1608.3,679.1,84.6,1826.0,0.0,0.0,140834.0,58206.0
2023-05-26,maitri,24,-19.08,29.9,0,0.355,1.81,1633.2,704.5,73.8,1749.0,0.0,0.0,140130.0,58132.0
2023-05-27,maitri,24,-20.02,20.3,0,0.338,2.61,1545.5,664.5,70.6,1622.0,0.0,0.0,139465.0,58062.0
2023-05-28,maitri,25,-21.44,47.7,0,0.277,0.73,1647.5,736.2,75.6,1630.0,0.0,0.0,138729.0,57986.0
2023-05-29,maitri,25,-21.12,24.1,0,0.214,3.28,1654.3,689.9,76.8,1577.0,0.0,0.0,138039.0,57909.0
2023-05-30,maitri,27,-17.01,12.2,0,0.335,2.36,1638.2,695.1,83.0,1669.0,0.0,0.0,137344.0,57826.0
2023-05-31,maitri,24,-16.58,16.2,0,0.26,1.75,1510.9,618.5,75.2,1591.0,0.0,0.0,136725.0,57751.0
2023-06-01,maitri,26,-17.26,8.7,0,0.503,2.6,1533.3,641.6,85.6,1789.0,0.0,0.0,136084.0,57666.0
2023-06-02,maitri,26,-20.64,25.2,0,0.461,0.78,1609.3,703.3,85.2,1721.0,0.0,0.0,135381.0,57580.0
2023-06-03,maitri,26,-25.48,25.7,0,0.376,1.4,1595.1,725.9,83.9,1817.0,0.0,0.0,134655.0,57496.0
2023-06-04,maitri,24,-25.66,23.4,1,0.345,1.49,1693.3,694.0,74.8,1615.0,0.0,0.0,133961.0,57422.0
2023-06-05,maitri,26,-24.45,44.0,0,0.289,0.29,1679.6,750.6,79.2,1757.0,0.0,0.0,133210.0,57342.0
2023-06-06,maitri,26,-17.64,46.4,0,0.149,1.99,1694.1,760.6,77.9,1652.0,0.0,0.0,132449.0,57264.0
2023-06-07,maitri,25,-17.32,26.2,0,0.274,1.97,1538.6,672.2,77.3,1606.0,0.0,0.0,131777.0,57187.0
2023-06-08,maitri,25,-14.35,11.5,0,0.312,2.98,1463.8,650.2,77.4,1561.0,0.0,0.0,131127.0,57110.0
2023-06-09,maitri,25,-16.67,36.6,0,0.328,0.49,1623.6,678.6,77.7,1622.0,0.0,0.0,130448.0,57032.0
2023-06-10,maitri,25,-20.79,35.7,0,0.356,2.73,1640.2,692.4,77.2,1708.0,0.0,0.0,129756.0,56955.0
2023-06-11,maitri,26,-23.48,32.2,0,0.411,1.21,1724.2,766.6,83.5,1714.0,0.0,0.0,128989.0,56871.0
2023-06-12,maitri,25,-24.93,42.8,0,0.217,1.29,1664.6,745.2,80.0,1655.0,0.0,0.0,128244.0,56791.0
2023-06-13,maitri,24,-17.01,17.4,0,0.218,0.74,1485.2,596.4,74.3,1482.0,0.0,0.0,127648.0,56717.0
2023-06-14,maitri,24,-19.96,66.2,1,0.474,0.0,1711.7,777.7,75.1,1679.0,0.0,0.0,126870.0,56642.0
2023-06-15,maitri,24,-17.09,19.1,0,0.393,1.88,1443.8,654.8,72.0,1613.0,0.0,0.0,126215.0,56570.0
2023-06-16,maitri,25,-20.32,39.1,0,0.253,0.82,1735.8,721.3,74.5,1556.0,0.0,0.0,125494.0,56496.0
2023-06-17,maitri,25,-17.12,14.1,0,0.287,2.12,1625.3,724.4,74.5,1607.0,0.0,0.0,124770.0,56421.0
2023-06-18,maitri,25,-16.25,19.4,0,0.288,1.14,1538.1,631.5,76.4,1669.0,0.0,0.0,124138.0,56345.0
2023-06-19,maitri,25,-17.29,54.2,0,0.304,0.75,1663.6,743.6,77.4,1556.0,0.0,0.0,123394.0,56267.0
2023-06-20,maitri,24,-17.78,25.8,0,0.357,1.23,1543.5,642.6,70.6,1529.0,0.0,0.0,122752.0,56197.0
2023-06-21,maitri,26,-20.16,40.9,0,0.604,1.84,1749.3,766.0,81.4,1788.0,0.0,0.0,121986.0,56115.0
2023-06-22,maitri,25,-18.6,31.8,0,0.323,1.41,1592.0,692.5,77.2,1765.0,0.0,0.0,121293.0,56038.0
2023-06-23,maitri,25,-20.21,27.6,0,0.38,1.62,1621.4,673.2,75.4,1624.0,0.0,0.0,120620.0,55963.0
2023-06-24,maitri,25,-24.01,51.2,0,0.098,2.09,1744.2,870.5,76.8,1616.0,0.0,0.0,119750.0,55886.0
2023-06-25,maitri,24,-27.3,26.2,0,0.242,2.36,1605.6,715.1,73.9,1601.0,0.0,0.0,119035.0,55812.0
2023-06-26,maitri,24,-25.37,13.7,0,0.447,1.38,1574.9,668.6,74.3,1612.0,0.0,0.0,118366.0,55738.0
2023-06-27,maitri,26,-19.3,20.7,0,0.348,0.87,1605.1,696.8,80.2,1717.0,0.0,0.0,117669.0,55657.0
2023-06-28,maitri,24,-18.86,36.6,0,0.0,1.65,1555.2,735.7,71.8,1455.0,0.0,0.0,116934.0,55586.0
2023-06-29,maitri,26,-19.41,34.3,0,0.381,1.93,1678.3,756.7,78.4,1697.0,0.0,0.0,116177.0,55507.0
2023-06-30,maitri,26,-18.56,15.1,0,0.53,0.58,1576.0,630.5,81.0,1662.0,0.0,0.0,115546.0,55426.0
2023-07-01,maitri,25,-14.62,21.5,0,0.06,0.98,1515.6,640.9,74.4,1534.0,0.0,0.0,114905.0,55352.0
2023-07-02,maitri,25,-14.86,22.8,0,0.482,1.1,1598.7,627.7,75.4,1725.0,0.0,0.0,114278.0,55276.0
2023-07-03,maitri,26,-17.09,25.0,0,0.0,1.45,1564.8,689.0,72.7,1588.0,0.0,0.0,113589.0,55204.0
2023-07-04,maitri,25,-14.06,16.4,0,0.413,1.07,1555.3,607.8,72.9,1709.0,0.0,0.0,112981.0,55131.0
2023-07-05,maitri,26,-13.75,22.4,0,0.299,2.09,1476.2,619.3,77.3,1698.0,0.0,0.0,112362.0,55054.0
2023-07-06,maitri,24,-9.96,21.5,0,0.018,0.48,1415.6,584.0,66.1,1437.0,0.0,0.0,111778.0,54987.0
2023-07-07,maitri,25,-11.18,40.4,0,0.354,0.49,1565.0,667.9,74.2,1575.0,0.0,0.0,111110.0,54913.0
2023-07-08,maitri,24,-16.69,41.0,0,0.438,1.37,1696.2,725.8,77.9,1581.0,0.0,0.0,110384.0,54835.0
2023-07-09,maitri,25,-21.67,27.5,0,0.344,1.48,1544.4,718.1,74.4,1574.0,0.0,0.0,109666.0,54761.0
2023-07-10,maitri,26,-16.09,24.8,0,0.37,0.58,1579.0,676.6,78.9,1683.0,0.0,0.0,108989.0,54682.0
2023-07-11,maitri,25,-11.28,31.0,0,0.251,1.18,1579.3,669.1,79.0,1586.0,0.0,0.0,108320.0,54603.0
2023-07-12,maitri,24,-13.43,20.8,0,0.077,1.32,1443.8,591.9,71.1,1568.0,0.0,0.0,107728.0,54532.0
2023-07-13,maitri,24,-15.85,18.1,0,0.383,1.32,1504.3,669.6,72.6,1617.0,0.0,0.0,107059.0,54459.0
2023-07-14,maitri,25,-11.93,19.7,0,0.51,1.71,1515.3,614.7,76.2,1615.0,0.0,0.0,106444.0,54383.0
2023-07-15,maitri,26,-16.93,22.4,0,0.436,1.14,1592.0,706.0,81.4,1639.0,0.0,0.0,105738.0,54302.0
2023-07-16,maitri,25,-20.35,18.0,0,0.061,2.63,1620.2,740.0,78.7,1551.0,0.0,0.0,104998.0,54223.0
2023-07-17,maitri,25,-18.22,31.3,0,0.118,1.94,1612.4,714.6,73.6,1616.0,0.0,0.0,104283.0,54149.0
2023-07-18,maitri,26,-19.8,39.8,0,0.198,1.04,1734.7,773.5,77.1,1649.0,0.0,0.0,103510.0,54072.0
2023-07-19,maitri,25,-19.85,15.0,0,0.109,1.67,1542.7,600.7,72.0,1605.0,0.0,0.0,102909.0,54000.0
2023-07-20,maitri,25,-20.39,29.6,0,0.305,1.69,1588.6,695.6,77.1,1630.0,0.0,0.0,102213.0,53923.0
2023-07-21,maitri,24,-19.22,26.7,0,0.347,2.45,1563.6,713.9,70.9,1631.0,0.0,0.0,101500.0,53852.0
2023-07-22,maitri,26,-14.84,33.8,0,0.128,1.18,1547.8,687.2,75.9,1527.0,0.0,0.0,100812.0,53776.0
2023-07-23,maitri,23,-15.45,29.1,0,0.393,2.14,1542.6,647.0,68.5,1620.0,0.0,0.0,100165.0,53708.0
2023-07-24,maitri,26,-14.18,15.9,0,0.372,1.63,1528.0,630.2,81.6,1625.0,0.0,0.0,99535.0,53626.0
2023-07-25,maitri,25,-21.75,17.2,0,0.234,2.64,1553.6,631.2,75.4,1669.0,0.0,0.0,98904.0,53551.0
2023-07-26,maitri,25,-21.54,29.6,0,0.279,2.5,1647.4,736.8,77.8,1621.0,0.0,0.0,98167.0,53473.0
2023-07-27,maitri,26,-23.91,45.0,0,0.066,1.74,1685.8,725.8,74.8,1629.0,0.0,0.0,97441.0,53398.0
2023-07-28,maitri,24,-27.04,11.5,0,0.26,1.42,1626.8,717.1,75.0,1578.0,0.0,0.0,96724.0,53323.0
2023-07-29,maitri,24,-28.51,33.7,0,0.301,1.95,1659.9,782.6,72.6,1623.0,0.0,0.0,95942.0,53251.0
2023-07-30,maitri,25,-27.97,48.0,0,0.32,1.47,1828.4,879.1,77.5,1700.0,0.0,0.0,95063.0,53173.0
2023-07-31,maitri,25,-23.51,27.3,0,0.345,2.78,1620.4,796.7,83.2,1728.0,0.0,0.0,94266.0,53090.0
2023-08-01,maitri,25,-27.02,36.7,0,0.329,1.65,1737.4,833.4,80.6,1757.0,0.0,0.0,93432.0,53009.0
2023-08-02,maitri,24,-25.54,21.6,0,0.268,1.32,1601.7,764.0,74.2,1608.0,0.0,0.0,92669.0,52935.0
2023-08-03,maitri,24,-25.97,27.6,0,0.334,1.28,1662.7,705.8,82.7,1711.0,0.0,0.0,91963.0,52853.0
2023-08-04,maitri,26,-25.8,14.7,0,0.42,0.75,1649.7,709.5,79.9,1762.0,0.0,0.0,91253.0,52773.0
2023-08-05,maitri,25,-21.4,10.8,0,0.289,1.99,1516.0,620.4,79.7,1702.0,0.0,0.0,90633.0,52693.0
2023-08-06,maitri,25,-19.26,43.0,0,0.338,1.03,1714.6,707.9,73.5,1671.0,0.0,0.0,89925.0,52619.0
2023-08-07,maitri,25,-14.94,19.1,0,0.278,2.37,1517.6,645.7,74.8,1575.0,0.0,0.0,89279.0,52545.0
2023-08-08,maitri,24,-16.15,23.9,0,0.222,0.69,1552.8,650.4,69.3,1547.0,0.0,0.0,88629.0,52475.0
2023-08-09,maitri,26,-18.86,16.1,0,0.363,1.69,1614.9,683.4,80.8,1740.0,0.0,0.0,87945.0,52395.0
2023-08-10,maitri,25,-19.56,15.9,0,0.233,2.41,1531.7,650.8,76.2,1612.0,0.0,0.0,87295.0,52318.0
2023-08-11,maitri,25,-18.62,26.8,0,0.346,0.09,1555.1,702.5,76.2,1669.0,0.0,0.0,86592.0,52242.0
2023-08-12,maitri,26,-18.05,21.2,0,0.303,3.01,1607.8,697.7,82.1,1739.0,0.0,0.0,85894.0,52160.0
2023-08-13,maitri,24,-21.6,33.6,0,0.264,1.3,1609.9,718.6,72.5,1572.0,0.0,0.0,85176.0,52088.0
2023-08-14,maitri,25,-20.73,34.7,0,0.261,1.7,1681.7,740.4,77.3,1468.0,0.0,0.0,84435.0,52010.0
2023-08-15,maitri,25,-19.56,32.7,0,0.239,2.0,1614.1,734.1,78.0,1713.0,0.0,0.0,83701.0,51932.0
2023-08-16,maitri,25,-11.26,31.6,0,0.103,2.11,1555.1,670.6,69.6,1514.0,0.0,0.0,83031.0,51863.0
2023-08-17,maitri,25,-6.49,55.3,0,0.346,1.79,1561.8,671.8,71.8,1534.0,0.0,0.0,82359.0,51791.0
2023-08-18,maitri,27,-11.29,18.2,0,0.328,2.3,1543.8,652.4,80.9,1649.0,0.0,0.0,81706.0,51710.0
2023-08-19,maitri,25,-13.39,27.8,0,0.402,1.96,1529.8,620.0,77.5,1619.0,0.0,0.0,81086.0,51632.0
2023-08-20,maitri,23,-18.86,45.7,0,0.236,2.83,1635.2,707.0,72.9,1467.0,0.0,0.0,80379.0,51560.0
2023-08-21,maitri,25,-20.53,48.2,0,0.527,1.97,1773.0,785.6,78.4,1668.0,0.0,0.0,79594.0,51481.0
2023-08-22,maitri,25,-18.98,15.6,0,0.254,2.98,1555.7,669.1,75.4,1580.0,0.0,0.0,78925.0,51406.0
2023-08-23,maitri,25,-14.84,24.8,1,0.195,1.11,1601.3,679.8,72.7,1609.0,0.0,0.0,78245.0,51333.0
2023-08-24,maitri,25,-17.62,49.8,0,0.181,0.34,1677.0,735.9,75.9,1705.0,0.0,0.0,77509.0,51257.0
2023-08-25,maitri,25,-19.63,34.8,0,0.092,3.43,1627.8,746.5,74.2,1614.0,0.0,0.0,76762.0,51183.0
2023-08-26,maitri,25,-26.04,30.5,0,0.484,1.2,1754.0,732.9,78.9,1787.0,0.0,0.0,76030.0,51104.0
2023-08-27,maitri,25,-24.92,25.6,0,0.465,2.65,1695.8,745.4,79.0,1686.0,0.0,0.0,75284.0,51025.0
2023-08-28,maitri,25,-26.85,23.8,0,0.372,1.62,1648.1,696.1,80.0,1692.0,0.0,0.0,74588.0,50945.0
2023-08-29,maitri,24,-26.71,31.5,0,0.192,2.34,1657.6,757.6,72.8,1592.0,0.0,0.0,73830.0,50872.0
2023-08-30,maitri,27,-27.68,25.0,0,0.517,1.12,1683.8,694.2,84.6,1811.0,0.0,0.0,73136.0,50788.0
2023-08-31,maitri,24,-25.95,27.3,0,0.258,2.04,1618.5,732.4,75.4,1564.0,0.0,0.0,72404.0,50712.0
2023-09-01,maitri,25,-29.83,28.6,0,0.268,1.42,1696.6,721.0,71.5,1712.0,0.0,0.0,71683.0,50641.0
2023-09-02,maitri,24,-32.05,20.8,0,0.472,2.71,1677.7,740.8,75.8,1739.0,0.0,0.0,70942.0,50565.0
2023-09-03,maitri,25,-22.34,34.5,0,0.379,1.91,1695.1,767.4,75.3,1676.0,0.0,0.0,70175.0,50490.0
2023-09-04,maitri,24,-25.29,93.5,1,0.564,1.14,1964.6,944.2,79.8,1614.0,0.0,0.0,69230.0,50410.0
2023-09-05,maitri,25,-27.07,13.0,0,0.33,0.09,1664.3,660.5,77.4,1656.0,0.0,0.0,68570.0,50332.0
2023-09-06,maitri,26,-19.11,31.3,0,0.252,1.54,1631.6,694.5,77.9,1593.0,0.0,0.0,67876.0,50255.0
2023-09-07,maitri,25,-9.15,19.8,0,0.227,1.89,1418.1,565.9,73.2,1562.0,0.0,0.0,67310.0,50181.0
2023-09-08,maitri,25,-13.99,34.7,0,0.078,1.76,1613.2,655.4,72.1,1551.0,0.0,0.0,66654.0,50109.0
2023-09-09,maitri,24,-15.36,27.7,0,0.267,2.27,1590.5,685.4,71.5,1533.0,0.0,0.0,65969.0,50038.0
2023-09-10,maitri,26,-14.19,37.3,0,0.437,1.34,1629.6,707.1,79.9,1725.0,0.0,0.0,65262.0,49958.0
2023-09-11,maitri,24,-8.76,44.2,0,0.372,1.63,1548.1,666.0,70.5,1569.0,0.0,0.0,64596.0,49887.0
2023-09-12,maitri,26,-12.97,29.2,0,0.302,2.43,1593.3,689.6,77.1,1675.0,0.0,0.0,63906.0,49810.0
2023-09-13,maitri,26,-14.02,43.2,0,0.181,0.0,1683.8,705.8,74.9,1560.0,0.0,0.0,63200.0,49736.0
2023-09-14,maitri,25,-11.58,10.0,0,0.327,2.01,1515.3,611.6,72.3,1590.0,0.0,0.0,62589.0,49663.0
2023-09-15,maitri,24,-10.65,52.0,0,0.422,1.37,1529.5,650.3,72.5,1595.0,0.0,0.0,61938.0,49591.0
2023-09-16,maitri,25,-12.45,31.1,0,0.352,0.96,1623.2,663.3,76.0,1708.0,0.0,0.0,61275.0,49515.0
2023-09-17,maitri,25,-13.12,41.7,0,0.32,1.84,1635.8,676.1,72.1,1595.0,0.0,0.0,60599.0,49443.0
2023-09-18,maitri,25,-17.61,15.8,0,0.204,2.46,1522.9,638.5,77.1,1627.0,0.0,0.0,59961.0,49365.0
2023-09-19,maitri,25,-17.62,18.6,0,0.404,2.33,1515.0,658.0,78.9,1711.0,0.0,0.0,59303.0,49286.0
2023-09-20,maitri,23,-17.7,27.9,0,0.0,1.51,1538.0,668.7,69.7,1406.0,0.0,0.0,58634.0,49217.0
2023-09-21,maitri,26,-16.13,26.0,0,0.346,2.21,1576.0,744.2,80.0,1760.0,0.0,0.0,57890.0,49137.0
2023-09-22,maitri,25,-17.34,29.4,0,0.608,2.21,1619.4,673.6,80.4,1798.0,0.0,0.0,57216.0,49056.0
2023-09-23,maitri,25,-15.01,41.0,0,0.119,1.54,1631.7,704.9,79.0,1633.0,0.0,0.0,56511.0,48977.0
2023-09-24,maitri,25,-11.33,12.4,0,0.271,1.11,1461.0,570.6,73.6,1610.0,0.0,0.0,55940.0,48904.0
2023-09-25,maitri,25,-11.03,38.9,0,0.299,1.16,1510.3,639.8,72.2,1729.0,0.0,0.0,55301.0,48832.0
2023-09-26,maitri,24,-10.13,25.9,0,0.244,2.19,1478.6,618.3,67.6,1481.0,0.0,0.0,54682.0,48764.0
2023-09-27,maitri,23,-10.31,23.6,0,0.424,1.57,1425.7,617.3,73.1,1633.0,0.0,0.0,54065.0,48691.0
2023-09-28,maitri,25,-10.6,13.8,0,0.357,0.87,1484.0,590.5,78.9,1652.0,0.0,0.0,53474.0,48612.0
2023-09-29,maitri,25,-13.11,31.5,0,0.318,0.42,1499.9,632.9,73.2,1687.0,0.0,0.0,52842.0,48539.0
2023-09-30,maitri,25,-11.82,9.2,0,0.396,2.18,1485.4,601.9,73.9,1609.0,0.0,0.0,52240.0,48465.0
2023-10-01,maitri,24,-12.05,33.3,0,0.302,1.22,1547.7,628.0,71.1,1588.0,0.0,0.0,51612.0,48394.0
2023-10-02,maitri,25,-5.2,13.5,0,0.687,1.9,1452.8,563.3,78.8,1766.0,0.0,0.0,51048.0,48315.0
2023-10-03,maitri,24,-1.21,25.7,0,0.33,2.62,1318.6,529.7,66.0,1428.0,0.0,0.0,50519.0,48249.0
2023-10-04,maitri,24,-1.71,23.9,0,0.342,0.92,1309.3,519.3,64.9,1483.0,0.0,0.0,49999.0,48184.0
2023-10-05,maitri,25,-5.76,40.8,0,0.12,1.9,1472.6,626.9,76.0,1394.0,0.0,0.0,49373.0,48108.0
2023-10-06,maitri,26,-10.17,23.1,0,0.267,1.9,1525.1,626.8,77.6,1622.0,0.0,0.0,48746.0,48030.0
2023-10-07,maitri,25,-6.38,18.5,0,0.476,2.37,1448.5,585.4,75.6,1575.0,0.0,0.0,48160.0,47955.0
2023-10-08,maitri,25,-6.21,20.0,0,0.185,3.06,1396.3,553.5,71.5,1514.0,0.0,0.0,47607.0,47883.0
2023-10-09,maitri,27,-5.35,42.0,0,0.093,1.35,1527.1,635.5,77.6,1773.0,0.0,0.0,46971.0,47806.0
2023-10-10,maitri,26,-11.72,30.7,0,0.363,2.77,1617.5,669.5,74.8,1776.0,97200.0,0.0,143502.0,47731.0
2023-10-11,maitri,26,-8.37,20.8,0,0.531,3.18,1496.8,637.8,76.7,1622.0,0.0,0.0,142864.0,47654.0
2023-10-12,maitri,25,-7.1,22.1,0,0.378,2.42,1386.5,604.6,74.2,1625.0,0.0,0.0,142260.0,47580.0
2023-10-13,maitri,25,-11.03,12.6,0,0.339,2.54,1490.0,612.7,69.9,1650.0,0.0,0.0,141647.0,47510.0
2023-10-14,maitri,24,-12.18,28.5,0,0.164,3.02,1572.8,652.1,70.0,1481.0,0.0,0.0,140995.0,47440.0
2023-10-15,maitri,27,-10.74,11.5,0,0.448,3.06,1485.0,616.6,80.8,1761.0,0.0,0.0,140378.0,47359.0
2023-10-16,maitri,27,-10.19,32.9,0,0.48,3.31,1579.0,680.8,81.1,1774.0,0.0,0.0,139697.0,47278.0
2023-10-17,maitri,26,-10.82,25.2,0,0.194,3.39,1506.8,640.4,75.2,1539.0,0.0,0.0,139057.0,47203.0
2023-10-18,maitri,26,-10.7,64.9,1,0.55,0.24,1735.9,724.6,77.3,1665.0,0.0,0.0,138332.0,47126.0
2023-10-19,maitri,27,-11.04,14.9,0,0.513,3.87,1548.6,659.6,78.1,1783.0,0.0,0.0,137673.0,47048.0
2023-10-20,maitri,25,-10.0,22.6,0,0.564,4.08,1537.0,663.6,76.8,1676.0,0.0,0.0,137009.0,46971.0
2023-10-21,maitri,26,-4.89,50.1,0,0.505,3.48,1537.6,648.4,76.6,1633.0,0.0,0.0,136361.0,46894.0
2023-10-22,maitri,26,-13.59,38.7,0,0.52,2.4,1675.0,682.5,77.0,1686.0,0.0,0.0,135678.0,46817.0
2023-10-23,maitri,29,-13.23,17.4,0,0.511,3.45,1608.4,683.4,89.4,1893.0,0.0,0.0,134995.0,46728.0
2023-10-24,maitri,28,-11.59,25.6,0,0.56,3.75,1581.9,659.5,85.4,1906.0,0.0,0.0,134335.0,46643.0
2023-10-25,maitri,26,-9.82,23.2,0,0.244,2.91,1473.8,721.5,75.5,1619.0,0.0,0.0,133614.0,46567.0
2023-10-26,maitri,26,-10.48,26.0,0,0.289,3.54,1452.4,728.5,72.3,1737.0,0.0,0.0,132886.0,46495.0
2023-10-27,maitri,28,-15.43,17.2,0,0.387,2.9,1615.5,735.8,87.4,1771.0,0.0,0.0,132150.0,46407.0
2023-10-28,maitri,27,-12.78,22.1,0,0.467,4.4,1648.4,701.1,79.5,1780.0,0.0,0.0,131449.0,46328.0
2023-10-29,maitri,27,-6.09,11.7,0,0.536,4.17,1498.8,620.4,81.1,1726.0,0.0,0.0,130828.0,46247.0
2023-10-30,maitri,30,-11.02,24.1,0,0.535,2.99,1657.9,697.0,89.6,1989.0,0.0,0.0,130131.0,46157.0
2023-10-31,maitri,29,-7.35,27.4,0,0.637,4.48,1561.1,659.8,87.5,1848.0,0.0,0.0,129471.0,46070.0
2023-11-01,maitri,29,-8.13,20.5,0,0.647,4.28,1554.6,611.3,92.0,2041.0,0.0,0.0,128860.0,45978.0
2023-11-02,maitri,28,-7.89,11.4,0,0.411,4.77,1559.1,666.2,84.8,1673.0,0.0,0.0,128194.0,45893.0
2023-11-03,maitri,29,-10.83,33.9,0,0.551,4.22,1726.7,736.9,91.9,2013.0,0.0,0.0,127457.0,45801.0
2023-11-04,maitri,29,-10.91,26.0,0,0.427,4.01,1666.2,673.3,88.5,1863.0,0.0,0.0,126784.0,45712.0
2023-11-05,maitri,29,-5.72,16.4,0,0.513,4.12,1554.4,615.1,87.6,1883.0,0.0,0.0,126169.0,45625.0
2023-11-06,maitri,30,-3.72,19.7,0,0.58,4.37,1525.8,622.1,84.8,1999.0,0.0,0.0,125547.0,45540.0
2023-11-07,maitri,28,1.62,11.7,0,0.139,4.84,1378.9,555.4,76.2,1663.0,0.0,0.0,124991.0,45464.0
2023-11-08,maitri,31,4.25,14.3,0,0.844,5.01,1417.5,535.4,90.9,1922.0,0.0,0.0,124456.0,45373.0
2023-11-09,maitri,30,4.08,17.5,0,0.629,4.86,1360.2,542.5,89.6,1892.0,0.0,0.0,123913.0,45283.0
2023-11-10,maitri,31,8.14,36.5,0,0.496,4.78,1342.2,480.6,84.4,1944.0,0.0,0.0,123433.0,45199.0
2023-11-11,maitri,29,7.32,16.6,0,0.805,4.91,1345.5,489.3,84.3,1770.0,0.0,0.0,122943.0,45115.0
2023-11-12,maitri,30,7.93,28.3,0,0.538,6.99,1342.7,494.3,84.0,1923.0,0.0,0.0,122449.0,45031.0
2023-11-13,maitri,30,4.85,17.2,0,0.602,4.77,1346.0,505.8,88.7,1862.0,0.0,0.0,121943.0,44942.0
2023-11-14,maitri,31,3.52,23.8,0,0.533,5.0,1443.9,588.1,88.1,1852.0,0.0,0.0,121355.0,44854.0
2023-11-15,maitri,31,0.0,20.2,0,0.796,7.78,1496.1,661.0,95.4,1936.0,0.0,0.0,120694.0,44758.0
2023-11-16,maitri,31,2.55,30.8,0,0.591,5.84,1436.4,583.8,85.1,1893.0,0.0,0.0,120110.0,44673.0
2023-11-17,maitri,31,-2.27,17.0,0,0.628,4.66,1516.8,595.7,87.9,1834.0,0.0,0.0,119515.0,44585.0
2023-11-18,maitri,31,0.07,10.9,0,0.76,6.29,1492.4,593.2,86.5,1957.0,0.0,0.0,118921.0,44499.0
2023-11-19,maitri,32,-1.09,11.8,0,0.691,5.14,1518.0,609.0,97.7,2009.0,0.0,0.0,118312.0,44401.0
2023-11-20,maitri,31,2.34,16.8,0,0.62,6.49,1495.7,565.2,91.9,1848.0,0.0,0.0,117747.0,44309.0
2023-11-21,maitri,32,3.83,12.4,0,0.766,5.78,1402.2,538.1,96.3,2056.0,0.0,0.0,117209.0,44213.0
2023-11-22,maitri,33,8.5,24.8,0,0.943,5.69,1364.6,536.4,94.2,2046.0,0.0,0.0,116673.0,44119.0
2023-11-23,maitri,32,8.87,17.1,0,0.682,7.19,1382.5,510.9,88.6,1881.0,0.0,0.0,116162.0,44030.0
2023-11-24,maitri,34,1.83,56.2,0,0.663,6.53,1628.4,651.1,99.2,2072.0,0.0,0.0,115511.0,43931.0
2023-11-25,maitri,32,0.89,9.9,0,0.675,6.89,1526.4,607.2,98.4,2029.0,0.0,0.0,114903.0,43832.0
2023-11-26,maitri,33,-3.39,22.4,0,0.817,6.58,1591.6,663.9,106.2,2149.0,0.0,0.0,114239.0,43726.0
2023-11-27,maitri,33,-4.79,12.8,0,0.593,6.03,1575.2,632.8,101.4,2034.0,0.0,0.0,113607.0,43625.0
2023-11-28,maitri,32,0.59,16.6,0,0.637,6.84,1513.0,611.9,94.9,2003.0,0.0,0.0,112995.0,43530.0
2023-11-29,maitri,35,2.22,21.6,0,0.49,7.32,1537.9,628.0,104.2,2086.0,0.0,0.0,112367.0,43426.0
2023-11-30,maitri,34,-0.7,7.6,0,0.538,6.63,1636.9,784.7,98.6,2001.0,0.0,0.0,111582.0,43327.0
2023-12-01,maitri,34,-4.07,22.4,0,0.623,7.86,1621.8,784.5,100.9,2120.0,0.0,0.0,110798.0,43226.0
2023-12-02,maitri,33,-3.48,44.9,0,0.683,7.26,1670.5,820.7,99.1,2144.0,0.0,0.0,109977.0,43127.0
2023-12-03,maitri,34,-6.96,16.6,0,0.907,6.87,1790.7,762.0,103.7,2305.0,0.0,0.0,109215.0,43023.0
2023-12-04,maitri,34,-8.05,22.4,0,0.763,6.96,1688.5,701.7,105.0,2205.0,0.0,0.0,108513.0,42918.0
2023-12-05,maitri,35,-5.78,30.8,0,0.594,6.94,1732.0,695.7,102.1,2256.0,0.0,0.0,107817.0,42816.0
2023-12-06,maitri,35,-1.21,18.6,0,0.621,6.03,1637.3,654.3,106.8,2094.0,0.0,0.0,107163.0,42709.0
2023-12-07,maitri,35,0.82,15.6,0,0.877,6.9,1625.7,661.1,107.4,2155.0,0.0,0.0,106502.0,42602.0
2023-12-08,maitri,36,-6.78,7.6,0,0.852,7.17,1738.2,711.4,117.2,2330.0,0.0,0.0,105791.0,42485.0
2023-12-09,maitri,36,-4.69,25.9,0,0.724,6.78,1717.0,704.1,104.4,2413.0,0.0,0.0,105086.0,42381.0
2023-12-10,maitri,36,-3.71,18.8,0,0.672,7.36,1677.9,658.1,114.9,2276.0,0.0,0.0,104428.0,42266.0
2023-12-11,maitri,34,-1.79,12.8,0,0.864,7.19,1587.1,642.7,99.0,2176.0,0.0,0.0,103786.0,42167.0
2023-12-12,maitri,35,3.65,20.7,0,0.613,7.76,1550.2,637.8,97.2,2230.0,0.0,0.0,103148.0,42069.0
2023-12-13,maitri,35,-3.65,15.3,0,0.783,7.74,1741.8,678.7,104.8,2221.0,0.0,0.0,102469.0,41965.0
2023-12-14,maitri,36,-4.91,15.6,1,1.0,2.31,1808.8,738.2,117.8,2573.0,0.0,0.0,101731.0,41847.0
2023-12-15,maitri,36,-2.14,25.1,0,0.768,6.41,1684.4,735.1,109.6,2238.0,0.0,0.0,100996.0,41737.0
2023-12-16,maitri,35,-6.81,11.1,0,0.654,8.67,1726.7,772.5,106.0,2154.0,0.0,0.0,100223.0,41631.0
2023-12-17,maitri,36,-0.85,30.1,0,0.8,7.36,1630.9,674.6,106.0,2261.0,0.0,0.0,99549.0,41525.0
2023-12-18,maitri,35,0.52,10.7,0,0.697,7.44,1579.7,638.2,99.4,2155.0,0.0,0.0,98911.0,41426.0
2023-12-19,maitri,36,3.18,14.6,0,0.59,7.3,1604.0,631.5,107.2,2103.0,0.0,0.0,98279.0,41318.0
2023-12-20,maitri,35,0.83,43.2,0,0.844,7.24,1711.4,671.8,107.8,2429.0,0.0,0.0,97607.0,41211.0
2023-12-21,maitri,37,3.36,30.8,0,0.897,8.7,1596.6,614.8,115.0,2337.0,0.0,0.0,96992.0,41096.0
2023-12-22,maitri,37,6.25,20.0,0,0.728,8.62,1530.4,605.0,107.7,2259.0,0.0,0.0,96387.0,40988.0
2023-12-23,maitri,38,5.96,12.9,0,0.723,8.0,1665.9,620.0,101.1,2240.0,0.0,0.0,95767.0,40887.0
2023-12-24,maitri,38,5.74,15.3,0,0.656,7.65,1580.9,639.7,104.7,2212.0,0.0,0.0,95128.0,40782.0
2023-12-25,maitri,37,5.68,19.7,0,0.756,8.19,1632.8,664.6,108.7,2320.0,0.0,0.0,94463.0,40674.0
2023-12-26,maitri,38,2.01,19.3,0,0.708,7.84,1648.3,691.6,110.5,2187.0,0.0,0.0,93772.0,40563.0
2023-12-27,maitri,36,1.3,18.3,0,0.657,7.68,1609.5,624.8,103.8,2119.0,0.0,0.0,93147.0,40459.0
2023-12-28,maitri,36,0.72,18.7,0,1.0,8.08,1616.8,663.5,106.7,2302.0,0.0,0.0,92483.0,40353.0
2023-12-29,maitri,38,1.96,17.3,0,0.838,7.56,1687.8,675.9,116.8,2476.0,0.0,0.0,91807.0,40236.0
2023-12-30,maitri,36,4.95,10.3,0,0.853,8.07,1607.4,632.5,107.4,2198.0,0.0,0.0,91175.0,40128.0
2023-12-31,maitri,37,0.83,15.2,0,0.892,8.07,1603.0,637.7,113.5,2373.0,0.0,0.0,90537.0,40015.0
2024-01-01,maitri,37,0.45,27.7,0,0.881,8.37,1654.1,701.6,109.8,2342.0,0.0,0.0,89836.0,39905.0
2024-01-02,maitri,38,5.28,10.6,0,0.74,7.54,1626.5,616.7,110.7,2397.0,0.0,0.0,89219.0,39794.0
2024-01-03,maitri,37,2.12,17.4,0,0.824,8.49,1615.8,648.9,105.9,2178.0,0.0,0.0,88570.0,39688.0
2024-01-04,maitri,38,-0.72,13.3,0,0.761,7.37,1663.6,631.7,113.6,2429.0,0.0,0.0,87938.0,39575.0
2024-01-05,maitri,38,0.24,19.7,0,0.847,7.62,1718.0,693.0,106.2,2368.0,0.0,0.0,87245.0,39469.0
2024-01-06,maitri,39,3.08,16.0,0,0.836,7.67,1701.0,650.3,110.4,2479.0,0.0,0.0,86595.0,39358.0
2024-01-07,maitri,38,2.74,34.9,0,0.75,7.3,1643.5,662.2,110.8,2259.0,0.0,0.0,85933.0,39247.0
2024-01-08,maitri,37,6.69,23.2,0,0.638,8.77,1549.3,610.2,112.8,2190.0,0.0,0.0,85322.0,39135.0
2024-01-09,maitri,38,8.41,10.8,0,0.815,7.39,1496.2,563.8,103.3,2267.0,0.0,0.0,84759.0,39031.0
2024-01-10,maitri,37,9.78,24.8,0,0.774,7.59,1464.2,550.0,100.9,2118.0,0.0,0.0,84209.0,38930.0
2024-01-11,maitri,38,9.98,13.5,1,0.572,3.31,1550.7,541.1,105.5,2081.0,0.0,0.0,83668.0,38825.0
2024-01-12,maitri,38,15.82,14.7,0,0.86,7.69,1417.9,493.0,110.4,2148.0,0.0,0.0,83175.0,38715.0
2024-01-13,maitri,40,12.5,21.4,0,0.916,7.97,1490.4,518.5,114.0,2363.0,0.0,0.0,82656.0,38601.0
2024-01-14,maitri,38,4.02,15.2,0,1.0,7.39,1596.7,628.3,116.8,2326.0,0.0,0.0,82028.0,38484.0
2024-01-15,maitri,38,8.61,27.2,0,0.753,8.68,1503.1,567.2,107.0,2226.0,0.0,0.0,81460.0,38377.0
2024-01-16,maitri,38,5.78,13.5,0,0.735,8.69,1599.3,595.0,108.1,2137.0,0.0,0.0,80865.0,38269.0
2024-01-17,maitri,38,5.26,14.4,0,0.667,8.61,1509.5,579.1,109.4,2238.0,0.0,0.0,80286.0,38159.0
2024-01-18,maitri,38,8.67,14.2,0,0.825,8.47,1499.9,576.8,106.9,2357.0,0.0,0.0,79710.0,38052.0
2024-01-19,maitri,38,2.15,14.8,0,0.823,8.14,1569.7,626.2,115.6,2413.0,0.0,0.0,79083.0,37937.0
2024-01-20,maitri,39,-2.08,29.7,0,0.701,7.71,1770.0,674.3,111.5,2410.0,0.0,0.0,78409.0,37825.0
2024-01-21,maitri,37,-6.67,24.4,0,0.777,7.5,1681.1,703.9,117.5,2401.0,0.0,0.0,77705.0,37708.0
2024-01-22,maitri,39,-7.86,38.5,0,0.56,8.97,1859.9,828.9,118.3,2363.0,0.0,0.0,76876.0,37589.0
2024-01-23,maitri,38,-4.9,48.7,0,0.907,8.59,1919.2,796.8,117.5,2603.0,0.0,0.0,76080.0,37472.0
2024-01-24,maitri,38,-2.2,12.2,0,0.703,7.55,1775.1,697.4,108.6,2543.0,0.0,0.0,75382.0,37363.0
2024-01-25,maitri,38,-0.79,19.4,0,0.79,8.05,1612.7,681.2,111.1,2392.0,0.0,0.0,74701.0,37252.0
2024-01-26,maitri,40,-5.05,11.5,0,0.622,7.8,1798.5,740.6,125.0,2714.0,0.0,0.0,73960.0,37127.0
2024-01-27,maitri,37,-11.43,13.6,0,0.722,7.2,1754.0,759.7,115.1,2349.0,0.0,0.0,73201.0,37012.0
2024-01-28,maitri,38,-9.09,14.5,0,0.756,8.09,1743.9,675.1,119.4,2347.0,0.0,0.0,72526.0,36893.0
2024-01-29,maitri,37,-8.87,12.1,0,0.787,7.66,1766.9,770.7,112.6,2345.0,0.0,0.0,71755.0,36780.0
2024-01-30,maitri,39,-5.73,12.1,0,0.844,7.26,1839.0,747.5,120.9,2484.0,0.0,0.0,71007.0,36659.0
2024-01-31,maitri,38,-2.38,17.8,0,0.958,6.87,1746.2,746.4,112.8,2655.0,0.0,0.0,70261.0,36546.0
2024-02-01,maitri,37,-1.45,11.4,0,0.871,6.78,1647.9,638.4,113.2,2334.0,0.0,0.0,69623.0,36433.0
2024-02-02,maitri,38,1.29,27.0,0,0.896,7.59,1708.2,642.0,115.9,2317.0,0.0,0.0,68981.0,36317.0
2024-02-03,maitri,37,1.82,12.9,0,0.952,7.77,1544.2,617.8,113.1,2274.0,0.0,0.0,68363.0,36204.0
2024-02-04,maitri,37,3.21,61.9,0,0.845,7.18,1658.5,668.1,106.9,2390.0,0.0,0.0,67695.0,36097.0
2024-02-05,maitri,38,0.39,15.8,0,0.77,8.22,1634.3,670.7,112.3,2442.0,0.0,0.0,67024.0,35985.0
2024-02-06,maitri,37,-0.27,19.7,0,0.893,7.69,1664.8,690.4,114.3,2312.0,0.0,0.0,66334.0,35870.0
2024-02-07,maitri,37,0.39,11.1,0,0.898,8.1,1643.6,653.1,111.5,2197.0,0.0,0.0,65681.0,35759.0
2024-02-08,maitri,37,2.91,39.2,1,0.844,2.17,1688.7,614.6,109.1,2211.0,0.0,0.0,65066.0,35650.0
2024-02-09,maitri,37,1.07,30.7,0,0.589,7.08,1641.0,668.4,114.1,2378.0,0.0,0.0,64398.0,35536.0
2024-02-10,maitri,37,2.48,21.8,0,0.66,7.67,1610.3,633.7,104.8,2301.0,0.0,0.0,63764.0,35431.0
2024-02-11,maitri,36,1.1,11.0,0,0.725,6.67,1628.7,626.6,110.1,2235.0,0.0,0.0,63137.0,35321.0
2024-02-12,maitri,36,0.42,21.1,0,0.848,7.89,1633.3,679.8,104.8,2430.0,0.0,0.0,62458.0,35216.0
2024-02-13,maitri,38,2.88,12.1,0,0.749,6.81,1617.1,646.1,113.9,2487.0,0.0,0.0,61812.0,35102.0
2024-02-14,maitri,35,-4.16,35.9,0,0.884,8.07,1734.3,756.0,110.6,2278.0,0.0,0.0,61056.0,34992.0
2024-02-15,maitri,36,-7.71,27.3,0,0.902,7.14,1802.8,747.8,111.6,2373.0,0.0,0.0,60308.0,34880.0
2024-02-16,maitri,36,-11.24,20.3,0,0.885,8.08,1758.2,708.4,110.6,2351.0,0.0,0.0,59599.0,34769.0
2024-02-17,maitri,37,-16.88,7.0,0,0.882,6.5,1861.5,766.2,113.2,2474.0,0.0,0.0,58833.0,34656.0
2024-02-18,maitri,35,-16.23,13.0,0,0.609,6.76,1846.5,758.3,108.0,2176.0,0.0,0.0,58075.0,34548.0
2024-02-19,maitri,35,-11.14,26.2,0,0.788,7.45,1726.5,746.0,112.0,2194.0,0.0,0.0,57329.0,34436.0
2024-02-20,maitri,34,-10.31,32.8,0,0.653,7.95,1838.3,774.3,101.8,2076.0,0.0,0.0,56555.0,34334.0
2024-02-21,maitri,35,-8.09,31.5,0,0.524,8.25,1681.8,735.7,106.1,2287.0,0.0,0.0,55819.0,34228.0
2024-02-22,maitri,34,-3.45,10.1,0,0.683,7.06,1608.9,634.1,98.0,2041.0,0.0,0.0,55185.0,34130.0
2024-02-23,maitri,34,1.1,22.5,0,0.872,8.26,1536.7,609.1,101.7,2324.0,0.0,0.0,54576.0,34028.0
2024-02-24,maitri,33,0.34,30.5,0,0.764,6.71,1663.0,690.1,95.2,2038.0,0.0,0.0,53886.0,33933.0
2024-02-25,maitri,35,4.24,10.0,0,0.947,7.63,1527.5,578.6,104.3,2352.0,0.0,0.0,53307.0,33829.0
2024-02-26,maitri,34,3.38,20.0,0,0.721,6.14,1504.1,587.6,97.9,2072.0,0.0,0.0,52719.0,33731.0
2024-02-27,maitri,33,-0.32,22.5,0,0.989,7.04,1564.0,655.9,97.9,2054.0,0.0,0.0,52064.0,33633.0
2024-02-28,maitri,35,-2.6,17.8,0,0.712,5.04,1640.5,762.2,103.4,2312.0,0.0,0.0,51301.0,33530.0
2024-02-29,maitri,33,-7.33,9.3,0,0.689,5.83,1637.3,782.9,98.5,2244.0,0.0,0.0,50518.0,33431.0
2024-03-01,maitri,34,-9.34,17.7,0,0.528,6.88,1684.4,821.6,99.3,2090.0,0.0,0.0,49697.0,33332.0
2024-03-02,maitri,33,-9.31,17.7,0,0.809,5.57,1540.5,770.8,106.9,2166.0,0.0,0.0,48926.0,33225.0
2024-03-03,maitri,35,-5.6,19.2,0,0.611,6.72,1674.2,719.7,104.5,2138.0,0.0,0.0,48206.0,33121.0
2024-03-04,maitri,34,0.35,16.2,0,0.588,6.99,1562.7,634.8,93.1,2079.0,0.0,0.0,47572.0,33028.0
2024-03-05,maitri,32,-4.72,17.1,0,0.815,5.94,1642.3,631.5,96.7,2108.0,0.0,0.0,46940.0,32931.0
2024-03-06,maitri,32,-3.23,20.3,0,0.795,5.55,1631.9,646.1,100.3,2055.0,97200.0,0.0,143494.0,32831.0
2024-03-07,maitri,33,-6.62,24.9,0,0.786,5.82,1656.3,704.2,99.8,2029.0,0.0,0.0,142790.0,32731.0
2024-03-08,maitri,32,-4.58,18.3,0,0.601,5.41,1618.2,644.0,100.5,1990.0,0.0,0.0,142146.0,32630.0
2024-03-09,maitri,32,-4.87,17.5,0,0.633,5.94,1548.1,674.5,94.1,2094.0,0.0,0.0,141471.0,32536.0
2024-03-10,maitri,33,-10.58,21.7,0,0.627,6.01,1725.9,724.5,103.5,2128.0,0.0,0.0,140747.0,32433.0
2024-03-11,maitri,31,-6.46,9.4,0,0.722,5.65,1571.0,645.4,98.2,2007.0,0.0,0.0,140101.0,32335.0
2024-03-12,maitri,32,-8.01,25.7,0,0.809,6.97,1614.2,721.0,101.2,2057.0,0.0,0.0,139380.0,32233.0
2024-03-13,maitri,32,-9.09,21.1,0,0.661,5.22,1643.4,683.8,94.6,2043.0,0.0,0.0,138697.0,32139.0
2024-03-14,maitri,32,-11.71,21.6,0,0.848,6.62,1755.3,748.6,98.9,2276.0,0.0,0.0,137948.0,32040.0
2024-03-15,maitri,31,-12.56,31.9,0,0.713,4.84,1721.5,758.0,100.9,1991.0,0.0,0.0,137190.0,31939.0
2024-03-16,maitri,31,-9.83,9.4,0,0.571,5.54,1688.4,660.3,92.6,2059.0,0.0,0.0,136530.0,31846.0
2024-03-17,maitri,29,-9.59,9.4,0,0.693,6.24,1553.5,652.7,92.5,1936.0,0.0,0.0,135877.0,31754.0
2024-03-18,maitri,30,-7.77,24.2,0,0.792,6.13,1647.7,712.5,92.1,2025.0,0.0,0.0,135164.0,31662.0
2024-03-19,maitri,31,-6.2,21.5,0,0.821,4.96,1575.4,653.8,96.5,2007.0,0.0,0.0,134511.0,31565.0
2024-03-20,maitri,30,-1.87,23.3,0,0.717,5.56,1524.1,650.3,86.4,1912.0,0.0,0.0,133860.0,31479.0
2024-03-21,maitri,30,-3.68,17.9,0,0.572,5.39,1531.6,597.9,87.7,1904.0,0.0,0.0,133262.0,31391.0
2024-03-22,maitri,31,-8.82,28.9,0,0.536,4.63,1671.7,664.7,91.6,1953.0,0.0,0.0,132598.0,31300.0
2024-03-23,maitri,29,-4.93,32.5,0,0.625,5.36,1568.5,676.2,88.0,1899.0,0.0,0.0,131921.0,31211.0
2024-03-24,maitri,29,-6.24,27.0,0,0.751,6.15,1538.9,678.1,89.5,1958.0,0.0,0.0,131243.0,31122.0
2024-03-25,maitri,30,-2.72,19.8,0,0.595,5.09,1545.0,621.1,90.4,2054.0,0.0,0.0,130622.0,31032.0
2024-03-26,maitri,29,-2.2,9.2,0,0.591,5.08,1545.2,617.8,84.7,1862.0,0.0,0.0,130004.0,30947.0
2024-03-27,maitri,30,-3.46,30.8,0,0.537,5.07,1527.6,650.4,86.4,1769.0,0.0,0.0,129354.0,30860.0
2024-03-28,maitri,30,-2.99,37.4,0,0.485,3.49,1488.8,599.8,88.6,1948.0,0.0,0.0,128754.0,30772.0
2024-03-29,maitri,29,2.5,29.4,0,0.498,4.75,1441.5,558.1,80.4,1761.0,0.0,0.0,128196.0,30691.0
2024-03-30,maitri,30,7.37,15.6,0,0.527,3.63,1339.3,493.0,86.4,1918.0,0.0,0.0,127703.0,30605.0
2024-03-31,maitri,27,4.9,30.0,0,0.71,3.84,1343.4,532.5,77.9,1806.0,0.0,0.0,127171.0,30527.0
2024-04-01,maitri,28,3.14,32.6,0,0.469,5.68,1412.9,549.6,78.7,1676.0,0.0,0.0,126621.0,30449.0
2024-04-02,maitri,28,4.59,43.9,0,0.497,3.9,1373.8,535.9,80.2,1745.0,0.0,0.0,126085.0,30368.0
2024-04-03,maitri,27,-0.4,15.8,0,0.38,3.48,1383.4,543.4,77.1,1620.0,0.0,0.0,125542.0,30291.0
2024-04-04,maitri,28,-0.75,20.9,0,0.563,4.71,1431.6,586.9,78.1,1770.0,0.0,0.0,124955.0,30213.0
2024-04-05,maitri,27,-2.22,31.6,0,0.635,3.15,1521.7,609.4,77.9,1792.0,0.0,0.0,124346.0,30135.0
2024-04-06,maitri,28,-2.37,23.7,0,0.659,3.42,1473.7,581.6,86.4,1885.0,0.0,0.0,123764.0,30049.0
2024-04-07,maitri,28,-6.2,14.5,0,0.481,4.52,1458.1,630.1,83.7,1843.0,0.0,0.0,123134.0,29965.0
2024-04-08,maitri,27,-11.79,27.8,0,0.519,3.58,1533.9,653.4,78.7,1784.0,0.0,0.0,122480.0,29886.0
2024-04-09,maitri,26,-17.95,29.9,0,0.425,2.37,1633.1,703.7,81.3,1882.0,0.0,0.0,121777.0,29805.0
2024-04-10,maitri,26,-19.98,24.4,0,0.5,3.76,1580.6,673.5,80.3,1736.0,0.0,0.0,121103.0,29725.0
2024-04-11,maitri,27,-19.57,25.9,0,0.467,3.01,1587.9,687.7,82.2,1706.0,0.0,0.0,120416.0,29643.0
2024-04-12,maitri,27,-18.74,21.3,0,0.43,4.27,1645.9,730.8,81.0,1702.0,0.0,0.0,119685.0,29562.0
2024-04-13,maitri,24,-10.95,44.3,0,0.432,2.68,1583.3,696.0,74.8,1661.0,0.0,0.0,118989.0,29487.0
2024-04-14,maitri,27,-7.25,16.4,0,0.463,3.75,1478.7,624.0,76.1,1728.0,0.0,0.0,118365.0,29411.0
2024-04-15,maitri,26,-10.87,18.7,0,0.367,4.17,1517.4,658.4,76.1,1678.0,0.0,0.0,117706.0,29335.0
2024-04-16,maitri,25,-9.68,24.2,0,0.366,2.24,1490.9,664.5,74.9,1575.0,0.0,0.0,117042.0,29260.0
2024-04-17,maitri,27,-11.16,34.9,0,0.593,2.61,1629.3,673.6,87.3,1771.0,0.0,0.0,116368.0,29172.0
2024-04-18,maitri,25,-12.0,12.9,0,0.707,2.93,1538.6,607.6,79.6,1681.0,0.0,0.0,115761.0,29093.0
2024-04-19,maitri,25,-11.23,14.0,0,0.23,1.97,1385.0,566.4,72.1,1597.0,0.0,0.0,115194.0,29021.0
2024-04-20,maitri,26,-9.24,10.4,0,0.217,2.67,1469.2,588.3,79.7,1605.0,0.0,0.0,114606.0,28941.0
2024-04-21,maitri,27,-10.7,24.9,0,0.246,2.23,1559.7,630.3,76.6,1711.0,0.0,0.0,113975.0,28864.0
2024-04-22,maitri,27,-7.44,15.4,0,0.342,2.13,1472.3,597.0,80.3,1715.0,0.0,0.0,113378.0,28784.0
2024-04-23,maitri,26,-11.86,21.0,0,0.455,2.25,1528.2,664.6,80.3,1678.0,0.0,0.0,112714.0,28704.0
2024-04-24,maitri,26,-11.85,32.7,0,0.411,2.18,1599.9,708.7,76.7,1605.0,0.0,0.0,112005.0,28627.0
2024-04-25,maitri,26,-3.57,19.0,0,0.354,2.15,1415.7,573.2,77.0,1531.0,0.0,0.0,111432.0,28550.0
2024-04-26,maitri,24,-4.42,27.5,0,0.39,1.53,1455.6,623.0,69.1,1695.0,0.0,0.0,110809.0,28481.0
2024-04-27,maitri,26,-1.27,22.1,0,0.237,1.47,1417.9,543.3,75.0,1645.0,0.0,0.0,110266.0,28406.0
2024-04-28,maitri,24,-3.01,33.3,0,0.284,1.69,1387.3,538.1,65.1,1553.0,0.0,0.0,109728.0,28341.0
2024-04-29,maitri,25,-2.91,30.8,0,0.304,1.66,1400.7,583.2,72.6,1506.0,0.0,0.0,109144.0,28268.0
2024-04-30,maitri,25,-4.89,18.9,0,0.11,1.29,1296.5,501.7,70.0,1493.0,0.0,0.0,108643.0,28198.0
2024-05-01,maitri,25,-6.91,23.7,0,0.161,1.83,1422.6,573.6,74.5,1480.0,0.0,0.0,108069.0,28124.0
2024-05-02,maitri,25,-10.55,39.5,0,0.165,0.33,1489.5,641.9,73.1,1477.0,0.0,0.0,107427.0,28051.0
2024-05-03,maitri,23,-9.69,30.2,0,0.392,1.09,1467.9,613.5,71.5,1471.0,0.0,0.0,106814.0,27979.0
2024-05-04,maitri,25,-13.12,14.3,0,0.329,1.4,1510.8,618.7,76.5,1690.0,0.0,0.0,106195.0,27903.0
2024-05-05,maitri,26,-11.11,33.9,0,0.373,1.0,1590.6,638.1,77.8,1722.0,0.0,0.0,105557.0,27825.0
2024-05-06,maitri,25,-8.14,16.4,0,0.079,2.74,1483.4,608.6,73.4,1454.0,0.0,0.0,104948.0,27752.0
2024-05-07,maitri,25,-8.04,46.9,0,0.122,1.61,1527.5,670.6,73.7,1501.0,0.0,0.0,104278.0,27678.0
2024-05-08,maitri,26,-10.08,40.0,0,0.38,1.72,1665.1,692.4,79.0,1712.0,0.0,0.0,103585.0,27599.0
2024-05-09,maitri,25,-9.41,29.5,0,0.0,1.26,1486.5,604.5,66.6,1457.0,0.0,0.0,102981.0,27532.0
2024-05-10,maitri,25,-11.32,28.0,0,0.447,1.59,1474.1,603.7,73.6,1645.0,0.0,0.0,102377.0,27459.0
2024-05-11,maitri,26,-8.94,24.1,0,0.081,0.75,1460.4,583.5,78.0,1588.0,0.0,0.0,101794.0,27381.0
2024-05-12,maitri,25,-15.88,35.0,0,0.401,1.48,1588.0,697.2,73.8,1673.0,0.0,0.0,101096.0,27307.0
2024-05-13,maitri,24,-16.8,22.6,0,0.193,0.94,1544.4,661.8,74.0,1544.0,0.0,0.0,100435.0,27233.0
2024-05-14,maitri,23,-22.88,29.3,0,0.426,1.41,1560.3,680.5,73.7,1536.0,0.0,0.0,99754.0,27159.0
2024-05-15,maitri,25,-26.31,38.3,0,0.685,0.0,1721.8,708.1,79.6,1750.0,0.0,0.0,99046.0,27079.0
2024-05-16,maitri,26,-20.0,21.1,0,0.027,0.81,1575.7,679.7,72.9,1545.0,0.0,0.0,98366.0,27007.0
2024-05-17,maitri,25,-16.35,20.6,0,0.383,2.62,1526.9,643.5,75.3,1559.0,0.0,0.0,97723.0,26931.0
2024-05-18,maitri,26,-18.56,16.2,0,0.083,2.18,1599.9,691.7,82.5,1612.0,0.0,0.0,97031.0,26849.0
2024-05-19,maitri,25,-22.89,17.2,0,0.351,2.52,1621.7,686.5,75.8,1713.0,0.0,0.0,96345.0,26773.0
2024-05-20,maitri,26,-31.16,12.5,0,0.275,2.57,1718.9,719.0,79.8,1646.0,0.0,0.0,95626.0,26693.0
2024-05-21,maitri,25,-30.21,36.7,0,0.316,2.07,1718.1,786.7,76.4,1694.0,0.0,0.0,94839.0,26617.0
2024-05-22,maitri,25,-19.97,58.0,0,0.191,1.28,1793.6,860.5,78.6,1646.0,0.0,0.0,93979.0,26538.0
2024-05-23,maitri,25,-17.95,49.5,0,0.394,0.87,1633.5,746.1,76.6,1554.0,0.0,0.0,93232.0,26462.0
2024-05-24,maitri,26,-19.51,13.8,0,0.126,2.4,1524.9,660.4,76.7,1621.0,0.0,0.0,92572.0,26385.0
2024-05-25,maitri,24,-17.53,37.1,0,0.449,1.65,1560.7,701.0,77.6,1712.0,0.0,0.0,91871.0,26307.0
2024-05-26,maitri,25,-22.41,49.8,0,0.251,3.35,1731.7,758.5,78.2,1663.0,0.0,0.0,91113.0,26229.0
2024-05-27,maitri,26,-22.39,22.7,0,0.132,1.34,1665.2,688.2,76.7,1546.0,0.0,0.0,90424.0,26152.0
2024-05-28,maitri,26,-21.13,28.7,0,0.491,2.98,1631.3,672.3,78.9,1802.0,0.0,0.0,89752.0,26073.0
2024-05-29,maitri,25,-20.71,11.9,0,0.292,1.49,1556.2,693.1,79.6,1595.0,0.0,0.0,89059.0,25994.0
2024-05-30,maitri,25,-17.58,31.0,0,0.529,2.54,1602.1,736.3,78.3,1741.0,0.0,0.0,88323.0,25916.0
2024-05-31,maitri,26,-16.47,17.7,0,0.447,2.79,1592.8,684.5,76.7,1684.0,0.0,0.0,87638.0,25839.0
2024-06-01,maitri,26,-14.54,30.2,0,0.204,0.88,1560.8,664.9,73.6,1634.0,0.0,0.0,86973.0,25765.0
2024-06-02,maitri,25,-17.32,14.5,0,0.29,1.26,1524.4,611.4,73.6,1591.0,0.0,0.0,86362.0,25692.0
2024-06-03,maitri,25,-14.54,35.1,0,0.315,0.88,1530.2,657.1,72.8,1616.0,0.0,0.0,85705.0,25619.0
2024-06-04,maitri,26,-9.95,43.0,0,0.483,0.74,1566.0,695.2,74.1,1667.0,0.0,0.0,85010.0,25545.0
2024-06-05,maitri,27,-14.51,20.2,0,0.353,2.07,1616.7,675.4,79.3,1728.0,0.0,0.0,84334.0,25466.0
2024-06-06,maitri,26,-18.01,17.4,0,0.321,1.46,1580.7,654.4,77.4,1624.0,0.0,0.0,83680.0,25388.0
2024-06-07,maitri,25,-13.79,11.4,0,0.276,1.64,1481.3,582.8,74.0,1627.0,0.0,0.0,83097.0,25314.0
2024-06-08,maitri,25,-15.23,25.2,0,0.294,1.99,1595.7,705.9,79.5,1623.0,0.0,0.0,82391.0,25235.0
2024-06-09,maitri,25,-11.32,22.1,0,0.457,0.3,1479.3,606.0,75.3,1553.0,0.0,0.0,81785.0,25159.0
2024-06-10,maitri,25,-14.04,14.8,0,0.3,2.5,1567.7,619.3,74.9,1666.0,0.0,0.0,81166.0,25084.0
2024-06-11,maitri,25,-10.21,34.3,0,0.253,1.36,1576.1,638.5,75.0,1563.0,0.0,0.0,80527.0,25009.0
2024-06-12,maitri,24,-11.33,23.5,0,0.232,1.97,1471.2,599.6,70.5,1524.0,0.0,0.0,79928.0,24939.0
2024-06-13,maitri,26,-11.85,18.1,0,0.234,2.03,1453.9,610.6,78.0,1676.0,0.0,0.0,79317.0,24861.0
2024-06-14,maitri,24,-8.12,22.6,0,0.132,2.56,1504.1,624.9,69.8,1482.0,0.0,0.0,78692.0,24791.0
2024-06-15,maitri,25,-11.23,44.8,0,0.21,1.53,1588.4,671.9,74.0,1630.0,0.0,0.0,78020.0,24717.0
2024-06-16,maitri,25,-15.66,36.9,0,0.48,0.11,1599.9,697.5,84.0,1657.0,0.0,0.0,77323.0,24633.0
2024-06-17,maitri,27,-17.72,27.1,0,0.275,1.64,1667.2,708.5,84.4,1798.0,0.0,0.0,76614.0,24549.0
2024-06-18,maitri,25,-16.54,37.2,0,0.385,1.74,1647.5,737.7,74.3,1655.0,0.0,0.0,75877.0,24474.0
2024-06-19,maitri,24,-22.05,17.6,0,0.003,0.88,1595.8,670.5,72.4,1518.0,0.0,0.0,75206.0,24402.0
2024-06-20,maitri,25,-19.52,29.2,0,0.368,1.7,1585.6,761.6,75.4,1680.0,0.0,0.0,74444.0,24327.0
2024-06-21,maitri,26,-21.23,30.7,0,0.281,1.35,1666.7,710.8,81.0,1769.0,0.0,0.0,73734.0,24246.0
2024-06-22,maitri,23,-17.24,23.7,0,0.242,0.66,1465.6,616.9,66.8,1529.0,0.0,0.0,73117.0,24179.0
2024-06-23,maitri,24,-25.31,34.7,0,0.322,2.07,1690.2,734.4,72.4,1581.0,0.0,0.0,72382.0,24106.0
2024-06-24,maitri,27,-26.8,20.8,0,0.241,1.21,1668.4,715.9,84.6,1722.0,0.0,0.0,71666.0,24022.0
2024-06-25,maitri,25,-30.91,35.9,0,0.045,1.32,1728.1,739.5,78.8,1590.0,0.0,49700.0,70927.0,73643.0
2024-06-26,maitri,24,-31.53,36.5,0,0.411,1.28,1715.3,784.6,77.8,1609.0,0.0,0.0,70142.0,73565.0
2024-06-27,maitri,25,-28.62,8.5,0,0.329,2.46,1623.7,661.0,80.7,1617.0,0.0,0.0,69481.0,73484.0
2024-06-28,maitri,25,-27.6,47.9,0,0.262,1.57,1730.9,800.7,78.8,1534.0,0.0,0.0,68681.0,73406.0
2024-06-29,maitri,26,-27.01,8.1,0,0.184,1.66,1671.7,673.2,80.6,1596.0,0.0,0.0,68007.0,73325.0
2024-06-30,maitri,26,-26.23,22.5,0,0.124,1.29,1705.2,724.7,78.3,1783.0,0.0,0.0,67283.0,73247.0
2024-07-01,maitri,25,-24.43,44.8,0,0.327,1.92,1706.3,791.2,79.8,1625.0,0.0,0.0,66491.0,73167.0
2024-07-02,maitri,25,-26.85,25.5,0,0.494,2.54,1684.1,800.2,82.3,1843.0,0.0,0.0,65691.0,73085.0
2024-07-03,maitri,26,-23.34,15.8,0,0.324,2.05,1639.3,678.9,80.6,1741.0,0.0,0.0,65012.0,73004.0
2024-07-04,maitri,24,-20.61,18.4,0,0.134,2.08,1540.9,667.9,72.2,1525.0,0.0,0.0,64344.0,72932.0
2024-07-05,maitri,24,-19.27,44.9,0,0.327,2.02,1594.1,711.7,77.4,1503.0,0.0,0.0,63633.0,72855.0
2024-07-06,maitri,24,-17.62,13.0,0,0.294,0.63,1475.1,603.6,73.1,1567.0,0.0,0.0,63029.0,72781.0
2024-07-07,maitri,24,-17.1,47.0,0,0.404,0.99,1613.6,701.6,74.1,1709.0,0.0,0.0,62327.0,72707.0
2024-07-08,maitri,24,-11.11,28.6,0,0.373,1.46,1416.7,624.6,73.2,1647.0,0.0,0.0,61703.0,72634.0
2024-07-09,maitri,24,-13.0,17.7,0,0.0,1.09,1512.3,615.4,69.3,1464.0,0.0,0.0,61087.0,72565.0
2024-07-10,maitri,25,-15.25,22.9,0,0.365,0.85,1555.9,697.2,74.4,1571.0,0.0,0.0,60390.0,72490.0
2024-07-11,maitri,24,-18.52,19.1,0,0.18,0.29,1524.1,651.5,73.2,1483.0,0.0,0.0,59739.0,72417.0
2024-07-12,maitri,22,-22.1,42.1,0,0.129,0.66,1525.8,680.6,66.6,1374.0,0.0,0.0,59058.0,72351.0
2024-07-13,maitri,24,-25.71,39.8,0,0.277,1.42,1613.7,733.1,78.8,1665.0,0.0,0.0,58325.0,72272.0
2024-07-14,maitri,25,-27.53,14.2,0,0.349,1.55,1628.2,684.7,80.5,1779.0,0.0,0.0,57640.0,72191.0
2024-07-15,maitri,25,-26.4,24.7,0,0.103,1.04,1712.7,755.6,74.9,1609.0,0.0,0.0,56885.0,72116.0
2024-07-16,maitri,26,-24.18,20.4,0,0.385,1.66,1605.1,665.6,83.3,1721.0,0.0,0.0,56219.0,72033.0
2024-07-17,maitri,25,-23.26,50.4,0,0.392,1.3,1789.4,768.8,79.0,1773.0,0.0,0.0,55450.0,71954.0
2024-07-18,maitri,26,-25.12,16.6,0,0.306,2.36,1614.0,691.3,84.2,1659.0,0.0,0.0,54759.0,71870.0
2024-07-19,maitri,25,-21.31,57.4,0,0.196,1.49,1755.7,814.5,74.9,1612.0,0.0,0.0,53945.0,71795.0
2024-07-20,maitri,25,-18.69,28.9,0,0.182,2.09,1640.6,737.1,75.9,1619.0,0.0,0.0,53207.0,71719.0
2024-07-21,maitri,24,-19.42,18.0,0,0.423,1.74,1534.4,689.1,74.4,1568.0,0.0,0.0,52518.0,71645.0
2024-07-22,maitri,25,-21.58,22.0,0,0.119,0.62,1554.3,681.1,75.7,1550.0,0.0,0.0,51837.0,71569.0
2024-07-23,maitri,24,-19.51,20.9,0,0.428,1.54,1609.0,683.6,72.7,1578.0,0.0,0.0,51154.0,71496.0
2024-07-24,maitri,25,-18.96,17.1,0,0.28,0.74,1561.0,671.7,77.7,1708.0,0.0,0.0,50482.0,71419.0
2024-07-25,maitri,25,-23.73,30.4,0,0.288,1.52,1695.7,715.6,78.4,1762.0,0.0,0.0,49766.0,71340.0
2024-07-26,maitri,24,-23.22,17.4,0,0.095,1.08,1532.5,629.4,75.5,1532.0,0.0,0.0,49137.0,71265.0
2024-07-27,maitri,26,-21.74,11.7,1,0.282,0.75,1710.8,705.7,80.0,1681.0,0.0,0.0,48431.0,71185.0
2024-07-28,maitri,25,-24.23,24.9,0,0.374,0.66,1642.8,687.7,77.3,1642.0,0.0,0.0,47744.0,71107.0
2024-07-29,maitri,25,-22.78,13.7,0,0.14,1.61,1599.6,679.2,77.8,1597.0,0.0,0.0,47064.0,71030.0
2024-07-30,maitri,25,-26.84,21.2,0,0.36,2.0,1636.2,722.5,76.8,1650.0,97200.0,0.0,143542.0,70953.0
2024-07-31,maitri,25,-21.23,19.9,0,0.311,2.24,1560.5,777.4,79.7,1640.0,0.0,0.0,142764.0,70873.0
2024-08-01,maitri,24,-16.9,20.2,0,0.223,1.07,1513.6,748.9,74.7,1563.0,0.0,0.0,142015.0,70799.0
2024-08-02,maitri,25,-18.14,67.3,1,0.403,0.49,1798.8,931.3,80.2,1638.0,0.0,0.0,141084.0,70718.0
2024-08-03,maitri,25,-17.18,29.7,0,0.036,1.73,1609.6,698.0,74.6,1529.0,0.0,0.0,140386.0,70644.0
2024-08-04,maitri,24,-25.24,32.1,0,0.342,2.68,1641.7,734.8,74.0,1601.0,0.0,0.0,139651.0,70570.0
2024-08-05,maitri,24,-27.84,13.7,0,0.494,0.56,1555.7,673.8,77.0,1650.0,0.0,0.0,138978.0,70493.0
2024-08-06,maitri,25,-27.19,22.0,0,0.473,0.96,1576.2,683.5,80.6,1693.0,0.0,0.0,138294.0,70412.0
2024-08-07,maitri,25,-29.13,31.6,0,0.347,3.56,1628.0,754.7,77.6,1730.0,0.0,0.0,137539.0,70335.0
2024-08-08,maitri,24,-24.99,18.8,0,0.264,1.41,1606.7,753.3,77.4,1490.0,0.0,0.0,136786.0,70257.0
2024-08-09,maitri,27,-17.48,42.2,0,0.224,0.28,1641.9,715.5,83.0,1813.0,0.0,0.0,136071.0,70174.0
2024-08-10,maitri,26,-21.46,17.4,0,0.264,1.19,1615.4,693.2,77.7,1697.0,0.0,0.0,135377.0,70096.0
2024-08-11,maitri,26,-23.62,25.5,0,0.365,0.0,1659.1,691.6,85.9,1768.0,0.0,0.0,134686.0,70011.0
2024-08-12,maitri,26,-21.95,22.4,0,0.203,1.77,1612.8,721.2,79.6,1715.0,0.0,0.0,133965.0,69931.0
2024-08-13,maitri,26,-16.15,30.7,0,0.391,2.17,1628.2,716.9,77.2,1664.0,0.0,0.0,133248.0,69854.0
2024-08-14,maitri,24,-20.45,21.9,0,0.556,0.96,1579.6,692.4,74.1,1610.0,0.0,0.0,132555.0,69780.0
2024-08-15,maitri,23,-19.25,25.5,0,0.293,1.27,1439.0,647.0,73.6,1462.0,0.0,0.0,131908.0,69706.0
2024-08-16,maitri,25,-13.21,25.8,0,0.139,2.25,1506.1,667.6,77.8,1539.0,0.0,0.0,131241.0,69628.0
2024-08-17,maitri,25,-19.35,20.9,0,0.139,0.37,1575.1,690.3,77.5,1621.0,0.0,0.0,130550.0,69551.0
2024-08-18,maitri,25,-23.19,34.9,0,0.393,0.67,1743.9,758.9,81.4,1645.0,0.0,0.0,129791.0,69469.0
2024-08-19,maitri,25,-23.57,31.4,0,0.293,1.44,1725.0,746.7,80.3,1684.0,0.0,0.0,129045.0,69389.0
2024-08-20,maitri,26,-24.17,27.3,0,0.405,1.07,1613.2,728.2,83.1,1607.0,0.0,0.0,128317.0,69306.0
2024-08-21,maitri,25,-20.37,23.6,0,0.236,1.39,1571.9,663.3,77.0,1596.0,0.0,0.0,127653.0,69229.0
2024-08-22,maitri,26,-19.07,39.4,0,0.4,0.72,1616.4,695.5,81.8,1794.0,0.0,0.0,126958.0,69147.0
2024-08-23,maitri,24,-24.43,25.5,0,0.281,1.75,1669.0,727.0,76.1,1580.0,0.0,0.0,126231.0,69071.0
2024-08-24,maitri,24,-21.47,24.7,0,0.212,1.5,1615.4,664.6,71.6,1512.0,0.0,0.0,125566.0,68999.0
2024-08-25,maitri,26,-22.52,29.3,0,0.252,1.98,1671.1,750.6,81.7,1652.0,0.0,0.0,124816.0,68918.0
2024-08-26,maitri,25,-17.44,57.1,0,0.156,1.74,1711.0,747.9,78.3,1420.0,0.0,0.0,124068.0,68839.0
2024-08-27,maitri,25,-19.33,15.9,0,0.539,1.74,1633.4,675.1,78.2,1651.0,0.0,0.0,123393.0,68761.0
2024-08-28,maitri,25,-20.89,38.5,0,0.288,0.59,1715.4,737.6,76.1,1698.0,0.0,0.0,122655.0,68685.0
2024-08-29,maitri,24,-18.37,12.6,0,0.377,1.94,1580.8,663.8,75.1,1564.0,0.0,0.0,121991.0,68610.0
2024-08-30,maitri,24,-15.57,30.4,0,0.236,1.37,1563.3,665.3,70.8,1514.0,0.0,0.0,121326.0,68539.0
2024-08-31,maitri,24,-14.26,53.7,0,0.174,1.48,1610.3,716.2,68.5,1394.0,0.0,0.0,120610.0,68471.0
2024-09-01,maitri,24,-19.99,33.9,0,0.272,2.33,1640.0,725.0,76.0,1483.0,0.0,0.0,119885.0,68395.0
2024-09-02,maitri,25,-17.54,29.6,0,0.432,1.1,1631.4,686.0,76.3,1739.0,0.0,0.0,119199.0,68318.0
2024-09-03,maitri,25,-20.54,21.7,0,0.238,2.55,1570.9,673.5,76.4,1654.0,0.0,0.0,118525.0,68242.0
2024-09-04,maitri,26,-18.91,27.8,0,0.196,2.61,1599.4,726.0,77.2,1583.0,0.0,0.0,117799.0,68165.0
2024-09-05,maitri,25,-22.86,24.6,0,0.319,2.13,1662.7,679.3,80.6,1618.0,0.0,0.0,117120.0,68084.0
2024-09-06,maitri,25,-20.08,19.6,0,0.36,0.91,1640.6,683.6,79.3,1655.0,0.0,0.0,116436.0,68005.0
2024-09-07,maitri,24,-21.79,24.1,0,0.497,0.07,1562.2,662.4,75.2,1581.0,0.0,0.0,115774.0,67930.0
2024-09-08,maitri,25,-24.69,29.5,0,0.342,2.36,1645.5,745.1,75.4,1556.0,0.0,0.0,115029.0,67854.0
2024-09-09,maitri,25,-20.64,19.6,0,0.377,1.68,1593.4,654.7,76.8,1655.0,0.0,0.0,114374.0,67777.0
2024-09-10,maitri,26,-18.81,19.2,0,0.386,1.08,1607.7,665.3,81.7,1752.0,0.0,0.0,113709.0,67696.0
2024-09-11,maitri,25,-20.02,15.2,0,0.162,2.42,1541.0,664.4,76.0,1626.0,0.0,0.0,113044.0,67620.0
2024-09-12,maitri,26,-14.37,31.6,0,0.184,1.0,1658.5,714.4,77.6,1681.0,0.0,0.0,112330.0,67542.0
2024-09-13,maitri,25,-15.77,33.6,0,0.17,1.3,1598.5,694.4,75.1,1492.0,0.0,0.0,111636.0,67467.0
2024-09-14,maitri,26,-15.37,29.4,0,0.14,1.97,1602.5,662.4,79.0,1625.0,0.0,0.0,110973.0,67388.0
2024-09-15,maitri,25,-14.25,39.9,0,0.395,0.82,1676.3,697.4,76.1,1625.0,0.0,0.0,110276.0,67312.0
2024-09-16,maitri,24,-16.15,27.5,0,0.335,1.52,1528.0,679.4,74.1,1568.0,0.0,0.0,109596.0,67238.0
2024-09-17,maitri,25,-14.19,31.2,0,0.31,2.36,1558.4,651.6,73.2,1600.0,0.0,0.0,108945.0,67165.0
2024-09-18,maitri,26,-15.77,29.9,0,0.0,1.75,1530.8,665.3,82.1,1542.0,0.0,0.0,108279.0,67082.0
2024-09-19,maitri,25,-16.64,25.3,0,0.547,2.47,1570.3,680.4,77.5,1530.0,0.0,0.0,107599.0,67005.0
2024-09-20,maitri,25,-11.65,21.0,0,0.193,2.39,1430.2,606.1,74.2,1626.0,0.0,0.0,106993.0,66931.0
2024-09-21,maitri,25,-15.21,66.2,1,0.546,0.49,1815.7,856.9,79.1,1713.0,0.0,0.0,106136.0,66852.0
2024-09-22,maitri,24,-22.49,21.5,0,0.126,0.0,1579.2,665.1,71.8,1455.0,0.0,0.0,105471.0,66780.0
2024-09-23,maitri,25,-15.56,19.6,0,0.203,0.83,1512.1,643.8,74.9,1612.0,0.0,0.0,104827.0,66705.0
2024-09-24,maitri,25,-6.84,31.0,0,0.036,2.13,1447.0,591.8,70.8,1459.0,0.0,0.0,104235.0,66634.0
2024-09-25,maitri,25,-9.11,28.7,0,0.343,0.51,1520.4,629.3,72.3,1571.0,0.0,0.0,103606.0,66562.0
2024-09-26,maitri,26,-15.84,14.2,0,0.168,1.37,1504.0,647.0,78.6,1589.0,0.0,0.0,102959.0,66483.0
2024-09-27,maitri,24,-16.13,41.0,1,0.171,0.72,1647.4,696.9,68.3,1549.0,0.0,0.0,102262.0,66415.0
2024-09-28,maitri,25,-16.25,24.5,0,0.135,2.63,1572.4,678.7,78.5,1524.0,0.0,0.0,101583.0,66336.0
2024-09-29,maitri,26,-16.01,15.9,0,0.393,1.2,1494.5,612.8,81.6,1641.0,0.0,0.0,100970.0,66255.0
2024-09-30,maitri,26,-18.74,41.8,0,0.385,1.15,1716.5,720.0,81.9,1786.0,0.0,0.0,100250.0,66173.0
2024-10-01,maitri,25,-15.53,32.8,0,0.522,1.63,1531.3,690.8,73.7,1677.0,0.0,0.0,99560.0,66099.0
2024-10-02,maitri,25,-13.04,14.8,0,0.229,2.0,1493.8,613.3,72.7,1572.0,0.0,0.0,98946.0,66027.0
2024-10-03,maitri,25,-17.42,52.9,0,0.345,1.73,1647.7,692.9,79.8,1680.0,0.0,0.0,98253.0,65947.0
2024-10-04,maitri,23,-13.97,33.0,0,0.17,2.66,1565.3,719.2,77.3,1419.0,0.0,0.0,97534.0,65869.0
2024-10-05,maitri,24,-6.77,24.8,0,0.292,1.46,1379.5,558.4,72.7,1484.0,0.0,0.0,96976.0,65797.0
2024-10-06,maitri,25,-6.86,48.4,0,0.276,2.19,1462.4,628.0,75.3,1576.0,0.0,0.0,96348.0,65721.0
2024-10-07,maitri,25,-8.52,26.4,0,0.401,2.5,1484.4,653.6,75.8,1525.0,0.0,0.0,95694.0,65646.0
2024-10-08,maitri,26,-9.23,24.3,0,0.474,2.0,1493.8,618.1,76.5,1706.0,0.0,0.0,95076.0,65569.0
2024-10-09,maitri,26,-7.36,18.6,0,0.478,2.96,1416.2,588.5,80.2,1638.0,0.0,0.0,94488.0,65489.0
2024-10-10,maitri,25,-13.29,31.2,0,0.265,2.56,1569.4,652.0,72.4,1642.0,0.0,0.0,93836.0,65417.0
2024-10-11,maitri,25,-12.06,29.8,1,0.493,1.32,1509.9,609.6,73.7,1692.0,0.0,0.0,93226.0,65343.0
2024-10-12,maitri,26,-12.8,24.4,0,0.375,2.77,1506.6,645.1,75.7,1707.0,0.0,0.0,92581.0,65267.0
2024-10-13,maitri,26,-6.21,17.3,0,0.348,2.99,1427.3,593.9,78.6,1544.0,0.0,0.0,91987.0,65189.0
2024-10-14,maitri,26,-7.24,25.4,0,0.309,2.37,1507.4,625.2,76.2,1621.0,0.0,0.0,91362.0,65112.0
2024-10-15,maitri,26,-2.16,23.3,0,0.333,2.46,1446.9,564.9,74.9,1535.0,0.0,0.0,90797.0,65037.0
2024-10-16,maitri,28,-6.83,13.7,0,0.616,3.85,1562.6,631.9,85.0,1831.0,0.0,0.0,90165.0,64952.0
2024-10-17,maitri,25,-5.22,12.8,0,0.451,3.53,1411.6,546.8,71.5,1479.0,0.0,0.0,89618.0,64881.0
2024-10-18,maitri,26,-4.72,30.1,0,0.442,2.46,1378.9,584.5,75.1,1566.0,0.0,0.0,89034.0,64806.0
2024-10-19,maitri,27,-8.08,7.9,0,0.396,3.39,1513.4,614.6,78.9,1789.0,0.0,0.0,88419.0,64727.0
2024-10-20,maitri,26,-7.46,25.7,0,0.728,1.69,1562.8,668.2,76.9,1786.0,0.0,0.0,87751.0,64650.0
2024-10-21,maitri,28,-3.6,19.2,1,0.598,0.63,1568.5,593.0,82.4,1781.0,0.0,0.0,87158.0,64568.0
2024-10-22,maitri,28,-5.32,40.5,0,0.362,4.2,1568.5,643.3,79.4,1686.0,0.0,0.0,86514.0,64488.0
2024-10-23,maitri,27,-11.08,18.9,0,0.422,3.53,1491.0,634.4,83.0,1679.0,0.0,0.0,85880.0,64405.0
2024-10-24,maitri,27,-10.41,30.6,0,0.436,3.79,1548.8,661.1,83.2,1757.0,0.0,0.0,85219.0,64322.0
2024-10-25,maitri,27,-12.66,19.5,0,0.486,1.68,1634.7,674.2,79.6,1753.0,0.0,0.0,84545.0,64243.0
2024-10-26,maitri,28,-12.69,24.1,0,0.392,3.61,1537.3,664.4,84.1,1901.0,0.0,0.0,83880.0,64159.0
2024-10-27,maitri,28,-11.84,31.2,0,0.535,4.21,1573.8,661.0,90.9,1829.0,0.0,0.0,83219.0,64068.0
2024-10-28,maitri,28,-16.31,18.8,0,0.663,4.38,1668.5,679.6,86.0,1912.0,0.0,0.0,82540.0,63982.0
2024-10-29,maitri,28,-19.66,34.6,0,0.338,4.82,1690.3,769.8,87.4,1735.0,0.0,0.0,81770.0,63894.0
2024-10-30,maitri,29,-15.66,14.9,0,0.367,4.09,1582.1,706.9,88.8,1844.0,0.0,0.0,81063.0,63805.0
2024-10-31,maitri,28,-15.56,25.5,0,0.451,4.2,1697.0,729.9,89.2,1848.0,0.0,0.0,80333.0,63716.0
2024-11-01,maitri,28,-21.99,33.1,0,0.463,3.47,1751.1,792.8,88.8,1848.0,0.0,0.0,79540.0,63627.0
2024-11-02,maitri,27,-16.51,29.5,0,0.762,4.35,1639.7,746.5,85.3,1852.0,0.0,0.0,78794.0,63542.0
2024-11-03,maitri,30,-13.63,49.9,0,0.649,3.69,1722.7,766.6,94.1,2025.0,0.0,0.0,78027.0,63448.0
2024-11-04,maitri,29,-14.39,16.1,0,0.649,3.37,1719.4,689.5,91.2,2056.0,0.0,0.0,77337.0,63357.0
2024-11-05,maitri,30,-16.92,12.4,0,0.51,3.98,1673.2,706.9,93.2,1987.0,0.0,0.0,76631.0,63264.0
2024-11-06,maitri,28,-12.07,14.5,0,0.514,5.88,1632.7,720.3,82.5,1911.0,0.0,0.0,75910.0,63181.0
2024-11-07,maitri,31,-9.62,29.0,0,0.38,4.72,1682.9,718.7,96.2,1988.0,0.0,0.0,75192.0,63085.0
2024-11-08,maitri,29,-1.08,27.0,0,0.655,5.15,1466.4,614.9,88.9,1927.0,0.0,0.0,74577.0,62996.0
2024-11-09,maitri,30,-0.32,22.7,0,0.626,4.71,1466.4,580.4,85.7,1853.0,0.0,0.0,73996.0,62910.0
2024-11-10,maitri,31,0.22,13.5,0,0.728,3.9,1555.6,590.1,91.4,1959.0,0.0,0.0,73406.0,62819.0
2024-11-11,maitri,30,-1.08,29.8,0,0.554,5.89,1567.5,637.1,87.4,1863.0,0.0,0.0,72769.0,62731.0
2024-11-12,maitri,30,1.02,12.9,0,0.569,3.79,1387.9,540.2,84.2,1898.0,0.0,0.0,72229.0,62647.0
2024-11-13,maitri,31,2.17,34.9,0,0.612,5.0,1516.8,621.6,85.1,1972.0,0.0,0.0,71607.0,62562.0
2024-11-14,maitri,33,5.14,71.0,1,0.705,1.6,1598.6,553.0,93.4,2031.0,0.0,0.0,71054.0,62469.0
2024-11-15,maitri,31,1.92,24.9,0,0.427,5.71,1429.6,576.4,87.2,1919.0,0.0,0.0,70478.0,62381.0
2024-11-16,maitri,33,-0.41,27.1,0,0.698,5.12,1584.4,628.3,94.0,2036.0,0.0,0.0,69850.0,62287.0
2024-11-17,maitri,32,-2.43,17.2,0,0.613,4.41,1504.7,578.4,95.7,2079.0,0.0,0.0,69271.0,62192.0
2024-11-18,maitri,32,-0.01,9.9,0,0.494,5.21,1496.2,599.4,96.0,2025.0,0.0,0.0,68672.0,62096.0
2024-11-19,maitri,31,4.27,16.3,1,0.377,1.23,1432.2,501.8,88.6,1866.0,0.0,0.0,68170.0,62007.0
2024-11-20,maitri,33,1.55,13.2,0,0.616,5.38,1502.6,579.1,95.8,2041.0,0.0,0.0,67591.0,61911.0
2024-11-21,maitri,31,-0.56,11.4,0,0.812,6.67,1514.3,645.5,88.5,2059.0,0.0,0.0,66945.0,61823.0
2024-11-22,maitri,34,0.11,42.8,0,0.845,5.22,1596.4,665.5,104.8,2105.0,0.0,0.0,66280.0,61718.0
2024-11-23,maitri,33,-1.11,23.2,0,0.692,6.35,1637.7,668.1,98.9,2096.0,0.0,0.0,65612.0,61619.0
2024-11-24,maitri,31,1.74,24.2,0,0.89,6.32,1514.9,612.9,94.4,2032.0,0.0,0.0,64999.0,61525.0
2024-11-25,maitri,33,-6.15,18.1,0,0.654,6.95,1708.5,700.2,106.4,2020.0,0.0,0.0,64299.0,61418.0
2024-11-26,maitri,34,-8.03,19.1,0,0.779,6.25,1682.4,743.7,103.2,2265.0,0.0,0.0,63555.0,61315.0
2024-11-27,maitri,33,-9.42,30.6,0,0.616,6.96,1688.0,749.3,92.9,2039.0,0.0,0.0,62806.0,61222.0
2024-11-28,maitri,34,-15.45,20.1,0,0.613,6.35,1841.8,762.1,103.3,2197.0,0.0,0.0,62044.0,61119.0
2024-11-29,maitri,33,-16.03,25.4,0,0.599,6.84,1741.1,735.6,105.1,2176.0,0.0,0.0,61308.0,61014.0
2024-11-30,maitri,33,-16.33,18.6,1,0.438,0.93,1773.4,722.1,101.9,2069.0,0.0,0.0,60586.0,60912.0
2024-12-01,maitri,34,-14.28,17.5,0,0.844,4.82,1796.2,742.1,105.1,2303.0,0.0,0.0,59844.0,60807.0
2024-12-02,maitri,34,-8.36,11.1,0,0.617,6.99,1632.2,655.6,99.6,2183.0,0.0,0.0,59188.0,60707.0
2024-12-03,maitri,34,-7.84,8.7,0,0.603,7.09,1706.2,709.3,102.5,2108.0,0.0,0.0,58479.0,60605.0
2024-12-04,maitri,35,-9.91,17.9,0,0.562,7.18,1748.1,728.6,103.1,2274.0,0.0,0.0,57750.0,60502.0
2024-12-05,maitri,34,-8.47,20.4,0,0.683,6.54,1744.7,735.8,106.4,2142.0,0.0,0.0,57015.0,60395.0
2024-12-06,maitri,35,-3.73,11.6,0,0.924,8.0,1702.6,701.4,107.2,2480.0,0.0,0.0,56313.0,60288.0
2024-12-07,maitri,35,-6.3,19.5,0,0.968,6.69,1758.6,704.7,108.3,2319.0,0.0,0.0,55609.0,60180.0
2024-12-08,maitri,34,-8.19,20.2,0,0.521,7.36,1671.7,723.9,100.4,2060.0,0.0,0.0,54885.0,60079.0
2024-12-09,maitri,34,-5.01,8.0,0,0.682,7.54,1609.1,654.0,104.0,2096.0,0.0,0.0,54231.0,59975.0
2024-12-10,maitri,35,-4.89,13.4,0,0.605,8.38,1751.9,708.0,105.4,2288.0,0.0,0.0,53523.0,59870.0
2024-12-11,maitri,37,-1.99,23.3,0,0.851,7.0,1629.9,655.4,113.6,2323.0,0.0,0.0,52867.0,59756.0
2024-12-12,maitri,36,-1.72,23.0,0,0.771,6.82,1601.6,677.0,109.3,2168.0,0.0,0.0,52190.0,59647.0
2024-12-13,maitri,34,0.81,12.0,0,0.664,6.27,1581.7,613.6,99.9,2171.0,0.0,0.0,51577.0,59547.0
2024-12-14,maitri,33,-2.66,20.8,0,0.752,8.45,1660.2,718.2,96.8,2085.0,0.0,0.0,50858.0,59450.0
2024-12-15,maitri,37,-2.21,29.8,0,0.69,7.71,1713.3,742.6,108.5,2361.0,0.0,0.0,50116.0,59342.0
2024-12-16,maitri,36,-2.47,26.9,0,0.944,7.77,1734.9,693.4,110.0,2415.0,0.0,0.0,49422.0,59232.0
2024-12-17,maitri,37,-5.88,18.6,0,0.819,9.68,1651.5,653.3,121.9,2409.0,0.0,0.0,48769.0,59110.0
2024-12-18,maitri,36,-9.78,15.8,0,0.837,7.77,1740.0,757.8,109.0,2580.0,0.0,0.0,48011.0,59001.0
2024-12-19,maitri,37,-5.77,14.8,0,0.44,6.67,1633.4,667.4,108.2,2131.0,0.0,0.0,47344.0,58893.0
2024-12-20,maitri,37,-5.79,23.4,0,0.755,7.48,1776.2,713.4,114.0,2298.0,96900.0,0.0,143531.0,58779.0
2024-12-21,maitri,36,-7.94,20.8,0,1.0,6.97,1685.5,697.5,113.7,2387.0,0.0,0.0,142833.0,58665.0
2024-12-22,maitri,36,-6.73,24.9,0,0.928,7.41,1691.2,706.1,116.9,2569.0,0.0,0.0,142127.0,58548.0
2024-12-23,maitri,37,-1.81,20.2,0,0.549,7.44,1685.6,708.3,107.9,2405.0,0.0,0.0,141419.0,58440.0
2024-12-24,maitri,37,-8.67,26.9,0,0.736,7.35,1839.3,771.7,114.0,2496.0,0.0,0.0,140647.0,58326.0
2024-12-25,maitri,37,-11.78,19.8,0,0.632,6.81,1789.4,783.2,117.7,2314.0,0.0,0.0,139864.0,58209.0
2024-12-26,maitri,38,-12.49,26.4,0,0.984,8.93,1902.1,830.3,129.8,2495.0,0.0,0.0,139033.0,58079.0
2024-12-27,maitri,37,-5.43,27.4,0,0.81,8.06,1776.7,733.9,119.1,2311.0,0.0,0.0,138300.0,57960.0
2024-12-28,maitri,36,-3.41,13.5,0,0.69,7.71,1661.7,670.7,108.1,2205.0,0.0,0.0,137629.0,57852.0
2024-12-29,maitri,39,-0.19,8.9,0,0.789,8.43,1656.1,673.6,116.9,2554.0,0.0,0.0,136955.0,57735.0
2024-12-30,maitri,37,-3.65,36.1,0,0.473,8.25,1757.8,755.6,109.1,2234.0,0.0,0.0,136200.0,57626.0
2024-12-31,maitri,37,-6.41,21.0,0,0.658,8.14,1763.5,757.6,113.2,2331.0,0.0,0.0,135442.0,57513.0
2025-01-01,maitri,37,-3.69,9.2,0,0.793,8.43,1743.3,699.1,110.2,2421.0,0.0,0.0,134743.0,57402.0
2025-01-02,maitri,38,-2.67,14.0,0,0.892,8.06,1733.9,702.3,120.2,2294.0,0.0,0.0,134041.0,57282.0
2025-01-03,maitri,37,-0.26,26.0,0,0.559,8.46,1609.0,678.2,108.8,2249.0,0.0,0.0,133362.0,57173.0
2025-01-04,maitri,38,-0.64,16.7,0,0.747,8.53,1711.6,680.9,113.7,2273.0,0.0,0.0,132682.0,57060.0
2025-01-05,maitri,38,0.54,15.2,0,0.915,8.14,1674.7,644.3,111.0,2378.0,0.0,0.0,132037.0,56949.0
2025-01-06,maitri,38,1.13,33.8,0,0.621,7.88,1660.1,657.2,111.3,2255.0,0.0,0.0,131380.0,56837.0
2025-01-07,maitri,36,3.6,12.1,0,0.824,9.12,1562.2,620.2,100.5,2184.0,0.0,0.0,130760.0,56737.0
2025-01-08,maitri,39,5.72,13.4,0,0.805,7.73,1582.8,617.7,111.6,2376.0,0.0,0.0,130142.0,56625.0
2025-01-09,maitri,38,-0.31,20.5,0,1.0,8.35,1731.8,721.0,115.0,2459.0,0.0,0.0,129421.0,56510.0
2025-01-10,maitri,38,-7.26,22.1,0,0.771,8.37,1719.9,701.9,118.7,2421.0,0.0,0.0,128719.0,56391.0
2025-01-11,maitri,37,-2.56,23.1,0,0.778,7.66,1655.1,670.1,118.8,2370.0,0.0,0.0,128049.0,56273.0
2025-01-12,maitri,38,1.89,27.5,0,0.902,7.53,1656.2,651.3,116.3,2312.0,0.0,0.0,127398.0,56156.0
2025-01-13,maitri,37,-1.53,20.4,0,0.641,7.85,1734.5,714.1,114.8,2340.0,0.0,0.0,126684.0,56042.0
2025-01-14,maitri,39,-7.02,23.0,0,0.773,7.75,1854.4,750.5,123.1,2475.0,0.0,0.0,125933.0,55918.0
2025-01-15,maitri,38,-5.26,16.8,0,0.745,7.08,1677.1,681.3,120.3,2371.0,0.0,0.0,125252.0,55798.0
2025-01-16,maitri,39,-1.16,19.2,0,0.783,7.64,1775.1,674.1,124.3,2367.0,0.0,0.0,124578.0,55674.0
2025-01-17,maitri,37,4.98,19.6,0,0.902,8.28,1634.4,643.0,107.1,2274.0,0.0,0.0,123935.0,55567.0
2025-01-18,maitri,38,5.91,20.5,0,0.866,8.98,1541.8,606.4,108.7,2480.0,0.0,0.0,123328.0,55458.0
2025-01-19,maitri,38,3.82,25.9,0,0.709,8.48,1523.6,604.8,112.9,2293.0,0.0,0.0,122723.0,55345.0
2025-01-20,maitri,39,0.44,23.7,0,0.815,6.26,1700.1,659.1,117.1,2330.0,0.0,0.0,122064.0,55228.0
2025-01-21,maitri,36,0.55,19.1,0,0.977,8.52,1676.7,697.6,110.8,2392.0,0.0,0.0,121367.0,55117.0
2025-01-22,maitri,37,-0.36,13.4,0,0.697,7.67,1718.1,657.4,109.2,2252.0,0.0,0.0,120709.0,55008.0
2025-01-23,maitri,36,-3.4,19.3,0,0.814,8.37,1641.8,668.7,108.2,2328.0,0.0,0.0,120041.0,54900.0
2025-01-24,maitri,37,3.91,18.6,0,0.772,8.03,1660.9,669.3,113.9,2218.0,0.0,0.0,119371.0,54786.0
2025-01-25,maitri,37,9.04,20.4,0,0.787,7.89,1424.6,547.0,102.0,2308.0,0.0,0.0,118824.0,54684.0
2025-01-26,maitri,36,11.17,47.5,0,0.597,7.94,1442.3,556.0,100.9,2027.0,0.0,0.0,118268.0,54583.0
2025-01-27,maitri,37,6.32,15.1,0,0.961,7.97,1545.5,602.2,111.1,2412.0,0.0,0.0,117666.0,54472.0
2025-01-28,maitri,36,8.02,22.5,0,0.697,8.91,1540.6,594.9,97.4,2063.0,0.0,0.0,117071.0,54375.0
2025-01-29,maitri,37,8.72,29.6,0,0.912,7.94,1580.5,589.6,104.6,2228.0,0.0,0.0,116482.0,54270.0
2025-01-30,maitri,38,8.64,19.7,0,0.712,8.69,1569.0,610.9,105.4,2351.0,0.0,0.0,115871.0,54165.0
2025-01-31,maitri,38,11.16,50.5,0,0.71,8.56,1462.7,577.4,107.6,2218.0,0.0,0.0,115293.0,54057.0
2025-02-01,maitri,37,11.24,16.2,0,0.929,8.35,1508.8,576.0,104.7,2409.0,0.0,0.0,114717.0,53952.0
2025-02-02,maitri,36,11.63,21.7,0,0.9,6.6,1463.9,509.0,102.1,2141.0,0.0,0.0,114208.0,53850.0
2025-02-03,maitri,36,11.61,13.6,0,0.804,8.61,1379.9,541.9,96.8,2150.0,0.0,0.0,113666.0,53753.0
2025-02-04,maitri,36,10.63,16.4,0,0.868,7.47,1386.0,513.6,110.0,2312.0,0.0,0.0,113153.0,53643.0
2025-02-05,maitri,37,3.02,21.2,0,0.74,8.27,1646.5,635.8,108.8,2148.0,0.0,0.0,112517.0,53534.0
2025-02-06,maitri,38,2.73,27.2,0,0.771,7.05,1640.0,640.4,113.8,2201.0,0.0,0.0,111877.0,53421.0
2025-02-07,maitri,38,0.44,21.9,0,0.69,6.87,1614.5,660.9,110.6,2268.0,0.0,0.0,111216.0,53310.0
2025-02-08,maitri,37,-3.77,32.5,0,0.875,9.05,1739.2,748.3,112.0,2452.0,0.0,0.0,110467.0,53198.0
2025-02-09,maitri,36,2.24,18.5,0,0.68,6.96,1601.1,623.2,111.6,2082.0,0.0,0.0,109844.0,53087.0
2025-02-10,maitri,37,7.3,16.7,0,0.939,8.39,1541.1,607.6,102.5,2325.0,0.0,0.0,109236.0,52984.0
2025-02-11,maitri,36,10.25,60.0,0,0.72,7.63,1437.7,555.4,101.8,2160.0,0.0,0.0,108681.0,52882.0
2025-02-12,maitri,36,9.12,22.8,0,0.757,7.21,1553.3,565.8,98.5,2303.0,0.0,0.0,108115.0,52784.0
2025-02-13,maitri,38,11.68,14.3,0,0.842,7.43,1525.7,538.6,106.0,2324.0,0.0,0.0,107577.0,52678.0
2025-02-14,maitri,35,9.48,14.5,0,0.751,6.51,1436.1,537.2,97.1,2116.0,0.0,0.0,107039.0,52581.0
2025-02-15,maitri,36,8.26,13.1,0,0.709,7.37,1479.3,556.4,99.1,2245.0,0.0,0.0,106483.0,52482.0
2025-02-16,maitri,37,3.1,28.9,0,0.737,6.57,1633.2,610.4,108.6,2307.0,0.0,0.0,105873.0,52373.0
2025-02-17,maitri,34,3.62,16.8,0,0.845,7.01,1484.2,601.5,93.2,2101.0,0.0,0.0,105271.0,52280.0
2025-02-18,maitri,35,2.95,20.7,0,0.654,7.88,1563.9,615.0,100.7,2050.0,0.0,0.0,104656.0,52179.0
2025-02-19,maitri,35,-1.99,19.1,0,0.715,7.36,1574.8,681.5,104.8,2162.0,0.0,0.0,103975.0,52074.0
2025-02-20,maitri,35,-2.05,26.8,0,0.727,6.1,1645.5,638.3,101.1,2207.0,0.0,0.0,103336.0,51973.0
2025-02-21,maitri,34,-2.21,13.8,0,0.825,7.68,1567.5,642.8,108.4,2202.0,0.0,0.0,102693.0,51865.0
2025-02-22,maitri,35,3.64,12.6,0,0.706,7.02,1499.5,575.4,100.1,1988.0,0.0,0.0,102118.0,51765.0
2025-02-23,maitri,35,5.52,21.8,0,0.93,6.59,1592.3,586.6,102.9,2176.0,0.0,0.0,101532.0,51662.0
2025-02-24,maitri,35,4.22,25.6,0,0.69,7.44,1544.6,601.1,99.6,2133.0,0.0,0.0,100930.0,51562.0
2025-02-25,maitri,34,3.89,23.0,0,0.676,6.74,1525.8,630.9,98.3,2118.0,0.0,0.0,100300.0,51464.0
2025-02-26,maitri,34,2.94,14.3,0,0.68,5.98,1452.5,572.5,103.1,2212.0,0.0,0.0,99727.0,51361.0
2025-02-27,maitri,33,1.35,26.7,0,0.537,8.03,1512.4,611.4,102.7,2021.0,0.0,0.0,99116.0,51258.0
2025-02-28,maitri,34,-2.79,14.8,0,0.566,6.67,1625.2,621.7,103.0,2046.0,0.0,0.0,98494.0,51155.0
2025-03-01,maitri,36,-3.23,16.2,0,0.622,6.56,1672.3,638.9,111.2,2104.0,0.0,0.0,97855.0,51044.0
2025-03-02,maitri,34,-5.52,13.6,0,0.817,6.27,1572.2,640.5,110.6,2272.0,0.0,0.0,97215.0,50933.0
2025-03-03,maitri,33,-9.04,35.2,0,0.672,7.32,1735.1,738.0,102.6,2081.0,0.0,0.0,96477.0,50831.0
2025-03-04,maitri,33,-6.32,26.6,0,0.613,6.06,1670.5,691.7,104.8,2169.0,0.0,0.0,95785.0,50726.0
2025-03-05,maitri,32,-4.49,26.4,0,0.813,5.28,1669.5,633.6,100.7,2203.0,0.0,0.0,95151.0,50625.0
2025-03-06,maitri,32,-9.99,34.7,0,0.847,5.82,1695.8,729.4,101.5,2040.0,0.0,0.0,94422.0,50524.0
2025-03-07,maitri,32,-9.2,67.2,1,0.806,2.8,1772.2,788.8,101.3,2176.0,0.0,0.0,93633.0,50422.0
2025-03-08,maitri,32,-5.0,10.1,0,0.548,6.74,1548.8,674.0,90.5,2110.0,0.0,0.0,92959.0,50332.0
2025-03-09,maitri,33,-1.38,15.2,0,0.586,5.91,1521.1,579.7,98.2,2125.0,0.0,0.0,92379.0,50233.0
2025-03-10,maitri,33,1.46,16.1,0,0.857,6.97,1565.8,606.2,94.5,1960.0,0.0,0.0,91773.0,50139.0
2025-03-11,maitri,33,0.6,14.6,0,0.663,6.46,1437.7,569.5,92.6,1995.0,0.0,0.0,91204.0,50046.0
2025-03-12,maitri,31,-2.97,13.3,0,0.596,5.68,1521.7,620.8,92.8,1875.0,0.0,0.0,90583.0,49953.0
2025-03-13,maitri,31,-6.68,18.6,1,0.709,1.62,1700.3,630.6,92.0,2065.0,0.0,0.0,89952.0,49861.0
2025-03-14,maitri,32,-5.19,12.7,0,0.738,5.95,1602.1,687.1,97.8,2110.0,0.0,0.0,89265.0,49764.0
2025-03-15,maitri,31,-3.88,24.4,0,0.542,5.06,1597.0,651.2,92.5,1775.0,0.0,0.0,88614.0,49671.0
2025-03-16,maitri,31,0.07,21.8,0,0.632,5.57,1440.7,584.1,91.7,1924.0,0.0,0.0,88030.0,49579.0
2025-03-17,maitri,31,2.68,26.2,0,0.71,5.71,1416.5,596.2,88.4,2000.0,0.0,0.0,87434.0,49491.0
2025-03-18,maitri,31,0.85,26.5,0,0.454,4.23,1544.3,601.6,91.4,1890.0,0.0,0.0,86832.0,49400.0
2025-03-19,maitri,31,-4.24,27.7,0,0.589,5.2,1583.7,661.8,92.5,1979.0,0.0,0.0,86170.0,49307.0
2025-03-20,maitri,32,-5.48,18.5,0,0.447,5.04,1592.5,636.0,96.0,1964.0,0.0,0.0,85534.0,49211.0
2025-03-21,maitri,30,-4.82,52.9,0,0.457,5.89,1589.8,667.4,85.5,1809.0,0.0,0.0,84867.0,49126.0
2025-03-22,maitri,31,-5.64,24.0,0,0.501,3.8,1586.7,633.1,91.9,1952.0,0.0,0.0,84234.0,49034.0
2025-03-23,maitri,30,-7.55,10.0,0,0.62,4.74,1533.0,673.1,94.5,1954.0,0.0,0.0,83561.0,48939.0
2025-03-24,maitri,29,-6.49,14.4,0,0.518,4.59,1580.0,655.1,89.5,1895.0,0.0,0.0,82906.0,48850.0
2025-03-25,maitri,29,-8.08,10.6,0,0.472,5.52,1660.7,681.9,85.0,1897.0,0.0,0.0,82224.0,48765.0
2025-03-26,maitri,29,-9.8,22.3,0,0.55,4.73,1604.5,657.7,87.1,1894.0,0.0,0.0,81566.0,48678.0
2025-03-27,maitri,29,-8.24,21.1,0,0.399,5.94,1528.3,676.7,83.9,1901.0,0.0,0.0,80889.0,48594.0
2025-03-28,maitri,29,-9.28,18.3,0,0.582,5.06,1476.0,611.3,86.9,1871.0,0.0,0.0,80278.0,48507.0
2025-03-29,maitri,29,-8.09,52.0,0,0.66,4.22,1606.5,672.2,85.3,1818.0,0.0,0.0,79606.0,48422.0
2025-03-30,maitri,30,-7.06,28.3,0,0.508,4.59,1655.8,673.0,89.7,1943.0,0.0,0.0,78933.0,48332.0
2025-03-31,maitri,29,-10.76,30.6,0,0.486,4.09,1583.4,723.0,89.9,1883.0,0.0,0.0,78210.0,48242.0
2025-04-01,maitri,28,-11.73,15.3,0,0.549,4.86,1560.4,703.6,84.1,1877.0,0.0,0.0,77506.0,48158.0
2025-04-02,maitri,27,-6.41,14.9,0,0.254,3.23,1493.2,597.9,78.2,1588.0,0.0,0.0,76908.0,48080.0
2025-04-03,maitri,28,-10.4,23.2,0,0.555,3.5,1631.4,663.5,85.1,1957.0,0.0,0.0,76245.0,47995.0
2025-04-04,maitri,28,-16.76,24.6,0,0.856,4.31,1657.6,686.9,93.5,2022.0,0.0,0.0,75558.0,47901.0
2025-04-05,maitri,28,-21.19,10.5,0,0.463,4.76,1644.4,714.2,86.3,1850.0,0.0,0.0,74844.0,47815.0
2025-04-06,maitri,29,-18.8,21.4,0,0.456,2.28,1673.7,712.2,88.8,1851.0,0.0,0.0,74131.0,47726.0
2025-04-07,maitri,28,-16.87,23.3,0,0.553,4.69,1617.4,729.3,85.5,1948.0,0.0,0.0,73402.0,47641.0
2025-04-08,maitri,28,-15.8,21.2,0,0.654,3.54,1606.3,709.8,85.4,1831.0,0.0,0.0,72692.0,47555.0
2025-04-09,maitri,26,-10.69,16.6,0,0.567,2.23,1531.9,625.6,81.1,1874.0,0.0,0.0,72067.0,47474.0
2025-04-10,maitri,27,-18.97,18.7,0,0.185,1.36,1609.0,689.4,81.2,1675.0,0.0,0.0,71377.0,47393.0
2025-04-11,maitri,27,-15.97,21.8,0,0.504,2.3,1688.4,688.7,84.0,1910.0,0.0,0.0,70689.0,47309.0
2025-04-12,maitri,26,-9.82,24.5,0,0.738,3.27,1550.1,662.1,84.2,1770.0,0.0,0.0,70027.0,47225.0
2025-04-13,maitri,27,-13.41,30.6,0,0.497,3.15,1656.5,695.1,86.4,1883.0,0.0,0.0,69331.0,47138.0
2025-04-14,maitri,27,-14.0,37.5,0,0.277,3.55,1588.6,714.0,77.2,1671.0,0.0,0.0,68617.0,47061.0
2025-04-15,maitri,25,-15.7,21.1,0,0.443,2.63,1563.6,677.3,78.5,1664.0,0.0,0.0,67940.0,46983.0
2025-04-16,maitri,27,-17.58,19.8,0,0.248,2.15,1564.3,671.5,82.4,1774.0,0.0,0.0,67269.0,46900.0
2025-04-17,maitri,26,-17.34,28.9,0,0.543,2.55,1640.2,726.7,80.3,1801.0,0.0,0.0,66542.0,46820.0
2025-04-18,maitri,25,-11.57,31.2,0,0.274,2.77,1555.0,635.7,75.1,1649.0,0.0,0.0,65906.0,46745.0
2025-04-19,maitri,26,-5.55,20.2,0,0.39,2.82,1444.3,572.2,72.6,1614.0,0.0,0.0,65334.0,46672.0
2025-04-20,maitri,26,-7.6,33.9,0,0.272,2.02,1603.2,650.4,79.5,1623.0,0.0,0.0,64684.0,46593.0
2025-04-21,maitri,26,-2.15,36.9,0,0.302,3.11,1488.7,579.5,75.6,1660.0,0.0,0.0,64104.0,46517.0
2025-04-22,maitri,25,-3.69,42.2,0,0.539,1.96,1511.6,608.8,72.3,1583.0,0.0,0.0,63495.0,46445.0
2025-04-23,maitri,26,0.51,51.9,0,0.366,1.69,1459.0,573.1,72.7,1622.0,0.0,0.0,62922.0,46372.0
2025-04-24,maitri,26,-1.99,17.2,0,0.28,1.83,1448.4,582.5,70.4,1569.0,0.0,0.0,62340.0,46302.0
2025-04-25,maitri,24,-3.35,24.9,0,0.203,2.88,1318.9,552.3,67.6,1468.0,0.0,0.0,61787.0,46234.0
2025-04-26,maitri,24,-3.74,25.0,0,0.109,1.94,1415.1,588.1,66.6,1435.0,0.0,0.0,61199.0,46167.0
2025-04-27,maitri,26,4.9,24.0,0,0.177,1.46,1249.7,469.7,67.6,1452.0,0.0,0.0,60730.0,46100.0
2025-04-28,maitri,26,4.51,19.1,0,0.334,2.51,1271.7,473.1,73.7,1532.0,0.0,0.0,60256.0,46026.0
2025-04-29,maitri,25,-0.83,13.5,0,0.431,3.27,1373.3,545.0,75.0,1575.0,0.0,0.0,59712.0,45951.0
2025-04-30,maitri,26,0.13,26.2,0,0.239,1.83,1410.7,558.3,72.9,1546.0,0.0,0.0,59153.0,45878.0
2025-05-01,maitri,26,-3.38,18.3,0,0.488,2.46,1377.9,575.5,75.9,1752.0,0.0,0.0,58578.0,45802.0
2025-05-02,maitri,26,-6.7,26.3,0,0.214,2.33,1448.9,598.7,76.2,1651.0,0.0,0.0,57979.0,45726.0
2025-05-03,maitri,24,-4.97,18.3,0,0.271,1.18,1382.4,526.0,69.4,1506.0,0.0,0.0,57453.0,45657.0
2025-05-04,maitri,26,-6.39,16.1,0,0.17,1.62,1433.1,546.5,72.4,1536.0,0.0,0.0,56906.0,45584.0
2025-05-05,maitri,25,-6.8,28.3,0,0.419,0.7,1495.6,595.8,72.8,1559.0,0.0,0.0,56311.0,45512.0
2025-05-06,maitri,25,-8.01,27.4,0,0.552,1.46,1618.5,604.3,75.1,1773.0,0.0,0.0,55706.0,45437.0
2025-05-07,maitri,24,-8.0,33.0,0,0.089,1.16,1468.1,644.8,69.3,1400.0,0.0,0.0,55061.0,45367.0
2025-05-08,maitri,25,-7.74,64.9,1,0.258,0.2,1609.8,694.4,73.1,1565.0,0.0,0.0,54367.0,45294.0
2025-05-09,maitri,24,-15.11,29.2,0,0.452,1.08,1499.0,635.5,74.3,1626.0,0.0,0.0,53732.0,45220.0
2025-05-10,maitri,26,-12.85,32.0,0,0.126,1.4,1549.8,637.6,73.0,1586.0,0.0,0.0,53094.0,45147.0
2025-05-11,maitri,24,-16.3,16.6,0,0.368,1.97,1480.7,655.2,74.9,1530.0,0.0,0.0,52439.0,45072.0
2025-05-12,maitri,25,-20.64,15.3,0,0.447,1.52,1602.2,654.7,78.2,1641.0,0.0,0.0,51784.0,44994.0
2025-05-13,maitri,25,-19.79,51.2,0,0.309,0.29,1733.5,739.9,82.9,1608.0,0.0,0.0,51044.0,44911.0
2025-05-14,maitri,25,-18.67,17.9,0,0.366,1.08,1543.8,640.0,76.2,1612.0,0.0,0.0,50404.0,44835.0
2025-05-15,maitri,24,-20.26,17.1,0,0.511,0.54,1639.7,682.4,76.3,1726.0,0.0,0.0,49722.0,44758.0
2025-05-16,maitri,25,-16.72,26.1,0,0.534,1.77,1552.1,683.2,85.0,1696.0,0.0,0.0,49039.0,44673.0
2025-05-17,maitri,27,-20.8,25.7,0,0.293,1.95,1645.7,738.3,83.5,1722.0,0.0,0.0,48300.0,44590.0
2025-05-18,maitri,26,-21.17,18.3,0,0.236,1.78,1625.1,715.0,79.4,1686.0,0.0,0.0,47585.0,44511.0
2025-05-19,maitri,25,-22.08,23.6,0,0.19,1.05,1633.3,700.8,74.0,1648.0,0.0,0.0,46884.0,44437.0
2025-05-20,maitri,25,-21.12,45.1,0,0.417,1.77,1760.9,803.1,81.7,1659.0,97400.0,0.0,143481.0,44355.0
2025-05-21,maitri,26,-19.32,19.2,0,0.135,1.27,1594.7,661.8,75.5,1692.0,0.0,0.0,142819.0,44279.0
2025-05-22,maitri,26,-21.99,15.1,0,0.27,0.8,1650.8,650.8,81.0,1620.0,0.0,0.0,142169.0,44198.0
2025-05-23,maitri,24,-18.66,40.3,0,0.312,2.12,1600.5,705.0,72.5,1643.0,0.0,0.0,141464.0,44126.0
2025-05-24,maitri,25,-18.07,33.4,0,0.24,2.17,1647.0,701.3,75.4,1608.0,0.0,0.0,140762.0,44050.0
2025-05-25,maitri,24,-23.87,21.0,0,0.334,2.26,1619.4,695.8,71.6,1601.0,0.0,0.0,140067.0,43979.0
2025-05-26,maitri,26,-28.86,14.1,0,0.608,1.17,1740.7,710.9,87.8,1783.0,0.0,0.0,139356.0,43891.0
2025-05-27,maitri,27,-26.74,20.0,0,0.285,2.43,1599.5,701.4,83.5,1701.0,0.0,0.0,138654.0,43808.0
2025-05-28,maitri,25,-25.7,26.8,0,0.248,1.25,1608.1,726.3,74.7,1549.0,0.0,0.0,137928.0,43733.0
2025-05-29,maitri,23,-24.49,44.9,0,0.422,2.06,1724.3,825.1,75.2,1534.0,0.0,0.0,137103.0,43658.0
2025-05-30,maitri,25,-23.28,17.9,0,0.329,1.24,1495.0,624.2,76.5,1694.0,0.0,0.0,136479.0,43581.0
2025-05-31,maitri,24,-21.5,26.7,0,0.473,1.44,1620.3,678.1,76.2,1586.0,0.0,0.0,135801.0,43505.0
2025-06-01,maitri,24,-17.75,36.8,0,0.32,0.0,1645.4,685.5,75.2,1492.0,0.0,0.0,135115.0,43430.0
2025-06-02,maitri,26,-21.29,10.2,0,0.27,1.39,1579.4,677.6,81.0,1638.0,0.0,0.0,134438.0,43349.0
2025-06-03,maitri,25,-24.4,43.0,0,0.086,1.66,1688.3,761.3,71.0,1564.0,0.0,0.0,133676.0,43278.0
2025-06-04,maitri,25,-26.72,17.0,0,0.106,1.31,1565.8,670.5,78.0,1581.0,0.0,0.0,133006.0,43200.0
2025-06-05,maitri,24,-24.22,32.2,0,0.08,2.83,1605.3,748.8,72.5,1517.0,0.0,0.0,132257.0,43127.0
2025-06-06,maitri,25,-19.13,31.1,0,0.346,0.79,1596.1,711.4,76.2,1708.0,0.0,0.0,131546.0,43051.0
2025-06-07,maitri,25,-20.34,44.3,0,0.137,1.21,1648.7,737.6,75.2,1657.0,0.0,0.0,130808.0,42976.0
2025-06-08,maitri,24,-27.97,35.5,0,0.451,0.97,1663.4,730.8,72.8,1775.0,0.0,0.0,130077.0,42903.0
2025-06-09,maitri,25,-31.7,10.4,0,0.304,1.21,1639.0,707.9,79.3,1585.0,0.0,0.0,129369.0,42824.0
2025-06-10,maitri,25,-31.98,20.3,0,0.271,2.32,1639.9,729.1,75.5,1619.0,0.0,0.0,128640.0,42748.0
2025-06-11,maitri,25,-31.35,30.0,0,0.199,2.63,1777.7,788.3,77.2,1684.0,0.0,0.0,127852.0,42671.0
2025-06-12,maitri,24,-30.38,26.1,0,0.375,1.11,1639.8,719.9,76.5,1612.0,0.0,0.0,127132.0,42595.0
2025-06-13,maitri,26,-28.16,34.7,0,0.203,1.09,1739.8,792.0,83.2,1747.0,0.0,0.0,126340.0,42511.0
2025-06-14,maitri,23,-27.48,39.7,0,0.182,0.79,1648.4,755.6,69.3,1519.0,0.0,0.0,125585.0,42442.0
2025-06-15,maitri,25,-22.58,36.8,0,0.443,2.51,1656.5,770.9,82.1,1789.0,0.0,0.0,124814.0,42360.0
2025-06-16,maitri,25,-24.1,26.1,0,0.343,2.38,1566.7,734.9,80.2,1728.0,0.0,0.0,124079.0,42280.0
2025-06-17,maitri,25,-25.95,13.2,0,0.272,1.53,1551.1,683.2,76.7,1713.0,0.0,0.0,123396.0,42203.0
2025-06-18,maitri,25,-23.2,23.7,0,0.377,0.62,1569.7,672.5,75.5,1650.0,0.0,0.0,122723.0,42128.0
2025-06-19,maitri,26,-27.39,34.2,0,0.301,0.69,1730.3,784.6,77.9,1718.0,0.0,0.0,121938.0,42050.0
2025-06-20,maitri,24,-24.69,18.2,0,0.346,1.72,1628.1,713.2,75.6,1594.0,0.0,0.0,121225.0,41974.0
2025-06-21,maitri,25,-23.4,37.5,0,0.202,1.98,1604.1,791.3,74.9,1536.0,0.0,0.0,120434.0,41899.0
2025-06-22,maitri,25,-23.15,42.2,0,0.548,0.15,1695.6,754.8,82.5,1820.0,0.0,0.0,119679.0,41817.0
2025-06-23,maitri,24,-17.41,30.4,0,0.23,1.38,1512.2,679.8,71.1,1586.0,0.0,0.0,118999.0,41746.0
2025-06-24,maitri,27,-19.78,8.0,0,0.487,2.73,1616.0,682.6,82.4,1790.0,0.0,0.0,118317.0,41663.0
2025-06-25,maitri,24,-13.15,16.9,0,0.277,1.45,1518.6,627.1,72.4,1612.0,0.0,0.0,117690.0,41591.0
2025-06-26,maitri,25,-15.04,63.9,1,0.397,1.52,1741.6,769.1,74.9,1609.0,0.0,0.0,116920.0,41516.0
2025-06-27,maitri,25,-19.97,23.0,0,0.388,2.05,1586.7,695.6,77.6,1561.0,0.0,0.0,116225.0,41438.0
2025-06-28,maitri,25,-19.7,12.6,0,0.438,0.84,1633.5,682.1,80.2,1740.0,0.0,0.0,115543.0,41358.0
2025-06-29,maitri,25,-23.16,48.8,0,0.199,1.4,1750.5,814.9,76.8,1546.0,0.0,0.0,114728.0,41281.0
2025-06-30,maitri,26,-24.96,29.2,0,0.429,1.51,1654.7,737.5,82.3,1744.0,0.0,0.0,113991.0,41199.0
2025-07-01,maitri,24,-22.77,46.3,0,0.522,0.93,1716.6,756.6,76.6,1672.0,0.0,0.0,113234.0,41122.0
2025-07-02,maitri,25,-20.47,32.7,0,0.269,0.92,1598.2,694.1,72.8,1651.0,0.0,0.0,112540.0,41050.0
2025-07-03,maitri,25,-22.36,35.3,0,0.304,2.65,1681.1,722.7,78.2,1697.0,0.0,0.0,111817.0,40971.0
2025-07-04,maitri,24,-18.77,34.0,0,0.237,0.92,1615.6,737.3,73.3,1585.0,0.0,0.0,111080.0,40898.0
2025-07-05,maitri,25,-15.28,39.1,0,0.258,2.35,1551.0,680.0,77.3,1633.0,0.0,0.0,110400.0,40821.0
2025-07-06,maitri,26,-11.53,76.0,1,0.505,0.17,1793.6,796.8,80.9,1670.0,0.0,0.0,109603.0,40740.0
2025-07-07,maitri,25,-11.36,43.9,0,0.179,1.58,1565.0,681.2,73.1,1571.0,0.0,0.0,108922.0,40667.0
2025-07-08,maitri,26,-8.55,15.0,0,0.187,1.99,1488.1,608.6,78.0,1515.0,0.0,0.0,108313.0,40589.0
2025-07-09,maitri,25,-16.64,35.3,0,0.493,1.18,1651.8,705.1,77.0,1778.0,0.0,0.0,107608.0,40512.0
2025-07-10,maitri,24,-18.27,47.2,0,0.375,2.0,1678.4,732.6,74.5,1519.0,0.0,0.0,106875.0,40437.0
2025-07-11,maitri,25,-21.36,48.5,0,0.554,0.17,1719.4,737.6,78.5,1703.0,0.0,0.0,106138.0,40359.0
2025-07-12,maitri,25,-20.74,24.5,0,0.246,1.91,1631.2,743.1,77.5,1549.0,0.0,0.0,105395.0,40281.0
2025-07-13,maitri,24,-22.44,47.7,0,0.315,0.0,1664.7,748.0,73.5,1553.0,0.0,0.0,104647.0,40208.0
2025-07-14,maitri,25,-22.54,43.2,0,0.221,1.44,1643.5,770.9,80.5,1622.0,0.0,0.0,103876.0,40127.0
2025-07-15,maitri,25,-16.06,86.3,1,0.317,1.08,1724.4,842.9,80.7,1594.0,0.0,0.0,103033.0,40046.0
2025-07-16,maitri,24,-17.32,21.4,0,0.087,2.04,1512.1,648.2,73.2,1560.0,0.0,0.0,102385.0,39973.0
2025-07-17,maitri,24,-16.48,23.7,0,0.382,0.69,1503.3,649.9,77.1,1602.0,0.0,0.0,101735.0,39896.0
2025-07-18,maitri,25,-17.85,25.7,0,0.339,0.78,1594.4,677.5,73.2,1613.0,0.0,0.0,101057.0,39823.0
2025-07-19,maitri,24,-17.99,23.8,0,0.293,1.12,1470.3,620.7,70.1,1561.0,0.0,0.0,100436.0,39753.0
2025-07-20,maitri,25,-18.32,20.1,0,0.253,1.73,1527.6,655.5,75.3,1685.0,0.0,0.0,99781.0,39678.0
2025-07-21,maitri,26,-17.17,9.2,0,0.193,0.18,1580.1,647.6,78.3,1700.0,0.0,0.0,99133.0,39599.0
2025-07-22,maitri,24,-13.93,24.4,0,0.387,1.59,1472.9,623.2,72.6,1517.0,0.0,0.0,98510.0,39527.0
2025-07-23,maitri,24,-9.73,34.2,0,0.159,1.82,1500.3,630.9,66.6,1449.0,0.0,0.0,97879.0,39460.0
2025-07-24,maitri,26,-10.55,23.8,0,0.361,1.4,1495.7,617.9,80.6,1693.0,0.0,0.0,97261.0,39380.0
2025-07-25,maitri,25,-10.33,65.9,1,0.549,0.85,1703.9,780.9,81.5,1688.0,0.0,0.0,96480.0,39298.0
2025-07-26,maitri,25,-15.7,29.4,0,0.478,1.76,1604.8,649.6,80.3,1614.0,0.0,0.0,95831.0,39218.0
2025-07-27,maitri,24,-16.7,50.2,0,0.119,1.22,1677.5,751.6,73.8,1547.0,0.0,0.0,95079.0,39144.0
2025-07-28,maitri,25,-14.22,32.6,0,0.236,0.24,1567.2,655.2,75.3,1540.0,0.0,0.0,94424.0,39069.0
2025-07-29,maitri,24,-12.42,41.3,0,0.351,1.69,1528.3,655.3,70.5,1632.0,0.0,0.0,93769.0,38998.0
2025-07-30,maitri,26,-13.03,32.8,0,0.292,0.93,1559.6,654.0,78.1,1688.0,0.0,0.0,93115.0,38920.0
2025-07-31,maitri,24,-11.35,51.7,0,0.132,1.2,1598.4,706.7,74.7,1426.0,0.0,0.0,92408.0,38845.0
2025-08-01,maitri,26,-11.23,29.8,0,0.346,1.94,1508.2,655.8,77.1,1634.0,0.0,0.0,91752.0,38768.0
2025-08-02,maitri,25,-8.86,35.8,0,0.299,2.59,1504.8,646.9,72.8,1549.0,0.0,0.0,91105.0,38695.0
2025-08-03,maitri,24,-9.81,33.9,0,0.53,1.57,1492.9,653.8,75.5,1612.0,0.0,0.0,90451.0,38620.0
2025-08-04,maitri,25,-12.64,25.7,0,0.27,1.99,1515.4,669.6,77.3,1580.0,0.0,0.0,89782.0,38542.0
2025-08-05,maitri,23,-12.74,34.4,0,0.44,0.59,1479.7,650.9,68.3,1473.0,0.0,0.0,89131.0,38474.0
2025-08-06,maitri,25,-23.26,74.0,1,0.148,0.65,1812.1,831.1,75.5,1525.0,0.0,0.0,88300.0,38399.0
2025-08-07,maitri,25,-21.27,25.8,0,0.177,1.56,1621.4,714.3,74.8,1634.0,0.0,0.0,87585.0,38324.0
2025-08-08,maitri,26,-32.52,34.5,0,0.387,2.46,1805.8,824.3,83.1,1784.0,0.0,0.0,86761.0,38241.0
2025-08-09,maitri,23,-35.58,48.9,0,0.43,1.22,1713.3,792.6,76.5,1614.0,0.0,0.0,85969.0,38164.0
2025-08-10,maitri,26,-31.11,46.5,0,0.185,1.43,1824.1,790.7,78.9,1714.0,0.0,0.0,85178.0,38085.0
2025-08-11,maitri,26,-27.34,28.9,0,0.303,2.34,1741.3,723.5,84.0,1687.0,0.0,0.0,84454.0,38001.0
2025-08-12,maitri,26,-29.48,10.6,0,0.134,1.54,1676.2,713.0,80.4,1688.0,0.0,0.0,83741.0,37921.0
2025-08-13,maitri,25,-29.78,35.7,0,0.278,0.82,1703.7,770.8,84.0,1819.0,0.0,0.0,82970.0,37837.0
2025-08-14,maitri,26,-23.35,11.3,0,0.4,3.39,1588.4,667.3,82.3,1814.0,0.0,0.0,82303.0,37754.0
2025-08-15,maitri,24,-23.99,53.1,0,0.248,0.84,1742.2,816.0,73.8,1561.0,0.0,0.0,81487.0,37681.0
2025-08-16,maitri,26,-15.77,30.7,0,0.27,1.55,1608.9,691.1,79.9,1635.0,0.0,0.0,80796.0,37601.0
2025-08-17,maitri,24,-16.19,43.4,0,0.164,1.84,1608.6,743.0,71.0,1374.0,0.0,0.0,80053.0,37530.0
2025-08-18,maitri,24,-15.21,19.5,0,0.222,1.79,1489.6,643.6,68.2,1591.0,0.0,0.0,79410.0,37462.0
2025-08-19,maitri,24,-10.51,14.8,0,0.511,1.47,1423.8,570.1,72.6,1645.0,0.0,0.0,78839.0,37389.0
2025-08-20,maitri,25,-11.4,31.7,0,0.309,1.47,1546.5,660.5,74.1,1567.0,0.0,0.0,78179.0,37315.0
2025-08-21,maitri,24,-15.73,27.9,0,0.18,1.44,1551.4,679.7,68.4,1447.0,0.0,0.0,77499.0,37247.0
2025-08-22,maitri,25,-16.41,23.0,0,0.262,0.82,1555.5,645.3,75.4,1545.0,0.0,0.0,76854.0,37171.0
2025-08-23,maitri,24,-16.7,29.2,0,0.108,3.11,1549.2,658.5,67.1,1527.0,0.0,0.0,76195.0,37104.0
2025-08-24,maitri,23,-21.18,90.1,1,0.178,0.33,1985.5,912.1,69.2,1482.0,0.0,0.0,75283.0,37035.0
2025-08-25,maitri,26,-21.27,39.9,0,0.463,2.02,1682.7,728.6,82.2,1795.0,0.0,0.0,74555.0,36953.0
2025-08-26,maitri,26,-22.89,43.6,0,0.283,1.37,1787.9,813.4,80.5,1707.0,0.0,0.0,73741.0,36872.0
2025-08-27,maitri,24,-18.86,39.9,0,0.527,1.35,1610.7,706.4,74.4,1703.0,0.0,0.0,73035.0,36798.0
2025-08-28,maitri,25,-18.37,52.0,0,0.289,1.28,1748.0,812.3,76.1,1647.0,0.0,0.0,72222.0,36722.0
2025-08-29,maitri,26,-18.97,25.7,0,0.296,0.52,1661.1,653.7,77.7,1738.0,0.0,0.0,71569.0,36644.0
2025-08-30,maitri,25,-18.87,11.7,0,0.377,1.49,1552.8,653.7,77.2,1540.0,0.0,0.0,70915.0,36567.0
2025-08-31,maitri,25,-17.71,25.6,0,0.0,1.32,1622.4,718.9,73.7,1466.0,0.0,0.0,70196.0,36493.0
2025-09-01,maitri,26,-15.47,38.9,0,0.325,2.42,1653.7,701.8,76.8,1660.0,0.0,0.0,69494.0,36416.0
2025-09-02,maitri,24,-18.79,18.4,0,0.294,0.76,1501.2,638.2,74.0,1632.0,0.0,0.0,68856.0,36342.0
2025-09-03,maitri,25,-21.61,25.6,0,0.478,1.2,1605.2,688.2,79.3,1816.0,0.0,0.0,68168.0,36263.0
2025-09-04,maitri,25,-17.03,20.6,0,0.416,0.97,1596.8,653.6,76.7,1651.0,0.0,0.0,67514.0,36186.0
2025-09-05,maitri,25,-18.11,51.5,0,0.164,2.61,1726.9,781.8,80.8,1551.0,0.0,0.0,66733.0,36105.0
2025-09-06,maitri,25,-22.18,37.5,0,0.449,0.99,1637.1,699.5,78.2,1581.0,0.0,0.0,66033.0,36027.0
2025-09-07,maitri,25,-19.53,35.9,0,0.269,1.99,1631.6,720.1,75.8,1674.0,0.0,0.0,65313.0,35951.0
2025-09-08,maitri,25,-17.28,35.3,0,0.191,2.28,1615.1,721.7,74.2,1559.0,0.0,0.0,64591.0,35877.0
2025-09-09,maitri,24,-21.78,26.7,0,0.324,1.5,1573.8,688.9,72.1,1767.0,0.0,0.0,63902.0,35805.0
2025-09-10,maitri,26,-19.81,29.4,0,0.276,0.64,1733.5,705.9,81.2,1643.0,0.0,0.0,63196.0,35724.0
2025-09-11,maitri,24,-16.55,16.4,0,0.485,0.65,1534.1,658.0,73.0,1747.0,0.0,0.0,62538.0,35651.0
2025-09-12,maitri,25,-15.0,10.7,0,0.341,2.2,1523.0,648.8,74.6,1670.0,0.0,0.0,61890.0,35576.0
2025-09-13,maitri,25,-12.88,28.6,0,0.325,0.72,1583.3,636.6,74.0,1553.0,0.0,0.0,61253.0,35502.0
2025-09-14,maitri,25,-17.62,30.7,0,0.408,1.87,1588.1,666.4,74.9,1674.0,0.0,0.0,60587.0,35427.0
2025-09-15,maitri,23,-15.93,44.3,0,0.431,1.68,1638.4,700.3,67.2,1588.0,0.0,0.0,59886.0,35360.0
2025-09-16,maitri,26,-16.55,51.5,0,0.394,1.86,1636.4,748.6,78.8,1695.0,0.0,0.0,59138.0,35281.0
2025-09-17,maitri,24,-17.6,51.3,0,0.47,1.93,1655.8,753.4,76.6,1671.0,0.0,0.0,58384.0,35205.0
2025-09-18,maitri,26,-14.1,17.4,0,0.373,0.95,1583.0,662.2,79.5,1738.0,0.0,0.0,57722.0,35125.0
2025-09-19,maitri,25,-9.25,22.7,0,0.32,0.92,1529.3,612.1,77.7,1622.0,0.0,0.0,57110.0,35048.0
2025-09-20,maitri,25,-4.23,32.2,0,0.449,2.1,1413.2,566.3,75.3,1596.0,0.0,0.0,56544.0,34972.0
2025-09-21,maitri,27,-1.63,75.9,1,0.289,0.04,1566.5,652.0,78.2,1569.0,0.0,0.0,55892.0,34894.0
2025-09-22,maitri,25,-4.02,48.6,0,0.304,0.0,1499.7,594.0,76.4,1545.0,0.0,0.0,55298.0,34818.0
2025-09-23,maitri,26,-4.46,41.7,0,0.507,2.05,1477.8,615.7,76.9,1682.0,0.0,0.0,54682.0,34741.0
2025-09-24,maitri,25,-3.48,22.0,0,0.495,0.87,1392.6,524.0,73.8,1504.0,0.0,0.0,54158.0,34667.0
2025-09-25,maitri,25,-4.7,17.8,0,0.299,1.93,1432.0,562.0,72.4,1561.0,0.0,0.0,53596.0,34595.0
2025-09-26,maitri,25,-5.64,35.9,0,0.246,2.57,1442.0,626.3,75.7,1536.0,0.0,0.0,52970.0,34519.0
2025-09-27,maitri,26,-4.17,16.2,0,0.476,1.61,1359.8,532.3,76.7,1586.0,0.0,0.0,52437.0,34442.0
2025-09-28,maitri,24,-5.75,23.2,0,0.396,2.3,1362.1,581.7,69.3,1518.0,0.0,0.0,51856.0,34373.0
2025-09-29,maitri,24,-9.16,24.3,0,0.338,1.71,1452.5,565.2,72.5,1521.0,0.0,0.0,51291.0,34300.0
2025-09-30,maitri,24,-10.92,49.6,0,0.261,2.71,1495.1,661.7,69.4,1629.0,0.0,0.0,50629.0,34231.0
2025-10-01,maitri,25,-8.97,21.8,0,0.34,0.86,1454.1,591.1,75.4,1605.0,0.0,0.0,50038.0,34155.0
2025-10-02,maitri,25,-9.36,9.1,0,0.302,1.66,1410.8,604.6,74.9,1642.0,0.0,0.0,49433.0,34080.0
2025-10-03,maitri,26,-8.57,31.1,0,0.232,2.22,1573.9,628.6,75.6,1605.0,0.0,0.0,48805.0,34005.0
2025-10-04,maitri,26,-6.83,18.7,0,0.334,1.71,1536.2,622.7,77.7,1529.0,0.0,0.0,48182.0,33927.0
2025-10-05,maitri,24,-8.72,25.4,0,0.357,2.73,1413.9,624.0,68.2,1578.0,0.0,0.0,47558.0,33859.0
2025-10-06,maitri,25,-6.62,24.0,0,0.287,1.71,1448.3,579.0,73.3,1525.0,0.0,0.0,46979.0,33786.0
2025-10-07,maitri,24,-6.07,22.1,0,0.447,3.55,1377.6,577.7,70.2,1536.0,97100.0,0.0,143501.0,33715.0
2025-10-08,maitri,27,-10.75,34.4,0,0.5,3.68,1579.9,685.4,89.6,1703.0,0.0,0.0,142816.0,33626.0
2025-10-09,maitri,26,-5.99,12.9,0,0.469,2.48,1519.3,575.4,77.7,1674.0,0.0,0.0,142240.0,33548.0
2025-10-10,maitri,26,-8.27,19.7,0,0.326,2.76,1455.7,598.2,75.4,1702.0,0.0,0.0,141642.0,33473.0
2025-10-11,maitri,25,-13.8,32.6,0,0.457,3.29,1560.8,712.2,73.5,1712.0,0.0,0.0,140930.0,33399.0
2025-10-12,maitri,26,-16.35,18.8,0,0.382,1.72,1528.7,660.2,82.9,1801.0,0.0,0.0,140270.0,33316.0
2025-10-13,maitri,26,-18.33,12.3,0,0.232,1.72,1620.4,668.2,78.0,1769.0,0.0,0.0,139602.0,33238.0
2025-10-14,maitri,26,-16.49,32.0,0,0.467,3.61,1497.1,684.0,78.6,1612.0,0.0,0.0,138918.0,33160.0
2025-10-15,maitri,27,-15.99,38.6,0,0.411,3.01,1649.9,739.9,83.8,1696.0,0.0,0.0,138178.0,33076.0
2025-10-16,maitri,28,-15.75,23.5,0,0.712,2.75,1640.5,712.5,90.6,1803.0,0.0,0.0,137465.0,32985.0
2025-10-17,maitri,26,-12.46,10.5,0,0.582,3.0,1511.9,618.9,82.0,1786.0,0.0,0.0,136846.0,32903.0
2025-10-18,maitri,26,-10.62,32.0,0,0.5,1.41,1591.2,691.1,79.2,1669.0,0.0,0.0,136155.0,32824.0
2025-10-19,maitri,26,-9.16,11.8,0,0.451,3.04,1536.7,650.0,78.6,1657.0,0.0,0.0,135505.0,32745.0
2025-10-20,maitri,28,-7.63,26.9,0,0.448,2.74,1490.6,635.0,84.3,1772.0,0.0,0.0,134870.0,32661.0
2025-10-21,maitri,28,-5.68,16.2,0,0.314,3.99,1567.0,616.0,82.5,1752.0,0.0,0.0,134254.0,32579.0
2025-10-22,maitri,27,-12.77,14.4,0,0.233,4.14,1489.6,621.8,81.4,1608.0,0.0,0.0,133632.0,32497.0
2025-10-23,maitri,27,-12.97,19.4,0,0.344,3.93,1603.2,672.6,84.2,1656.0,0.0,0.0,132960.0,32413.0
2025-10-24,maitri,27,-18.92,21.5,0,0.45,3.9,1630.2,714.0,84.2,1796.0,0.0,0.0,132246.0,32329.0
2025-10-25,maitri,28,-16.67,17.7,0,0.209,2.66,1585.7,639.2,82.2,1841.0,0.0,0.0,131607.0,32247.0
2025-10-26,maitri,27,-14.92,29.6,0,0.404,4.21,1600.4,715.9,82.2,1759.0,0.0,0.0,130891.0,32165.0
2025-10-27,maitri,27,-10.1,19.1,0,0.446,4.32,1524.8,673.6,83.4,1698.0,0.0,0.0,130217.0,32081.0
2025-10-28,maitri,28,-5.65,34.6,0,0.457,4.84,1550.4,669.1,78.7,1645.0,0.0,0.0,129548.0,32002.0
2025-10-29,maitri,28,-5.13,25.7,0,0.41,5.54,1469.2,615.4,78.1,1814.0,0.0,0.0,128933.0,31924.0
2025-10-30,maitri,28,-6.92,17.0,0,0.455,2.96,1502.8,596.8,85.8,1737.0,0.0,0.0,128336.0,31839.0
2025-10-31,maitri,28,-5.21,15.7,0,0.709,3.96,1475.7,608.6,89.3,1778.0,0.0,0.0,127727.0,31749.0
2025-11-01,maitri,29,-7.01,11.3,0,0.589,3.8,1498.5,608.3,84.6,1772.0,0.0,0.0,127119.0,31665.0
2025-11-02,maitri,30,-6.77,25.4,0,0.448,4.53,1543.6,656.1,89.6,1797.0,0.0,0.0,126463.0,31575.0
2025-11-03,maitri,29,-3.39,19.3,0,0.514,4.5,1449.6,606.5,84.6,1769.0,0.0,0.0,125856.0,31490.0
2025-11-04,maitri,30,-5.52,8.2,0,0.525,4.41,1529.5,635.2,88.9,1889.0,0.0,0.0,125221.0,31401.0
2025-11-05,maitri,29,-2.88,17.7,0,0.443,5.38,1496.6,592.1,85.5,1728.0,0.0,0.0,124629.0,31316.0
2025-11-06,maitri,29,-1.1,15.2,0,0.449,3.97,1459.6,580.4,80.8,1801.0,0.0,0.0,124049.0,31235.0
2025-11-07,maitri,30,-4.83,42.7,0,0.669,4.1,1697.8,688.7,87.9,1928.0,0.0,0.0,123360.0,31147.0
2025-11-08,maitri,30,-1.68,10.7,0,0.504,4.19,1410.9,562.1,87.0,2017.0,0.0,0.0,122798.0,31060.0
2025-11-09,maitri,29,0.04,11.9,0,0.43,4.74,1454.1,588.0,83.0,1671.0,0.0,0.0,122210.0,30977.0
2025-11-10,maitri,30,-0.43,34.7,0,0.562,4.21,1513.8,627.2,84.9,1884.0,0.0,0.0,121583.0,30892.0
2025-11-11,maitri,30,-3.55,38.4,0,0.588,5.12,1609.5,696.9,91.6,1920.0,0.0,0.0,120886.0,30801.0
2025-11-12,maitri,30,-6.39,15.8,0,0.343,5.12,1573.9,655.6,87.0,1787.0,0.0,0.0,120230.0,30714.0
2025-11-13,maitri,32,-7.66,16.5,0,0.581,4.76,1617.8,661.0,95.9,2057.0,0.0,0.0,119569.0,30618.0
2025-11-14,maitri,31,-5.22,27.8,0,0.696,6.0,1607.5,668.7,95.1,2066.0,0.0,0.0,118900.0,30523.0
2025-11-15,maitri,32,-7.98,8.0,0,0.652,5.43,1602.7,622.3,97.7,2082.0,0.0,0.0,118278.0,30425.0
2025-11-16,maitri,31,-5.76,9.8,0,0.871,6.29,1618.2,687.3,98.9,2175.0,0.0,0.0,117591.0,30326.0
2025-11-17,maitri,31,-9.29,18.9,0,0.76,5.49,1556.5,657.6,94.0,1913.0,0.0,0.0,116933.0,30232.0
2025-11-18,maitri,31,-8.84,40.6,0,0.789,5.68,1735.3,754.4,92.9,2010.0,0.0,0.0,116179.0,30139.0
2025-11-19,maitri,32,-7.44,17.6,0,0.957,5.38,1643.4,690.4,100.3,2283.0,0.0,0.0,115489.0,30039.0
2025-11-20,maitri,32,1.21,21.9,0,0.718,5.84,1494.8,575.2,94.8,2080.0,0.0,0.0,114913.0,29944.0
2025-11-21,maitri,31,-3.91,33.7,0,0.652,6.42,1587.3,653.1,89.9,2024.0,0.0,0.0,114260.0,29854.0
2025-11-22,maitri,32,1.04,50.5,0,0.755,5.71,1578.6,676.2,91.2,2117.0,0.0,0.0,113584.0,29763.0
2025-11-23,maitri,32,0.89,16.3,0,0.576,6.43,1554.7,621.6,93.7,1844.0,0.0,0.0,112962.0,29669.0
2025-11-24,maitri,33,1.63,20.6,0,0.662,5.57,1652.5,623.5,94.5,2103.0,0.0,0.0,112339.0,29575.0
2025-11-25,maitri,33,1.32,44.4,0,0.577,6.74,1627.4,658.8,91.8,2098.0,0.0,0.0,111680.0,29483.0
2025-11-26,maitri,32,2.14,10.9,0,0.707,5.87,1472.8,595.5,96.8,1956.0,0.0,0.0,111085.0,29386.0
2025-11-27,maitri,33,0.92,31.6,0,0.587,6.94,1581.3,660.2,94.4,2224.0,0.0,0.0,110424.0,29292.0
2025-11-28,maitri,33,5.08,13.3,0,0.588,6.45,1488.6,546.6,97.3,1999.0,0.0,0.0,109878.0,29195.0
2025-11-29,maitri,31,2.4,21.3,0,0.725,7.54,1435.8,618.6,91.2,1808.0,0.0,0.0,109259.0,29104.0
2025-11-30,maitri,33,5.31,18.3,0,0.663,5.73,1419.1,562.9,95.6,2034.0,0.0,0.0,108696.0,29008.0
2025-12-01,maitri,35,2.03,13.5,0,0.454,5.57,1549.7,594.9,99.1,2028.0,0.0,0.0,108101.0,28909.0
2025-12-02,maitri,33,1.24,13.4,0,0.515,6.23,1551.1,587.4,87.9,2085.0,0.0,0.0,107514.0,28821.0
2025-12-03,maitri,34,-2.63,22.6,0,0.557,5.76,1547.5,654.6,97.2,2148.0,0.0,0.0,106859.0,28724.0
2025-12-04,maitri,36,-0.9,30.5,0,0.593,5.82,1626.7,664.0,105.6,2163.0,0.0,0.0,106196.0,28618.0
2025-12-05,maitri,34,3.71,18.9,0,0.753,7.28,1541.7,580.1,100.7,2219.0,0.0,0.0,105615.0,28517.0
2025-12-06,maitri,35,2.63,20.5,0,0.734,6.9,1562.4,611.7,97.5,2235.0,0.0,0.0,105004.0,28420.0
2025-12-07,maitri,34,1.39,25.3,0,0.84,6.62,1630.1,707.2,101.7,2096.0,0.0,0.0,104296.0,28318.0
2025-12-08,maitri,36,-2.55,13.2,0,0.807,6.74,1607.9,650.0,106.0,2282.0,0.0,0.0,103646.0,28212.0
2025-12-09,maitri,35,-2.93,27.0,1,0.849,1.7,1818.5,662.4,108.0,2299.0,0.0,0.0,102984.0,28104.0
2025-12-10,maitri,35,-7.59,27.8,0,0.798,8.28,1670.3,704.0,108.8,2256.0,0.0,0.0,102280.0,27995.0
2025-12-11,maitri,36,-9.22,58.7,0,0.754,6.66,1797.9,840.4,114.7,2313.0,0.0,0.0,101440.0,27881.0
2025-12-12,maitri,36,-6.89,16.7,0,0.864,6.3,1725.2,722.2,116.2,2358.0,0.0,0.0,100717.0,27765.0
2025-12-13,maitri,35,-1.47,16.1,0,0.847,7.83,1582.9,678.4,108.0,2160.0,0.0,0.0,100039.0,27657.0
2025-12-14,maitri,35,7.76,27.0,0,0.785,7.17,1487.0,572.4,103.1,1961.0,0.0,0.0,99467.0,27554.0
2025-12-15,maitri,36,4.48,27.5,0,0.896,8.79,1574.8,654.9,105.6,2265.0,0.0,0.0,98812.0,27448.0
2025-12-16,maitri,35,8.27,15.5,0,0.466,7.04,1444.5,532.4,104.8,1877.0,0.0,0.0,98279.0,27343.0
2025-12-17,maitri,34,7.58,16.4,0,0.716,8.05,1423.8,557.4,93.4,1980.0,0.0,0.0,97722.0,27250.0
2025-12-18,maitri,36,5.76,24.3,0,0.717,8.26,1556.1,615.0,102.1,2043.0,0.0,0.0,97107.0,27148.0
2025-12-19,maitri,35,6.15,13.6,0,0.895,7.17,1500.7,599.4,105.6,2053.0,0.0,0.0,96508.0,27042.0
2025-12-20,maitri,38,5.3,16.2,0,0.948,7.06,1646.6,627.2,115.4,2392.0,0.0,0.0,95880.0,26927.0
2025-12-21,maitri,37,4.77,19.9,0,0.589,8.14,1557.8,601.3,107.1,2179.0,0.0,0.0,95279.0,26819.0
2025-12-22,maitri,36,2.68,29.1,0,0.935,8.06,1575.7,638.5,110.5,2259.0,0.0,0.0,94640.0,26709.0
2025-12-23,maitri,36,-2.18,14.8,0,0.628,6.7,1581.5,610.4,100.7,2133.0,0.0,0.0,94030.0,26608.0
2025-12-24,maitri,35,-6.63,8.8,0,0.634,6.93,1679.4,639.9,111.6,2173.0,0.0,0.0,93390.0,26497.0
2025-12-25,maitri,36,-3.24,8.5,0,0.745,5.98,1619.4,660.3,108.5,2312.0,0.0,0.0,92730.0,26388.0
2025-12-26,maitri,38,-3.42,11.2,0,0.738,8.2,1664.6,674.0,119.6,2386.0,0.0,0.0,92056.0,26269.0
2025-12-27,maitri,39,-4.59,10.9,0,0.591,7.63,1776.3,707.0,110.0,2480.0,0.0,0.0,91349.0,26159.0
2025-12-28,maitri,38,-3.6,17.8,0,0.858,7.73,1656.2,700.3,117.8,2514.0,0.0,0.0,90649.0,26041.0
2025-12-29,maitri,37,-0.27,11.5,0,0.864,6.69,1719.4,694.8,110.2,2322.0,0.0,0.0,89954.0,25930.0
2025-12-30,maitri,37,0.51,14.1,0,0.911,7.13,1657.6,662.0,114.2,2201.0,0.0,0.0,89292.0,25816.0
2025-12-31,maitri,37,-1.53,13.7,0,0.734,7.59,1668.7,709.6,112.2,2254.0,0.0,0.0,88582.0,25704.0
2026-01-01,maitri,39,2.84,15.7,0,0.784,7.48,1613.0,640.0,116.4,2378.0,0.0,0.0,87942.0,25588.0
2026-01-02,maitri,37,7.55,32.9,0,0.786,8.05,1578.3,611.9,103.1,2166.0,0.0,0.0,87330.0,25485.0
2026-01-03,maitri,39,7.95,24.9,0,0.994,8.4,1590.9,610.7,114.5,2302.0,0.0,0.0,86720.0,25370.0
2026-01-04,maitri,39,9.81,18.9,0,0.453,9.6,1494.8,554.1,105.5,2196.0,0.0,0.0,86166.0,25265.0
2026-01-05,maitri,36,12.19,15.5,0,0.679,8.01,1428.3,540.9,100.7,2268.0,0.0,0.0,85625.0,25164.0
2026-01-06,maitri,37,13.8,15.7,0,0.796,8.82,1365.6,469.7,105.5,2113.0,0.0,0.0,85155.0,25058.0
2026-01-07,maitri,37,13.46,21.5,0,0.666,7.47,1365.9,487.2,101.4,2112.0,0.0,0.0,84668.0,24957.0
2026-01-08,maitri,38,13.14,24.0,0,0.766,6.89,1419.5,508.2,101.3,2099.0,0.0,0.0,84160.0,24856.0
2026-01-09,maitri,38,12.62,12.8,0,0.783,7.83,1480.8,522.5,106.2,2308.0,0.0,0.0,83637.0,24749.0
2026-01-10,maitri,40,7.03,19.0,0,0.72,6.96,1607.5,592.2,123.8,2437.0,0.0,0.0,83045.0,24626.0
2026-01-11,maitri,37,8.19,8.0,0,0.807,8.1,1561.8,618.8,111.6,2288.0,0.0,0.0,82426.0,24514.0
2026-01-12,maitri,38,2.56,20.5,0,0.875,7.55,1604.8,655.6,103.9,2482.0,0.0,0.0,81770.0,24410.0
2026-01-13,maitri,38,-0.25,25.8,0,0.771,6.73,1717.1,665.8,114.1,2331.0,0.0,0.0,81105.0,24296.0
2026-01-14,maitri,38,4.15,16.6,0,0.746,9.31,1603.7,629.3,114.0,2281.0,0.0,0.0,80475.0,24182.0
2026-01-15,maitri,38,6.27,40.1,0,0.78,7.72,1569.8,591.4,109.4,2432.0,0.0,0.0,79884.0,24073.0
2026-01-16,maitri,37,10.08,12.9,0,0.799,6.95,1503.2,560.8,103.5,2247.0,0.0,65777.71279934054,79323.0,89747.0
2026-01-17,maitri,38,7.57,20.5,0,0.591,8.73,1541.0,591.4,105.8,2048.0,0.0,0.0,78732.0,89641.0
2026-01-18,maitri,38,2.69,18.4,0,0.855,7.58,1612.4,598.0,115.1,2396.0,0.0,0.0,78134.0,89526.0
2026-01-19,maitri,38,1.6,18.0,0,0.745,8.85,1650.0,664.9,108.6,2289.0,0.0,0.0,77469.0,89417.0
2026-01-20,maitri,38,1.8,17.9,0,0.95,7.57,1652.1,658.6,119.2,2476.0,0.0,0.0,76810.0,89298.0
2026-01-21,maitri,39,1.89,19.6,0,0.869,7.69,1668.9,676.1,116.7,2460.0,0.0,0.0,76134.0,89181.0
2026-01-22,maitri,39,5.33,26.8,0,0.938,8.3,1619.5,630.9,112.5,2262.0,0.0,0.0,75503.0,89069.0
2026-01-23,maitri,38,3.35,33.5,0,0.675,8.47,1590.9,637.0,114.2,2314.0,0.0,0.0,74866.0,88955.0
2026-01-24,maitri,37,4.01,18.8,0,0.751,8.58,1589.7,668.3,103.2,2274.0,0.0,0.0,74198.0,88851.0
2026-01-25,maitri,37,0.25,26.5,0,0.645,7.96,1621.8,662.6,107.2,2295.0,0.0,0.0,73535.0,88744.0
2026-01-26,maitri,38,1.77,14.0,0,0.708,8.38,1602.1,654.8,110.0,2370.0,0.0,0.0,72881.0,88634.0
2026-01-27,maitri,38,1.57,26.0,0,0.942,8.51,1664.1,659.9,122.7,2528.0,0.0,0.0,72221.0,88512.0
2026-01-28,maitri,37,-1.01,13.7,0,0.969,8.11,1708.1,697.1,111.6,2419.0,0.0,0.0,71524.0,88400.0
2026-01-29,maitri,37,-1.49,29.8,0,0.651,7.85,1699.4,667.2,103.1,2289.0,0.0,0.0,70856.0,88297.0
2026-01-30,maitri,37,-1.73,47.8,0,0.732,6.92,1726.1,705.8,109.3,2411.0,0.0,0.0,70151.0,88188.0
2026-01-31,maitri,36,-2.21,18.0,0,0.776,8.32,1635.4,651.6,110.5,2467.0,0.0,0.0,69499.0,88077.0
2026-02-01,maitri,37,3.91,7.5,0,0.853,7.91,1620.1,612.9,112.1,2366.0,0.0,0.0,68886.0,87965.0
2026-02-02,maitri,36,2.94,15.1,0,0.57,7.56,1477.7,615.3,110.9,2175.0,0.0,0.0,68271.0,87854.0
2026-02-03,maitri,36,1.66,31.9,0,0.586,8.72,1649.1,660.7,109.0,2212.0,0.0,0.0,67610.0,87745.0
2026-02-04,maitri,37,-5.33,24.0,0,0.835,6.8,1662.6,707.6,115.1,2407.0,0.0,0.0,66902.0,87630.0
2026-02-05,maitri,36,-7.22,21.2,0,0.54,8.92,1656.9,750.8,105.7,2256.0,0.0,0.0,66151.0,87524.0
2026-02-06,maitri,37,-6.77,29.2,0,0.718,7.72,1749.7,739.1,119.3,2548.0,0.0,0.0,65412.0,87405.0
2026-02-07,maitri,37,-7.77,23.4,0,0.789,7.92,1869.1,795.8,113.8,2332.0,0.0,0.0,64617.0,87291.0
2026-02-08,maitri,36,-1.99,32.0,0,0.816,7.39,1763.6,727.2,107.3,2386.0,0.0,0.0,63889.0,87184.0
2026-02-09,maitri,36,-2.21,28.3,0,0.747,6.46,1710.1,691.9,107.3,2262.0,0.0,0.0,63197.0,87076.0
2026-02-10,maitri,37,2.24,36.5,0,0.717,7.49,1663.1,680.2,104.7,2152.0,0.0,0.0,62517.0,86972.0
2026-02-11,maitri,36,1.95,22.4,0,0.859,7.78,1534.0,657.6,106.3,2248.0,0.0,0.0,61860.0,86865.0
2026-02-12,maitri,36,1.62,28.3,0,0.789,7.98,1627.7,644.8,106.3,2202.0,0.0,0.0,61215.0,86759.0
2026-02-13,maitri,37,0.92,17.0,0,0.674,7.33,1608.2,621.9,111.4,2314.0,0.0,0.0,60593.0,86648.0
2026-02-14,maitri,37,0.63,15.1,0,0.752,5.89,1606.5,607.0,108.9,2304.0,0.0,0.0,59986.0,86539.0
2026-02-15,maitri,36,5.86,39.8,0,0.79,6.3,1573.5,623.2,100.7,2119.0,0.0,0.0,59363.0,86438.0
2026-02-16,maitri,37,-2.79,21.4,0,0.947,8.77,1685.4,724.7,109.2,2523.0,0.0,0.0,58638.0,86329.0
2026-02-17,maitri,34,-8.89,27.4,0,0.832,6.52,1767.6,730.2,107.4,2339.0,0.0,0.0,57908.0,86222.0
2026-02-18,maitri,37,-9.24,20.6,0,0.879,8.23,1700.0,686.6,117.2,2576.0,0.0,0.0,57221.0,86104.0
2026-02-19,maitri,36,-7.77,15.4,0,0.656,6.53,1729.7,695.7,108.5,2316.0,0.0,0.0,56526.0,85996.0
2026-02-20,maitri,36,-4.42,19.8,0,0.663,7.01,1646.4,691.4,107.2,2264.0,0.0,0.0,55834.0,85889.0
2026-02-21,maitri,35,-2.39,36.1,0,0.693,7.52,1660.7,694.0,106.3,2257.0,0.0,0.0,55140.0,85782.0
2026-02-22,maitri,35,-3.48,25.0,0,0.7,6.45,1675.9,687.6,110.2,2171.0,0.0,0.0,54452.0,85672.0
2026-02-23,maitri,35,0.08,9.7,0,0.592,8.09,1546.5,618.3,100.2,2155.0,0.0,0.0,53834.0,85572.0
2026-02-24,maitri,35,3.02,18.2,0,0.861,6.97,1567.6,632.8,104.5,2186.0,0.0,0.0,53201.0,85468.0
2026-02-25,maitri,34,2.7,42.2,0,0.811,7.18,1577.4,646.4,103.7,2028.0,0.0,0.0,52555.0,85364.0
2026-02-26,maitri,35,4.91,18.3,0,0.663,6.61,1494.2,588.9,98.4,2124.0,0.0,0.0,51966.0,85265.0
2026-02-27,maitri,33,4.48,9.4,0,0.772,7.2,1467.2,575.9,96.4,2019.0,0.0,0.0,51390.0,85169.0
2026-02-28,maitri,34,1.44,44.7,0,0.718,7.79,1603.2,674.5,100.3,2100.0,0.0,0.0,50716.0,85069.0
2026-03-01,maitri,35,2.95,26.9,0,0.772,6.53,1541.3,618.1,99.2,2199.0,0.0,0.0,50098.0,84970.0
2026-03-02,maitri,33,2.29,19.7,0,0.52,7.77,1504.4,592.8,95.2,2084.0,0.0,0.0,49505.0,84874.0
2026-03-03,maitri,33,1.37,17.4,0,0.659,6.06,1516.1,607.0,96.9,1987.0,0.0,0.0,48898.0,84778.0
2026-03-04,maitri,33,5.3,32.2,0,0.664,6.96,1463.0,593.7,96.3,1984.0,0.0,0.0,48304.0,84681.0
2026-03-05,maitri,33,-4.06,16.3,0,0.741,6.7,1676.0,703.5,96.9,2069.0,0.0,0.0,47601.0,84584.0
2026-03-06,maitri,32,-8.45,33.3,0,0.586,5.54,1699.7,728.8,97.5,1999.0,0.0,0.0,46872.0,84487.0
2026-03-07,maitri,33,-11.34,25.9,0,0.356,6.37,1685.8,707.1,103.3,2020.0,97400.0,0.0,143565.0,84384.0
2026-03-08,maitri,33,-11.11,22.9,0,0.521,6.16,1703.8,707.9,107.4,2099.0,0.0,0.0,142857.0,84276.0
2026-03-09,maitri,32,-10.59,22.1,0,0.638,5.49,1628.9,685.6,102.8,2134.0,0.0,0.0,142171.0,84173.0
2026-03-10,maitri,33,-14.2,19.4,0,0.647,6.26,1708.8,739.8,99.9,2200.0,0.0,0.0,141432.0,84073.0
2026-03-11,maitri,33,-15.52,32.4,0,0.836,6.04,1791.4,780.1,107.6,2164.0,0.0,0.0,140651.0,83966.0
2026-03-12,maitri,33,-16.24,14.6,0,0.698,5.82,1697.3,704.0,103.3,2308.0,0.0,0.0,139947.0,83863.0
2026-03-13,maitri,32,-6.23,10.7,0,0.632,5.75,1625.0,638.2,97.9,2124.0,0.0,0.0,139309.0,83765.0
2026-03-14,maitri,34,-0.15,27.4,0,0.613,5.66,1569.5,591.0,97.7,2035.0,0.0,0.0,138718.0,83667.0
2026-03-15,maitri,32,-2.28,27.7,0,0.744,5.39,1569.4,583.0,91.7,2146.0,0.0,0.0,138135.0,83575.0
2026-03-16,maitri,31,-3.9,26.0,0,0.534,5.67,1544.3,641.0,91.1,1971.0,0.0,0.0,137494.0,83484.0
2026-03-17,maitri,30,-7.77,25.4,0,0.582,5.04,1719.3,757.1,93.1,1930.0,0.0,0.0,136737.0,83391.0
2026-03-18,maitri,31,-13.41,18.7,0,0.463,7.27,1632.8,759.8,95.8,2023.0,0.0,0.0,135977.0,83295.0
2026-03-19,maitri,32,-12.32,30.0,0,0.757,4.35,1642.6,686.9,102.2,2139.0,0.0,0.0,135290.0,83193.0
2026-03-20,maitri,32,-14.28,21.2,0,0.628,4.84,1641.3,709.8,100.8,2154.0,0.0,0.0,134581.0,83092.0
2026-03-21,maitri,31,-13.0,17.7,0,0.49,4.82,1689.2,678.4,96.3,2017.0,0.0,0.0,133902.0,82996.0
2026-03-22,maitri,31,-16.83,19.1,0,0.555,6.52,1757.9,731.9,98.6,2025.0,0.0,0.0,133170.0,82897.0
2026-03-23,maitri,29,-17.31,51.1,0,0.624,4.09,1769.1,769.2,90.9,1824.0,0.0,0.0,132401.0,82807.0
2026-03-24,maitri,30,-14.83,10.6,0,0.526,5.23,1708.5,709.2,93.2,2007.0,0.0,0.0,131692.0,82713.0
2026-03-25,maitri,29,-12.13,27.2,0,0.486,5.02,1658.5,709.1,93.4,1859.0,0.0,0.0,130983.0,82620.0
2026-03-26,maitri,28,-9.78,10.9,0,0.465,5.0,1540.1,650.7,85.0,1855.0,0.0,0.0,130332.0,82535.0
2026-03-27,maitri,29,-13.45,21.2,0,0.578,5.55,1613.8,716.3,90.1,1954.0,0.0,0.0,129616.0,82445.0
2026-03-28,maitri,29,-9.52,18.6,0,0.487,5.45,1576.9,663.1,88.0,1844.0,0.0,0.0,128953.0,82357.0
2026-03-29,maitri,30,-11.64,9.3,0,0.469,4.2,1653.0,675.5,90.8,2002.0,0.0,0.0,128277.0,82266.0
2026-03-30,maitri,29,-8.81,26.4,0,0.357,4.56,1592.3,651.5,85.1,1833.0,0.0,0.0,127626.0,82181.0
2026-03-31,maitri,29,-8.59,19.2,0,0.52,3.04,1534.2,606.7,88.3,1881.0,0.0,0.0,127019.0,82093.0
2026-04-01,maitri,28,-12.81,9.4,0,0.482,4.32,1576.0,630.3,84.5,1821.0,0.0,0.0,126389.0,82008.0
2026-04-02,maitri,28,-12.91,32.3,0,0.459,3.61,1715.3,741.1,85.2,1934.0,0.0,0.0,125648.0,81923.0
2026-04-03,maitri,27,-10.84,41.7,0,0.515,3.95,1632.1,703.4,80.5,1728.0,0.0,0.0,124944.0,81843.0
2026-04-04,maitri,26,-8.38,42.8,0,0.574,2.81,1604.8,642.9,79.4,1700.0,0.0,0.0,124302.0,81763.0
2026-04-05,maitri,28,-8.82,26.7,0,0.562,4.19,1587.2,667.4,86.7,1752.0,0.0,0.0,123634.0,81676.0
2026-04-06,maitri,27,-3.85,23.5,0,0.537,2.63,1472.2,569.7,79.6,1776.0,0.0,0.0,123064.0,81597.0
2026-04-07,maitri,28,-1.49,40.5,0,0.435,3.83,1495.1,644.4,76.4,1699.0,0.0,0.0,122420.0,81520.0
2026-04-08,maitri,28,-3.63,47.1,0,0.389,2.78,1579.5,637.0,83.0,1708.0,0.0,0.0,121783.0,81437.0
2026-04-09,maitri,27,-2.19,37.6,0,0.325,2.96,1491.1,617.9,77.8,1621.0,0.0,0.0,121165.0,81360.0
2026-04-10,maitri,27,2.74,15.8,0,0.372,4.27,1353.2,546.1,73.7,1630.0,0.0,0.0,120619.0,81286.0
2026-04-11,maitri,26,6.83,25.6,0,0.439,3.79,1244.5,460.8,73.6,1494.0,0.0,0.0,120158.0,81212.0
2026-04-12,maitri,25,-0.04,28.4,0,0.335,4.09,1370.8,561.0,68.1,1415.0,0.0,0.0,119597.0,81144.0
2026-04-13,maitri,27,-4.75,11.1,0,0.434,4.29,1455.3,602.7,82.1,1733.0,0.0,0.0,118995.0,81062.0
2026-04-14,maitri,26,-0.93,29.0,0,0.3,2.57,1384.5,557.0,73.8,1467.0,0.0,0.0,118437.0,80988.0
2026-04-15,maitri,26,-5.96,62.0,1,0.21,1.95,1731.1,724.0,70.0,1635.0,0.0,0.0,117713.0,80918.0
2026-04-16,maitri,28,-10.97,31.4,0,0.5,1.9,1546.5,627.5,85.8,1927.0,0.0,0.0,117086.0,80833.0
2026-04-17,maitri,25,-12.43,44.7,0,0.338,3.36,1635.6,730.9,74.3,1603.0,0.0,0.0,116355.0,80758.0
2026-04-18,maitri,26,-10.76,26.1,0,0.288,2.4,1491.1,624.5,76.0,1719.0,0.0,0.0,115731.0,80682.0
2026-04-19,maitri,25,-11.1,23.5,0,0.25,2.01,1496.4,635.8,72.4,1575.0,0.0,0.0,115095.0,80610.0
2026-04-20,maitri,26,-13.16,28.6,0,0.425,3.0,1674.2,724.7,78.9,1799.0,0.0,0.0,114370.0,80531.0
2026-04-21,maitri,26,-14.96,17.3,0,0.533,3.14,1523.3,667.5,79.5,1717.0,0.0,0.0,113702.0,80451.0
2026-04-22,maitri,26,-16.59,16.4,0,0.313,3.03,1535.2,668.0,74.8,1549.0,0.0,0.0,113035.0,80377.0
2026-04-23,maitri,25,-18.49,41.9,0,0.328,2.45,1657.0,754.7,79.7,1635.0,0.0,0.0,112280.0,80297.0
2026-04-24,maitri,25,-9.97,43.9,0,0.476,2.31,1535.0,742.9,75.1,1743.0,0.0,0.0,111537.0,80222.0
2026-04-25,maitri,26,-9.36,16.3,0,0.123,2.49,1506.9,706.3,73.7,1611.0,0.0,0.0,110831.0,80148.0
2026-04-26,maitri,27,-7.01,37.4,0,0.57,2.25,1533.9,697.9,78.9,1733.0,0.0,0.0,110133.0,80069.0
2026-04-27,maitri,26,-9.51,24.1,0,0.62,2.33,1545.7,642.4,81.8,1762.0,0.0,0.0,109490.0,79987.0
2026-04-28,maitri,24,-10.63,28.9,0,0.0,2.0,1419.4,630.8,66.2,1487.0,0.0,0.0,108860.0,79921.0
2026-04-29,maitri,25,-13.26,30.5,0,0.302,2.36,1479.5,638.9,75.4,1600.0,0.0,0.0,108221.0,79846.0
2026-04-30,maitri,27,-21.66,38.3,0,0.22,0.55,1704.7,712.3,81.1,1902.0,0.0,0.0,107508.0,79765.0
2026-05-01,maitri,25,-24.49,26.2,0,0.268,1.51,1571.2,710.8,76.2,1615.0,0.0,0.0,106797.0,79688.0
2026-05-02,maitri,26,-28.24,45.9,0,0.25,0.63,1856.2,815.7,78.4,1771.0,0.0,0.0,105982.0,79610.0
2026-05-03,maitri,24,-32.74,29.0,0,0.397,1.79,1623.6,717.9,75.2,1696.0,0.0,0.0,105264.0,79535.0
2026-05-04,maitri,25,-33.09,33.2,0,0.286,2.75,1685.1,792.0,78.9,1636.0,0.0,0.0,104472.0,79456.0
2026-05-05,maitri,25,-25.34,18.1,0,0.191,1.27,1620.8,729.3,77.4,1598.0,0.0,0.0,103743.0,79379.0
2026-05-06,maitri,25,-23.4,63.8,1,0.279,0.57,1829.8,790.7,75.5,1703.0,0.0,0.0,102952.0,79303.0
2026-05-07,maitri,24,-17.57,31.5,0,0.362,2.13,1520.1,698.6,73.5,1596.0,0.0,0.0,102253.0,79230.0
2026-05-08,maitri,24,-15.63,35.0,0,0.158,0.15,1642.9,639.9,73.4,1532.0,0.0,0.0,101613.0,79156.0
2026-05-09,maitri,26,-12.88,13.2,0,0.102,1.23,1475.4,601.0,72.5,1507.0,0.0,0.0,101013.0,79084.0
2026-05-10,maitri,26,-16.04,18.5,0,0.539,1.86,1563.8,696.7,81.0,1793.0,0.0,0.0,100316.0,79003.0
2026-05-11,maitri,26,-14.1,44.0,0,0.223,0.0,1624.6,684.6,75.5,1658.0,0.0,0.0,99631.0,78927.0
2026-05-12,maitri,26,-11.88,29.6,0,0.284,0.92,1578.5,656.1,75.1,1644.0,0.0,0.0,98975.0,78852.0
2026-05-13,maitri,25,-14.27,11.8,0,0.252,2.37,1530.1,652.0,75.6,1615.0,0.0,0.0,98323.0,78776.0
2026-05-14,maitri,25,-12.62,40.9,0,0.366,2.3,1553.2,647.0,74.3,1599.0,0.0,0.0,97676.0,78702.0
2026-05-15,maitri,26,-11.27,21.1,0,0.513,1.86,1511.5,630.6,76.6,1683.0,0.0,0.0,97046.0,78626.0
2026-05-16,maitri,26,-13.76,48.1,0,0.37,2.22,1645.1,724.2,82.1,1672.0,0.0,0.0,96321.0,78543.0
2026-05-17,maitri,24,-17.67,25.7,0,0.118,1.75,1568.5,716.8,73.7,1486.0,0.0,0.0,95604.0,78470.0
2026-05-18,maitri,24,-21.1,29.1,0,0.134,1.99,1542.5,666.3,68.4,1651.0,0.0,0.0,94938.0,78401.0
2026-05-19,maitri,25,-19.87,44.0,0,0.252,1.38,1764.5,760.5,73.0,1673.0,0.0,0.0,94178.0,78328.0
2026-05-20,maitri,25,-18.11,18.4,0,0.268,1.68,1521.7,635.5,77.4,1564.0,0.0,0.0,93542.0,78251.0
2026-05-21,maitri,25,-20.28,17.8,0,0.093,1.16,1559.1,644.6,74.4,1688.0,0.0,0.0,92898.0,78176.0
2026-05-22,maitri,26,-19.47,24.9,0,0.398,2.48,1571.3,714.6,84.3,1698.0,0.0,0.0,92183.0,78092.0
2026-05-23,maitri,26,-17.08,38.4,0,0.17,2.67,1588.7,711.9,79.4,1641.0,0.0,0.0,91471.0,78013.0
2026-05-24,maitri,26,-15.0,15.5,0,0.479,2.57,1524.0,635.5,80.9,1783.0,0.0,0.0,90836.0,77932.0
2026-05-25,maitri,23,-10.33,13.5,0,0.518,1.31,1402.7,569.8,68.0,1443.0,0.0,0.0,90266.0,77864.0
2026-05-26,maitri,25,-7.4,38.6,0,0.27,0.93,1483.4,606.9,74.2,1548.0,0.0,0.0,89659.0,77790.0
2026-05-27,maitri,26,-12.31,21.3,0,0.353,2.49,1489.9,625.2,75.4,1639.0,0.0,0.0,89034.0,77714.0
2026-05-28,maitri,24,-7.78,23.3,0,0.152,1.98,1444.7,576.0,72.1,1480.0,0.0,0.0,88458.0,77642.0
2026-05-29,maitri,24,-11.16,12.6,0,0.375,1.83,1433.8,589.8,73.1,1581.0,0.0,0.0,87868.0,77569.0
2026-05-30,maitri,24,-8.92,20.8,0,0.24,1.16,1398.8,573.7,68.7,1501.0,0.0,0.0,87294.0,77501.0
2026-05-31,maitri,25,-10.23,27.6,0,0.17,1.9,1477.0,610.5,74.9,1539.0,0.0,0.0,86684.0,77426.0
2026-06-01,maitri,26,-12.86,41.0,0,0.265,0.84,1647.7,698.1,83.1,1710.0,0.0,0.0,85986.0,77343.0
2026-06-02,maitri,27,-19.5,20.1,0,0.244,2.04,1618.9,696.5,81.7,1751.0,0.0,0.0,85289.0,77261.0
2026-06-03,maitri,24,-19.73,55.9,0,0.261,2.57,1704.0,771.3,74.5,1567.0,0.0,0.0,84518.0,77186.0
2026-06-04,maitri,25,-24.39,20.9,0,0.414,2.74,1558.7,695.2,77.6,1699.0,0.0,0.0,83823.0,77109.0
2026-06-05,maitri,25,-20.14,21.0,0,0.206,2.1,1525.4,714.6,76.2,1714.0,0.0,0.0,83108.0,77032.0
2026-06-06,maitri,25,-14.91,53.5,0,0.508,0.63,1623.9,763.5,73.9,1690.0,0.0,0.0,82344.0,76959.0
2026-06-07,maitri,25,-18.05,30.7,0,0.141,1.74,1644.0,686.7,74.9,1549.0,0.0,0.0,81658.0,76884.0
2026-06-08,maitri,25,-17.12,22.3,0,0.494,3.1,1586.5,669.3,77.9,1577.0,0.0,0.0,80988.0,76806.0
2026-06-09,maitri,26,-19.67,26.4,0,0.178,0.99,1578.9,660.9,83.0,1573.0,0.0,0.0,80328.0,76723.0
2026-06-10,maitri,26,-21.47,49.9,0,0.3,1.56,1724.6,802.1,76.0,1673.0,0.0,0.0,79526.0,76647.0
2026-06-11,maitri,24,-18.47,52.4,0,0.241,2.59,1642.2,746.6,72.3,1548.0,0.0,0.0,78779.0,76574.0
2026-06-12,maitri,26,-18.62,20.1,0,0.259,2.03,1544.9,672.7,82.3,1643.0,0.0,0.0,78106.0,76492.0
2026-06-13,maitri,26,-13.08,27.9,0,0.396,3.34,1582.9,723.6,78.4,1712.0,0.0,0.0,77383.0,76414.0
2026-06-14,maitri,25,-15.66,29.6,0,0.48,1.09,1570.2,670.3,76.9,1641.0,0.0,0.0,76712.0,76337.0
2026-06-15,maitri,26,-13.05,18.8,0,0.443,0.91,1617.1,667.7,77.4,1652.0,0.0,0.0,76045.0,76260.0
2026-06-16,maitri,25,-13.81,27.9,0,0.251,2.46,1589.3,688.8,72.8,1626.0,0.0,0.0,75356.0,76187.0
2026-06-17,maitri,25,-12.21,28.7,0,0.322,0.76,1580.1,642.0,71.0,1685.0,0.0,0.0,74714.0,76116.0
2026-06-18,maitri,25,-14.89,46.3,0,0.206,1.46,1655.0,744.5,73.3,1523.0,0.0,0.0,73969.0,76042.0
2026-06-19,maitri,23,-15.83,47.6,0,0.181,1.55,1578.9,690.0,66.8,1478.0,0.0,0.0,73279.0,75976.0
2026-06-20,maitri,25,-16.82,25.0,0,0.162,2.33,1578.1,709.5,75.1,1477.0,0.0,0.0,72570.0,75901.0
2026-06-21,maitri,24,-19.95,26.3,0,0.247,2.03,1557.7,675.0,71.5,1483.0,0.0,0.0,71895.0,75829.0
2026-06-22,maitri,24,-17.74,38.1,0,0.33,1.92,1675.4,720.2,72.4,1546.0,0.0,0.0,71175.0,75757.0
2026-06-23,maitri,26,-15.97,22.6,0,0.071,1.32,1569.7,641.0,75.7,1667.0,0.0,0.0,70534.0,75681.0
2026-06-24,maitri,25,-14.71,37.0,0,0.294,2.45,1601.9,680.9,75.3,1567.0,0.0,0.0,69853.0,75606.0
2026-06-25,maitri,25,-10.67,27.9,0,0.482,4.42,1521.8,655.1,74.8,1602.0,0.0,0.0,69198.0,75531.0
2026-06-26,maitri,25,-7.65,19.3,0,0.435,2.08,1512.0,568.9,72.3,1617.0,0.0,0.0,68629.0,75459.0
2026-06-27,maitri,25,-11.01,19.4,0,0.23,1.67,1423.8,595.2,74.0,1572.0,0.0,0.0,68034.0,75384.0
2026-06-28,maitri,26,-11.39,53.3,0,0.132,0.69,1704.2,708.8,78.5,1554.0,0.0,0.0,67325.0,75306.0
2026-06-29,maitri,24,-14.89,27.2,0,0.355,1.15,1524.5,667.0,73.3,1687.0,0.0,0.0,66658.0,75233.0
2026-06-30,maitri,25,-15.7,57.9,0,0.022,1.45,1619.0,743.5,72.0,1514.0,0.0,0.0,65914.0,75161.0
2026-07-01,maitri,26,-18.37,23.4,0,0.433,1.23,1572.9,658.7,80.4,1737.0,0.0,0.0,65256.0,75080.0
2026-07-02,maitri,23,-13.46,32.9,0,0.274,1.59,1449.2,628.6,64.8,1463.0,0.0,0.0,64627.0,75016.0
2026-07-03,maitri,25,-13.46,79.6,1,0.52,1.72,1839.4,813.8,76.8,1702.0,0.0,0.0,63813.0,74939.0
2026-07-04,maitri,25,-15.32,18.7,0,0.093,2.47,1474.9,667.2,73.0,1617.0,0.0,0.0,63146.0,74866.0
2026-07-05,maitri,25,-12.34,13.1,0,0.41,1.49,1507.7,602.3,73.7,1733.0,0.0,0.0,62544.0,74792.0
2026-07-06,maitri,25,-20.66,50.1,0,0.288,0.75,1766.3,761.4,75.1,1593.0,0.0,0.0,61782.0,74717.0
2026-07-07,maitri,25,-26.98,20.6,0,0.26,2.54,1595.7,689.3,76.8,1715.0,0.0,0.0,61093.0,74640.0
2026-07-08,maitri,27,-23.18,29.0,0,0.136,1.57,1666.1,696.7,84.5,1747.0,0.0,0.0,60396.0,74556.0
2026-07-09,maitri,25,-22.42,22.9,0,0.371,0.39,1555.8,679.1,80.5,1727.0,0.0,0.0,59717.0,74475.0
2026-07-10,maitri,25,-21.19,32.7,0,0.381,2.1,1629.2,727.8,75.6,1662.0,0.0,0.0,58990.0,74400.0
2026-07-11,maitri,27,-25.23,19.6,0,0.514,2.32,1781.8,785.5,84.7,1831.0,0.0,0.0,58204.0,74315.0
2026-07-12,maitri,25,-24.37,27.1,0,0.421,0.0,1679.1,740.1,77.6,1749.0,0.0,0.0,57464.0,74237.0
2026-07-13,maitri,26,-17.18,35.4,0,0.229,1.02,1621.4,752.3,80.4,1715.0,0.0,0.0,56712.0,74157.0
2026-07-14,maitri,25,-15.05,19.2,0,0.18,1.52,1493.2,632.4,74.9,1664.0,0.0,0.0,56079.0,74082.0
2026-07-15,maitri,26,-15.41,21.8,0,0.136,2.11,1547.3,655.0,77.4,1631.0,0.0,0.0,55424.0,74005.0
2026-07-16,maitri,26,-17.64,25.3,0,0.477,1.24,1612.1,658.1,82.2,1734.0,0.0,0.0,54766.0,73922.0
2026-07-17,maitri,25,-19.33,16.1,0,0.207,1.02,1541.8,666.4,74.5,1472.0,0.0,0.0,54100.0,73848.0
2026-07-18,maitri,25,-26.26,24.5,0,0.478,2.11,1672.9,738.6,82.9,1623.0,0.0,0.0,53361.0,73765.0
2026-07-19,maitri,25,-24.3,30.8,0,0.363,1.27,1621.9,734.5,78.2,1651.0,0.0,0.0,52627.0,73687.0
2026-07-20,maitri,25,-20.81,24.7,0,0.34,1.98,1563.3,665.1,75.3,1590.0,0.0,0.0,51962.0,73611.0
2026-07-21,maitri,26,-25.69,26.1,0,0.263,0.82,1681.6,735.4,80.1,1755.0,0.0,0.0,51226.0,73531.0
2026-07-22,maitri,25,-26.76,29.0,0,0.379,0.65,1623.6,723.1,81.7,1612.0,0.0,0.0,50503.0,73450.0
2026-07-23,maitri,25,-29.22,22.2,0,0.298,2.13,1677.8,743.6,77.5,1640.0,0.0,0.0,49759.0,73372.0
2026-07-24,maitri,25,-30.62,39.1,0,0.256,1.78,1743.5,777.1,80.6,1633.0,0.0,0.0,48982.0,73292.0
2026-07-25,maitri,26,-28.5,53.4,0,0.384,2.25,1754.5,853.6,80.7,1829.0,0.0,0.0,48129.0,73211.0
2026-07-26,maitri,26,-33.59,24.0,0,0.283,1.23,1709.7,802.1,80.2,1700.0,0.0,0.0,47327.0,73131.0
2026-07-27,maitri,24,-29.12,35.8,0,0.204,1.04,1619.6,717.0,76.0,1605.0,123541.86343550753,0.0,170151.0,73055.0
2026-07-28,maitri,24,-25.01,26.4,0,0.372,2.55,1649.3,749.8,73.3,1632.0,0.0,0.0,169402.0,72981.0
2026-07-29,maitri,25,-24.84,34.0,0,0.292,0.53,1666.9,672.9,79.6,1706.0,0.0,0.0,168729.0,72902.0
2026-07-30,maitri,26,-31.82,56.2,0,0.359,2.48,1964.4,917.8,83.4,1809.0,0.0,0.0,167811.0,72818.0
2026-07-31,maitri,26,-32.79,36.1,0,0.246,2.52,1812.6,773.8,79.5,1720.0,0.0,0.0,167037.0,72739.0
2026-08-01,maitri,24,-26.44,13.8,0,0.155,2.2,1544.0,670.1,73.5,1466.0,0.0,0.0,166367.0,72665.0
2026-08-02,maitri,25,-34.05,35.2,0,0.508,1.12,1672.2,737.6,79.7,1736.0,0.0,0.0,165629.0,72586.0
2026-08-03,maitri,24,-32.51,48.7,0,0.486,1.03,1765.3,811.7,78.2,1678.0,0.0,0.0,164818.0,72507.0
2026-08-04,maitri,25,-33.9,26.4,0,0.406,1.45,1652.2,765.1,84.7,1734.0,0.0,0.0,164053.0,72423.0
2026-08-05,maitri,26,-28.67,44.0,0,0.253,0.69,1863.8,776.4,80.2,1669.0,0.0,0.0,163276.0,72342.0
2026-08-06,maitri,24,-29.1,21.7,0,0.264,0.93,1617.4,703.4,76.2,1664.0,0.0,0.0,162573.0,72266.0
2026-08-07,maitri,24,-25.99,15.5,0,0.466,2.05,1639.0,697.0,76.3,1655.0,0.0,0.0,161876.0,72190.0
2026-08-08,maitri,24,-22.91,30.7,0,0.258,2.05,1607.2,753.9,74.0,1526.0,0.0,0.0,161122.0,72116.0
2026-08-09,maitri,25,-16.31,13.8,0,0.224,0.87,1524.4,640.4,74.9,1570.0,0.0,0.0,160482.0,72041.0
2026-08-10,maitri,25,-17.4,26.1,0,0.525,2.07,1585.5,661.4,76.2,1815.0,0.0,0.0,159820.0,71965.0
2026-08-11,maitri,25,-16.42,49.4,0,0.294,1.92,1712.3,743.4,76.7,1657.0,0.0,0.0,159077.0,71888.0
2026-08-12,maitri,26,-21.56,12.9,0,0.512,2.66,1631.8,727.6,81.4,1836.0,0.0,0.0,158349.0,71807.0
2026-08-13,maitri,24,-17.2,16.8,0,0.132,2.0,1470.9,650.0,69.8,1459.0,0.0,0.0,157699.0,71737.0
2026-08-14,maitri,26,-19.85,18.6,0,0.362,2.34,1661.9,685.6,82.9,1673.0,0.0,0.0,157013.0,71654.0
2026-08-15,maitri,25,-21.36,27.9,0,0.549,1.93,1621.5,705.8,79.5,1681.0,0.0,0.0,156308.0,71575.0
2026-08-16,maitri,26,-20.87,24.5,0,0.304,2.29,1603.9,697.2,79.5,1711.0,0.0,0.0,155610.0,71495.0
2026-08-17,maitri,24,-25.37,51.3,0,0.268,0.7,1625.0,746.5,77.5,1579.0,0.0,0.0,154864.0,71418.0
2026-08-18,maitri,25,-23.31,42.5,0,0.16,1.51,1725.9,731.7,72.1,1578.0,0.0,0.0,154132.0,71346.0
2026-08-19,maitri,25,-19.23,35.0,0,0.43,1.57,1644.2,704.8,80.8,1654.0,0.0,0.0,153427.0,71265.0
2026-08-20,maitri,26,-18.03,30.2,0,0.208,1.43,1620.6,728.0,76.5,1611.0,0.0,0.0,152699.0,71188.0
2026-08-21,maitri,24,-23.05,33.4,0,0.289,1.91,1618.9,718.2,74.7,1577.0,0.0,0.0,151981.0,71114.0
2026-08-22,maitri,25,-22.45,19.7,0,0.152,2.04,1557.9,681.2,74.7,1663.0,0.0,0.0,151300.0,71039.0
2026-08-23,maitri,24,-19.17,40.5,0,0.487,1.87,1628.9,730.4,73.0,1551.0,0.0,0.0,150570.0,70966.0
2026-08-24,maitri,25,-24.84,17.7,0,0.439,1.48,1634.3,750.5,82.1,1721.0,0.0,0.0,149819.0,70884.0
2026-08-25,maitri,26,-26.9,39.9,0,0.296,1.08,1776.3,787.2,85.8,1806.0,0.0,0.0,149032.0,70798.0
2026-08-26,maitri,26,-22.32,46.2,0,0.162,2.37,1721.5,806.4,78.6,1650.0,0.0,0.0,148226.0,70719.0
2026-08-27,maitri,25,-20.49,30.6,0,0.484,1.84,1673.9,714.0,79.3,1667.0,0.0,0.0,147512.0,70640.0
2026-08-28,maitri,26,-18.5,25.9,0,0.256,0.89,1601.6,677.1,79.2,1729.0,0.0,0.0,146834.0,70561.0
2026-08-29,maitri,26,-12.22,33.0,0,0.167,1.46,1541.6,656.2,80.7,1558.0,0.0,0.0,146178.0,70480.0
2026-08-30,maitri,24,-11.49,8.4,0,0.089,0.38,1455.9,568.5,65.6,1470.0,0.0,0.0,145610.0,70415.0
2026-08-31,maitri,25,-10.27,31.5,0,0.222,1.62,1459.6,619.2,74.4,1507.0,0.0,0.0,144991.0,70340.0
2026-09-01,maitri,26,-2.67,26.4,0,0.125,1.46,1412.9,575.5,71.4,1439.0,0.0,0.0,144415.0,70269.0
2026-09-02,maitri,25,-5.77,27.0,0,0.225,1.2,1379.6,553.5,67.2,1528.0,0.0,0.0,143861.0,70202.0
2026-09-03,maitri,24,-10.16,37.1,0,0.389,2.71,1477.2,645.6,71.2,1492.0,0.0,0.0,143216.0,70130.0
2026-09-04,maitri,26,-9.81,26.6,0,0.255,0.79,1437.5,612.6,81.0,1626.0,0.0,0.0,142603.0,70049.0
2026-09-05,maitri,24,-9.46,17.0,0,0.343,2.09,1434.1,581.3,70.0,1602.0,0.0,0.0,142022.0,69979.0
2026-09-06,maitri,25,-12.24,25.8,0,0.213,3.13,1573.5,692.2,75.8,1676.0,0.0,0.0,141330.0,69904.0
2026-09-07,maitri,25,-16.11,28.1,0,0.308,2.35,1564.9,681.9,78.7,1627.0,0.0,0.0,140648.0,69825.0
2026-09-08,maitri,26,-8.56,28.6,0,0.531,1.58,1543.9,629.9,78.7,1769.0,0.0,0.0,140018.0,69746.0
2026-09-09,maitri,24,-8.69,29.0,0,0.258,0.81,1546.7,591.1,70.7,1530.0,0.0,0.0,139427.0,69675.0
2026-09-10,maitri,24,-12.15,41.9,0,0.346,0.65,1574.2,662.9,68.6,1536.0,0.0,0.0,138764.0,69607.0
2026-09-11,maitri,25,-9.69,17.1,0,0.112,1.31,1425.7,593.9,70.9,1425.0,0.0,0.0,138170.0,69536.0
2026-09-12,maitri,26,-10.92,29.0,0,0.482,1.12,1524.2,669.8,81.3,1806.0,0.0,0.0,137500.0,69455.0
2026-09-13,maitri,27,-12.37,46.1,0,0.243,1.1,1644.1,713.6,80.5,1633.0,0.0,0.0,136787.0,69374.0
2026-09-14,maitri,24,-10.91,12.9,1,0.426,0.25,1483.7,613.0,73.3,1654.0,0.0,0.0,136174.0,69301.0
2026-09-15,maitri,25,-15.62,28.8,0,0.285,1.53,1544.4,642.3,75.9,1642.0,0.0,0.0,135531.0,69225.0
2026-09-16,maitri,24,-14.2,20.8,0,0.373,1.94,1535.8,646.3,77.9,1523.0,0.0,0.0,134885.0,69147.0
2026-09-17,maitri,26,-8.0,22.7,0,0.381,0.73,1520.8,630.6,76.2,1673.0,0.0,0.0,134254.0,69071.0
2026-09-18,maitri,24,-7.52,18.1,0,0.246,1.12,1353.8,542.1,73.5,1614.0,0.0,0.0,133712.0,68997.0
2026-09-19,maitri,24,-9.8,24.5,0,0.431,1.49,1436.8,620.8,72.5,1658.0,0.0,0.0,133091.0,68925.0
2026-09-20,maitri,25,-12.05,56.9,0,0.209,1.46,1613.6,727.0,77.8,1541.0,0.0,0.0,132364.0,68847.0
2026-09-21,maitri,25,-13.55,15.4,0,0.393,2.89,1536.4,652.2,73.3,1596.0,0.0,0.0,131712.0,68774.0
2026-09-22,maitri,25,-14.26,16.0,0,0.253,1.76,1556.3,639.1,75.4,1600.0,0.0,0.0,131073.0,68698.0
2026-09-23,maitri,25,-15.2,15.1,0,0.342,0.47,1634.2,637.7,75.1,1618.0,0.0,0.0,130435.0,68623.0
2026-09-24,maitri,25,-11.8,53.6,0,0.245,1.89,1599.0,743.4,74.5,1646.0,0.0,0.0,129692.0,68549.0
2026-09-25,maitri,24,-17.46,21.3,0,0.306,1.98,1513.1,669.0,75.9,1611.0,0.0,0.0,129023.0,68473.0
2026-09-26,maitri,26,-13.77,25.5,0,0.171,1.51,1572.1,667.2,78.0,1529.0,0.0,0.0,128356.0,68395.0
2026-09-27,maitri,25,-14.68,21.7,0,0.33,0.75,1502.7,623.9,78.6,1648.0,0.0,0.0,127732.0,68316.0
2026-09-28,maitri,26,-12.97,17.2,0,0.305,2.83,1520.7,643.2,76.5,1651.0,0.0,0.0,127089.0,68240.0
2026-09-29,maitri,24,-16.36,23.1,0,0.235,0.85,1506.3,645.9,70.6,1544.0,0.0,0.0,126443.0,68169.0
2026-09-30,maitri,24,-11.24,71.4,1,0.293,0.94,1594.4,726.2,71.5,1548.0,0.0,0.0,125717.0,68098.0
2026-10-01,maitri,25,-7.28,45.5,0,0.316,1.74,1527.9,659.9,73.4,1642.0,0.0,0.0,125057.0,68024.0
2026-10-02,maitri,26,-4.91,17.7,0,0.231,2.09,1417.3,556.7,74.4,1642.0,0.0,0.0,124500.0,67950.0
2023-01-01,bharati,34,0.73,21.3,0,0.851,9.11,1584.2,664.1,103.9,2155.0,0.0,0.0,37136.0,64696.0
2023-01-02,bharati,34,-1.64,13.9,0,0.385,7.71,1561.8,619.7,92.8,2048.0,0.0,0.0,36516.0,64603.0
2023-01-03,bharati,35,-1.36,21.2,0,0.76,7.56,1629.4,670.8,106.1,2205.0,0.0,0.0,35845.0,64497.0
2023-01-04,bharati,35,-2.37,13.9,0,0.64,8.96,1633.3,699.7,109.7,2169.0,0.0,0.0,35146.0,64388.0
2023-01-05,bharati,35,-7.15,34.8,0,0.929,8.71,1764.5,756.6,111.0,2295.0,0.0,0.0,34389.0,64277.0
2023-01-06,bharati,35,-6.03,28.3,0,0.922,8.23,1730.8,756.0,109.9,2301.0,0.0,0.0,33633.0,64167.0
2023-01-07,bharati,35,1.14,33.0,0,0.843,8.59,1577.9,667.3,103.2,2183.0,0.0,0.0,32966.0,64063.0
2023-01-08,bharati,35,-4.36,31.6,0,0.653,7.25,1697.7,728.0,107.1,2123.0,0.0,0.0,32238.0,63956.0
2023-01-09,bharati,34,-3.46,18.1,0,0.977,8.02,1570.3,662.7,105.4,2319.0,0.0,0.0,31575.0,63851.0
2023-01-10,bharati,35,-2.83,17.0,0,0.767,8.99,1667.1,711.7,110.5,2271.0,0.0,0.0,30863.0,63740.0
2023-01-11,bharati,35,-1.22,42.2,0,1.0,7.61,1646.8,661.3,105.5,2444.0,0.0,0.0,30202.0,63635.0
2023-01-12,bharati,35,-3.89,18.9,0,0.831,7.39,1711.5,698.8,106.1,2291.0,0.0,0.0,29503.0,63529.0
2023-01-13,bharati,36,-7.57,11.5,0,0.861,8.15,1633.2,707.5,110.7,2326.0,0.0,0.0,28796.0,63418.0
2023-01-14,bharati,34,-10.43,31.0,0,0.745,8.17,1832.6,795.6,112.4,2187.0,0.0,0.0,28000.0,63306.0
2023-01-15,bharati,34,-4.12,21.5,0,0.969,8.55,1587.5,701.6,105.6,2257.0,0.0,0.0,27299.0,63200.0
2023-01-16,bharati,35,-6.34,38.2,0,0.873,7.13,1705.6,727.5,107.4,2343.0,0.0,0.0,26571.0,63093.0
2023-01-17,bharati,35,-6.62,22.5,0,0.973,6.31,1728.0,699.4,103.9,2312.0,0.0,0.0,25872.0,62989.0
2023-01-18,bharati,33,1.48,20.1,0,0.821,8.74,1559.0,608.6,95.9,1992.0,0.0,0.0,25263.0,62893.0
2023-01-19,bharati,35,-0.97,38.5,0,0.793,7.33,1654.8,679.6,107.2,2163.0,0.0,0.0,24584.0,62786.0
2023-01-20,bharati,35,0.46,10.6,0,0.87,7.65,1637.3,658.1,107.4,2231.0,0.0,0.0,23925.0,62678.0
2023-01-21,bharati,33,3.94,15.9,0,0.971,6.54,1475.4,590.3,97.1,2176.0,0.0,0.0,23335.0,62581.0
2023-01-22,bharati,35,6.64,14.0,0,0.919,8.78,1491.1,560.9,101.0,2066.0,0.0,0.0,22774.0,62480.0
2023-01-23,bharati,34,1.33,8.1,0,0.813,8.3,1548.9,645.0,107.4,2169.0,0.0,0.0,22129.0,62373.0
2023-01-24,bharati,34,-1.05,29.4,0,0.572,8.25,1585.1,646.8,108.4,2113.0,0.0,0.0,21482.0,62264.0
2023-01-25,bharati,34,0.24,16.1,0,0.891,8.24,1507.2,621.5,106.7,2151.0,0.0,0.0,20861.0,62158.0
2023-01-26,bharati,35,6.49,29.8,0,0.62,6.57,1504.6,568.0,104.0,2040.0,0.0,0.0,20293.0,62054.0
2023-01-27,bharati,36,3.0,24.0,0,0.796,7.3,1585.2,634.5,112.2,2174.0,0.0,0.0,19659.0,61942.0
2023-01-28,bharati,35,0.99,26.4,0,0.776,7.65,1646.2,663.4,111.5,2205.0,0.0,0.0,18995.0,61830.0
2023-01-29,bharati,33,2.26,16.9,0,0.618,7.43,1462.8,604.9,95.0,2106.0,0.0,0.0,18390.0,61735.0
2023-01-30,bharati,35,3.92,14.8,0,0.831,7.74,1520.5,634.3,100.6,2273.0,0.0,0.0,17756.0,61635.0
2023-01-31,bharati,34,5.47,21.3,0,1.0,8.08,1554.3,614.8,107.2,2081.0,0.0,0.0,17141.0,61527.0
2023-02-01,bharati,34,1.85,30.2,0,0.746,8.58,1582.7,639.4,97.6,2108.0,0.0,0.0,16502.0,61430.0
2023-02-02,bharati,35,-0.13,20.1,0,0.873,6.82,1632.8,660.0,102.9,2072.0,0.0,0.0,15842.0,61327.0
2023-02-03,bharati,35,0.63,15.3,0,1.0,7.82,1624.7,688.4,104.0,2278.0,0.0,0.0,15153.0,61223.0
2023-02-04,bharati,34,4.59,12.5,0,0.88,8.29,1530.6,614.6,100.2,2181.0,0.0,0.0,14539.0,61123.0
2023-02-05,bharati,33,3.03,22.5,0,0.697,7.12,1578.6,639.5,90.8,2157.0,0.0,0.0,13899.0,61032.0
2023-02-06,bharati,32,2.42,16.4,0,0.8,7.6,1498.3,574.7,90.9,1906.0,0.0,0.0,13325.0,60941.0
2023-02-07,bharati,33,-1.3,20.1,0,0.827,8.02,1537.7,650.3,98.2,2047.0,0.0,0.0,12674.0,60843.0
2023-02-08,bharati,34,4.88,18.8,0,0.938,7.67,1536.4,596.0,97.5,2162.0,26600.0,0.0,38678.0,60745.0
2023-02-09,bharati,33,4.46,17.3,0,0.909,8.1,1472.0,576.7,101.2,1979.0,0.0,0.0,38101.0,60644.0
2023-02-10,bharati,33,7.06,23.6,0,0.428,7.65,1422.7,557.5,91.0,1924.0,0.0,0.0,37544.0,60553.0
2023-02-11,bharati,34,5.83,26.4,0,0.655,7.33,1503.8,589.2,98.9,2095.0,0.0,0.0,36955.0,60454.0
2023-02-12,bharati,34,4.98,47.8,0,0.746,6.69,1516.4,593.5,100.2,1997.0,0.0,0.0,36361.0,60354.0
2023-02-13,bharati,34,-0.81,28.8,0,0.629,7.64,1584.4,661.7,99.9,2122.0,0.0,0.0,35700.0,60254.0
2023-02-14,bharati,34,-7.66,41.1,0,0.304,7.49,1749.7,754.1,102.9,1986.0,0.0,0.0,34945.0,60151.0
2023-02-15,bharati,33,-2.4,14.9,0,0.657,6.68,1560.9,650.8,100.0,2186.0,0.0,0.0,34295.0,60051.0
2023-02-16,bharati,32,-1.86,10.8,0,0.74,7.74,1594.0,653.6,95.4,2066.0,0.0,0.0,33641.0,59956.0
2023-02-17,bharati,33,-1.02,21.0,0,0.674,8.17,1528.2,648.2,93.3,2029.0,0.0,0.0,32993.0,59862.0
2023-02-18,bharati,32,-5.01,30.4,0,0.614,6.77,1585.3,697.1,97.9,1952.0,0.0,0.0,32296.0,59764.0
2023-02-19,bharati,31,-7.2,28.6,0,0.735,6.68,1712.9,733.3,92.0,2068.0,0.0,0.0,31562.0,59672.0
2023-02-20,bharati,32,-2.71,35.5,0,0.767,6.6,1553.3,658.2,98.2,2168.0,0.0,0.0,30904.0,59574.0
2023-02-21,bharati,33,3.11,7.4,0,0.665,5.91,1499.0,540.9,96.2,1977.0,0.0,0.0,30363.0,59478.0
2023-02-22,bharati,33,0.31,36.3,0,0.882,8.43,1671.8,700.3,95.9,2096.0,0.0,0.0,29663.0,59382.0
2023-02-23,bharati,33,2.13,24.8,0,0.72,6.66,1528.0,594.3,97.8,2005.0,0.0,0.0,29069.0,59284.0
2023-02-24,bharati,32,2.06,11.3,0,0.604,6.32,1539.8,598.4,93.4,2080.0,0.0,0.0,28470.0,59191.0
2023-02-25,bharati,33,0.99,29.3,0,0.57,6.07,1574.6,636.4,96.5,1891.0,0.0,0.0,27834.0,59094.0
2023-02-26,bharati,31,6.4,23.3,0,0.675,6.53,1404.1,568.6,88.9,1983.0,0.0,0.0,27265.0,59005.0
2023-02-27,bharati,31,3.44,25.6,0,0.829,6.25,1462.8,614.0,90.0,1949.0,0.0,0.0,26651.0,58915.0
2023-02-28,bharati,32,6.42,33.2,0,0.592,7.69,1364.2,536.9,92.1,1916.0,0.0,0.0,26114.0,58823.0
2023-03-01,bharati,31,6.08,26.2,0,0.758,5.74,1408.2,522.8,87.8,1903.0,0.0,0.0,25592.0,58736.0
2023-03-02,bharati,31,4.51,11.8,0,0.693,5.48,1439.6,556.1,86.9,1937.0,0.0,0.0,25036.0,58649.0
2023-03-03,bharati,32,7.64,20.8,0,0.915,6.88,1426.3,550.1,95.3,1960.0,0.0,0.0,24485.0,58553.0
2023-03-04,bharati,31,6.73,11.2,0,0.718,6.35,1485.3,538.4,91.4,1979.0,0.0,0.0,23947.0,58462.0
2023-03-05,bharati,30,4.72,29.1,0,0.582,6.2,1423.7,563.5,87.1,1904.0,0.0,0.0,23384.0,58375.0
2023-03-06,bharati,30,7.77,40.1,0,0.749,6.68,1405.7,557.4,85.2,1792.0,0.0,0.0,22826.0,58290.0
2023-03-07,bharati,31,9.83,13.3,0,0.748,6.32,1385.8,493.6,82.5,1928.0,0.0,0.0,22332.0,58207.0
2023-03-08,bharati,31,11.34,16.9,0,0.603,6.12,1329.2,471.7,88.9,1799.0,0.0,0.0,21861.0,58118.0
2023-03-09,bharati,32,-3.73,15.5,1,0.505,0.84,1609.6,591.3,89.2,1996.0,0.0,0.0,21269.0,58029.0
2023-03-10,bharati,30,-2.26,18.7,0,0.704,4.85,1508.3,604.5,91.7,2041.0,0.0,0.0,20665.0,57937.0
2023-03-11,bharati,30,-1.81,26.9,0,0.642,5.45,1506.9,632.9,95.1,1866.0,0.0,0.0,20032.0,57842.0
2023-03-12,bharati,31,-2.26,18.9,0,0.446,5.11,1536.9,613.0,90.7,1969.0,0.0,0.0,19419.0,57752.0
2023-03-13,bharati,30,-0.59,30.0,0,0.653,5.98,1503.3,620.5,89.6,1935.0,0.0,0.0,18798.0,57662.0
2023-03-14,bharati,30,-0.37,35.8,0,0.54,4.46,1537.9,661.9,88.6,1853.0,0.0,0.0,18137.0,57573.0
2023-03-15,bharati,28,1.13,36.5,0,0.429,5.33,1399.3,562.8,80.5,1733.0,0.0,0.0,17574.0,57493.0
2023-03-16,bharati,29,-0.7,14.4,0,0.563,5.45,1461.5,576.8,91.2,1838.0,0.0,0.0,16997.0,57402.0
2023-03-17,bharati,28,3.43,41.4,0,0.753,5.46,1479.3,602.3,80.1,1723.0,0.0,0.0,16395.0,57322.0
2023-03-18,bharati,29,4.48,43.0,0,0.738,5.69,1420.7,586.5,82.0,1794.0,0.0,0.0,15808.0,57240.0
2023-03-19,bharati,28,4.56,44.8,0,0.701,5.11,1470.3,585.4,80.3,1704.0,0.0,0.0,15223.0,57159.0
2023-03-20,bharati,30,4.45,21.9,0,0.613,4.79,1412.8,574.4,90.6,1827.0,0.0,0.0,14648.0,57069.0
2023-03-21,bharati,27,6.45,17.1,0,0.646,6.05,1299.0,513.4,75.5,1763.0,0.0,0.0,14135.0,56993.0
2023-03-22,bharati,27,7.63,15.6,0,0.581,4.87,1281.0,456.2,76.6,1684.0,0.0,0.0,13679.0,56917.0
2023-03-23,bharati,28,4.94,14.9,0,0.43,6.01,1326.3,525.2,80.8,1595.0,0.0,0.0,13154.0,56836.0
2023-03-24,bharati,28,6.23,23.9,0,0.447,4.7,1258.7,481.6,79.7,1655.0,0.0,0.0,12672.0,56756.0
2023-03-25,bharati,26,4.65,34.1,0,0.477,4.84,1350.9,557.0,75.5,1604.0,26500.0,0.0,38615.0,56681.0
2023-03-26,bharati,26,8.91,41.5,1,0.712,1.33,1382.9,496.2,76.7,1673.0,0.0,0.0,38119.0,56604.0
2023-03-27,bharati,27,9.75,19.6,0,0.666,4.84,1261.6,444.8,76.2,1620.0,0.0,0.0,37674.0,56528.0
2023-03-28,bharati,29,4.89,23.7,0,0.401,4.3,1384.8,552.0,79.7,1647.0,0.0,0.0,37122.0,56448.0
2023-03-29,bharati,29,10.34,23.2,0,0.53,4.58,1273.3,477.8,79.7,1705.0,0.0,0.0,36644.0,56368.0
2023-03-30,bharati,27,0.6,18.6,0,0.469,5.5,1423.7,569.2,76.9,1709.0,0.0,0.0,36075.0,56292.0
2023-03-31,bharati,27,1.35,33.3,0,0.492,5.07,1402.2,571.8,83.7,1690.0,0.0,0.0,35503.0,56208.0
2023-04-01,bharati,26,-2.34,28.5,0,0.44,4.99,1434.1,625.8,74.5,1585.0,0.0,0.0,34877.0,56133.0
2023-04-02,bharati,27,2.86,26.1,0,0.666,3.23,1320.0,487.1,79.8,1828.0,0.0,0.0,34390.0,56054.0
2023-04-03,bharati,28,1.88,28.7,0,0.489,3.25,1389.4,552.2,76.7,1717.0,0.0,0.0,33838.0,55977.0
2023-04-04,bharati,27,-2.3,32.1,0,0.51,4.15,1475.6,627.4,79.6,1723.0,0.0,0.0,33211.0,55897.0
2023-04-05,bharati,26,-4.07,32.1,0,0.504,4.45,1499.0,625.6,76.3,1630.0,0.0,0.0,32585.0,55821.0
2023-04-06,bharati,26,-6.98,17.6,0,0.347,3.45,1492.4,626.1,78.1,1703.0,0.0,0.0,31959.0,55743.0
2023-04-07,bharati,26,-8.09,36.6,0,0.477,3.24,1478.5,641.0,79.8,1721.0,0.0,0.0,31318.0,55663.0
2023-04-08,bharati,27,-9.1,28.0,0,0.584,4.62,1495.5,635.5,86.1,1803.0,0.0,0.0,30683.0,55577.0
2023-04-09,bharati,25,-11.32,21.1,0,0.627,4.03,1529.3,639.3,80.6,1631.0,0.0,0.0,30043.0,55496.0
2023-04-10,bharati,24,-9.89,28.0,0,0.306,4.2,1445.9,650.5,71.1,1591.0,0.0,0.0,29393.0,55425.0
2023-04-11,bharati,25,-8.37,29.4,0,0.254,3.07,1512.8,626.7,71.2,1604.0,0.0,0.0,28766.0,55354.0
2023-04-12,bharati,25,-11.59,40.3,0,0.437,2.92,1511.2,639.3,74.0,1698.0,0.0,0.0,28127.0,55280.0
2023-04-13,bharati,24,-16.37,16.5,0,0.556,3.86,1524.1,667.8,75.7,1647.0,0.0,0.0,27459.0,55204.0
2023-04-14,bharati,25,-14.03,45.0,0,0.459,2.92,1624.9,709.4,77.1,1655.0,0.0,0.0,26750.0,55127.0
2023-04-15,bharati,26,-11.43,26.1,0,0.491,2.59,1562.6,635.2,79.9,1701.0,0.0,0.0,26114.0,55047.0
2023-04-16,bharati,27,-8.69,21.0,0,0.239,2.29,1462.1,608.8,77.8,1809.0,0.0,0.0,25506.0,54970.0
2023-04-17,bharati,24,-7.04,20.8,0,0.327,2.48,1344.5,581.4,73.6,1493.0,0.0,0.0,24924.0,54896.0
2023-04-18,bharati,25,-2.46,17.2,0,0.125,3.36,1365.2,554.4,67.1,1421.0,0.0,0.0,24370.0,54829.0
2023-04-19,bharati,25,-0.57,12.6,0,0.364,1.6,1364.1,505.7,70.2,1524.0,0.0,0.0,23864.0,54759.0
2023-04-20,bharati,25,6.34,35.0,0,0.115,3.01,1277.9,492.1,64.4,1384.0,0.0,0.0,23372.0,54694.0
2023-04-21,bharati,24,13.32,60.8,0,0.528,1.99,1112.4,392.4,64.0,1498.0,0.0,0.0,22980.0,54630.0
2023-04-22,bharati,24,3.46,13.5,0,0.548,2.24,1296.2,520.8,71.3,1449.0,0.0,0.0,22459.0,54559.0
2023-04-23,bharati,24,-6.05,17.9,0,0.371,2.2,1416.4,602.3,70.0,1499.0,0.0,0.0,21857.0,54489.0
2023-04-24,bharati,24,-6.87,36.7,0,0.166,2.06,1502.9,609.1,69.3,1478.0,0.0,0.0,21247.0,54420.0
2023-04-25,bharati,24,-5.94,26.3,0,0.386,1.92,1417.5,599.7,72.1,1603.0,0.0,0.0,20648.0,54348.0
2023-04-26,bharati,25,-7.06,38.3,0,0.557,1.73,1445.7,616.6,74.7,1692.0,0.0,0.0,20031.0,54273.0
2023-04-27,bharati,24,-5.51,25.9,0,0.384,1.55,1409.6,556.3,71.3,1619.0,0.0,0.0,19475.0,54202.0
2023-04-28,bharati,23,-7.39,21.3,0,0.462,2.79,1405.5,595.4,69.3,1530.0,0.0,0.0,18879.0,54132.0
2023-04-29,bharati,24,-10.31,24.8,0,0.255,1.79,1482.2,658.2,68.5,1507.0,0.0,0.0,18221.0,54064.0
2023-04-30,bharati,24,-12.25,10.1,0,0.202,1.6,1408.9,607.3,70.0,1557.0,0.0,0.0,17614.0,53994.0
2023-05-01,bharati,24,-12.77,17.0,0,0.292,1.15,1463.6,591.2,72.7,1470.0,0.0,0.0,17023.0,53921.0
2023-05-02,bharati,24,-9.89,41.0,0,0.069,1.31,1540.4,654.2,71.9,1371.0,0.0,0.0,16369.0,53849.0
2023-05-03,bharati,25,-11.81,45.6,0,0.572,1.15,1601.7,696.7,80.1,1742.0,0.0,0.0,15672.0,53769.0
2023-05-04,bharati,23,-12.78,50.0,0,0.317,2.14,1561.8,661.6,73.6,1505.0,0.0,0.0,15010.0,53695.0
2023-05-05,bharati,24,-10.85,33.5,0,0.404,1.07,1585.8,625.8,73.4,1622.0,0.0,0.0,14384.0,53622.0
2023-05-06,bharati,25,-11.76,10.8,0,0.245,0.03,1445.9,583.1,73.3,1532.0,0.0,0.0,13801.0,53549.0
2023-05-07,bharati,22,-8.32,21.4,0,0.115,1.64,1412.8,589.4,63.3,1412.0,0.0,0.0,13212.0,53485.0
2023-05-08,bharati,24,-12.04,49.0,0,0.471,1.4,1633.8,666.5,73.0,1634.0,26100.0,0.0,38645.0,53412.0
2023-05-09,bharati,25,-15.82,55.7,0,0.165,1.19,1668.1,751.0,73.7,1573.0,0.0,0.0,37894.0,53339.0
2023-05-10,bharati,25,-14.33,50.1,0,0.342,2.24,1643.2,752.8,76.6,1635.0,0.0,0.0,37142.0,53262.0
2023-05-11,bharati,25,-12.81,25.7,0,0.353,0.0,1524.7,624.9,76.4,1639.0,0.0,0.0,36517.0,53186.0
2023-05-12,bharati,25,-15.66,16.4,0,0.309,2.7,1537.0,656.2,73.2,1572.0,0.0,0.0,35861.0,53112.0
2023-05-13,bharati,23,-10.95,28.1,0,0.206,2.34,1435.0,632.0,70.0,1430.0,0.0,0.0,35229.0,53043.0
2023-05-14,bharati,25,-5.25,28.8,0,0.282,1.16,1420.1,584.8,68.6,1569.0,0.0,0.0,34644.0,52974.0
2023-05-15,bharati,23,-8.77,55.4,0,0.186,1.28,1512.8,627.3,66.5,1410.0,0.0,0.0,34016.0,52907.0
2023-05-16,bharati,23,-4.92,31.7,0,0.397,1.95,1387.3,561.6,69.9,1402.0,0.0,0.0,33455.0,52838.0
2023-05-17,bharati,24,-14.16,29.1,0,0.369,1.97,1520.5,650.1,74.3,1591.0,0.0,0.0,32805.0,52763.0
2023-05-18,bharati,24,-10.7,29.9,0,0.297,1.16,1408.7,588.8,70.6,1579.0,0.0,0.0,32216.0,52693.0
2023-05-19,bharati,24,-14.08,34.4,0,0.232,0.47,1548.9,689.1,76.1,1588.0,0.0,0.0,31527.0,52617.0
2023-05-20,bharati,24,-11.0,37.9,0,0.553,3.08,1519.7,679.3,72.6,1647.0,0.0,0.0,30847.0,52544.0
2023-05-21,bharati,25,-14.7,21.5,0,0.144,2.27,1447.8,610.1,69.8,1607.0,0.0,0.0,30237.0,52474.0
2023-05-22,bharati,24,-14.9,18.8,0,0.115,1.71,1473.8,625.0,71.9,1549.0,0.0,0.0,29612.0,52402.0
2023-05-23,bharati,24,-17.45,52.2,0,0.29,1.72,1650.6,770.4,69.3,1569.0,0.0,0.0,28842.0,52333.0
2023-05-24,bharati,25,-17.67,14.8,0,0.269,2.03,1596.9,656.9,74.1,1501.0,0.0,0.0,28185.0,52259.0
2023-05-25,bharati,23,-11.32,58.8,0,0.432,2.12,1572.6,722.7,71.0,1586.0,0.0,0.0,27462.0,52188.0
2023-05-26,bharati,25,-12.34,13.3,0,0.378,0.14,1524.8,635.3,74.5,1574.0,0.0,0.0,26827.0,52113.0
2023-05-27,bharati,24,-6.1,23.2,0,0.304,1.35,1456.0,608.6,71.3,1449.0,0.0,0.0,26218.0,52042.0
2023-05-28,bharati,24,-9.0,44.8,0,0.36,1.28,1501.9,646.7,69.0,1485.0,0.0,0.0,25572.0,51973.0
2023-05-29,bharati,23,-5.38,29.8,0,0.358,1.49,1395.4,597.4,69.1,1599.0,0.0,0.0,24974.0,51904.0
2023-05-30,bharati,22,-12.41,17.2,0,0.552,2.14,1502.3,618.7,64.5,1534.0,0.0,0.0,24356.0,51840.0
2023-05-31,bharati,23,-13.91,35.9,0,0.33,0.35,1540.0,708.3,72.3,1450.0,0.0,0.0,23647.0,51767.0
2023-06-01,bharati,25,-15.96,30.9,0,0.218,0.66,1589.6,680.1,74.0,1554.0,0.0,0.0,22967.0,51693.0
2023-06-02,bharati,23,-11.02,27.5,0,0.324,1.12,1447.5,634.2,71.9,1487.0,0.0,0.0,22333.0,51621.0
2023-06-03,bharati,25,-11.31,23.2,0,0.0,1.71,1503.5,622.1,70.1,1526.0,0.0,0.0,21711.0,51551.0
2023-06-04,bharati,23,-18.85,29.8,0,0.296,2.18,1554.7,700.2,74.5,1530.0,0.0,0.0,21011.0,51477.0
2023-06-05,bharati,24,-22.56,23.7,0,0.431,2.74,1521.1,698.9,73.2,1578.0,0.0,0.0,20312.0,51403.0
2023-06-06,bharati,24,-24.66,84.5,1,0.372,0.28,1938.2,877.4,71.3,1637.0,0.0,0.0,19435.0,51332.0
2023-06-07,bharati,25,-20.18,27.5,0,0.336,2.18,1561.6,672.8,77.2,1614.0,0.0,0.0,18762.0,51255.0
2023-06-08,bharati,24,-16.93,26.1,0,0.378,2.1,1553.7,670.7,76.4,1650.0,0.0,0.0,18091.0,51179.0
2023-06-09,bharati,24,-17.82,24.3,0,0.432,1.98,1518.4,686.8,76.1,1615.0,0.0,0.0,17404.0,51102.0
2023-06-10,bharati,25,-19.36,64.6,1,0.471,0.46,1847.9,774.1,80.9,1644.0,0.0,0.0,16630.0,51021.0
2023-06-11,bharati,23,-16.59,15.4,0,0.354,1.32,1495.4,625.3,72.1,1561.0,0.0,0.0,16005.0,50949.0
2023-06-12,bharati,25,-20.24,35.7,0,0.262,0.85,1592.8,731.6,74.6,1648.0,0.0,0.0,15273.0,50875.0
2023-06-13,bharati,25,-18.17,27.8,0,0.022,0.81,1553.0,645.9,75.6,1514.0,0.0,0.0,14627.0,50799.0
2023-06-14,bharati,25,-16.76,17.0,0,0.417,1.84,1571.4,686.7,77.3,1703.0,0.0,0.0,13941.0,50722.0
2023-06-15,bharati,24,-17.68,21.9,0,0.362,1.56,1581.8,650.9,72.2,1624.0,0.0,0.0,13290.0,50650.0
2023-06-16,bharati,24,-16.3,35.4,0,0.318,1.31,1544.8,659.5,73.4,1636.0,0.0,0.0,12630.0,50576.0
2023-06-17,bharati,23,-16.13,21.6,0,0.217,2.07,1447.7,631.7,69.0,1515.0,26600.0,0.0,38599.0,50507.0
2023-06-18,bharati,23,-14.74,34.6,0,0.416,1.46,1618.0,731.4,73.5,1524.0,0.0,0.0,37867.0,50434.0
2023-06-19,bharati,23,-19.47,64.3,1,0.269,0.0,1765.2,775.4,69.2,1422.0,0.0,0.0,37092.0,50365.0
2023-06-20,bharati,24,-17.12,33.4,0,0.296,1.41,1582.7,654.7,71.8,1575.0,0.0,0.0,36437.0,50293.0
2023-06-21,bharati,24,-13.89,16.9,0,0.293,2.17,1459.8,596.9,70.7,1567.0,0.0,0.0,35840.0,50222.0
2023-06-22,bharati,24,-13.51,21.9,0,0.354,0.88,1502.4,646.2,76.9,1569.0,0.0,0.0,35194.0,50145.0
2023-06-23,bharati,24,-12.31,27.7,0,0.162,1.75,1558.4,629.7,69.3,1349.0,0.0,0.0,34564.0,50076.0
2023-06-24,bharati,23,-13.61,27.0,0,0.368,1.56,1502.8,666.7,72.5,1551.0,0.0,0.0,33898.0,50003.0
2023-06-25,bharati,23,-11.48,33.4,0,0.213,1.07,1524.3,645.8,65.9,1409.0,0.0,0.0,33252.0,49938.0
2023-06-26,bharati,24,-12.38,35.8,0,0.218,1.39,1530.4,656.6,72.3,1554.0,0.0,0.0,32595.0,49865.0
2023-06-27,bharati,23,-17.02,64.9,1,0.406,0.0,1701.3,768.6,71.4,1637.0,0.0,0.0,31827.0,49794.0
2023-06-28,bharati,23,-14.53,31.4,0,0.181,1.68,1485.2,635.1,71.0,1446.0,0.0,0.0,31192.0,49723.0
2023-06-29,bharati,25,-20.34,19.4,0,0.406,0.64,1535.2,659.3,80.4,1698.0,0.0,0.0,30532.0,49643.0
2023-06-30,bharati,23,-18.99,51.1,0,0.312,2.35,1665.7,733.2,70.7,1522.0,0.0,0.0,29799.0,49572.0
2023-07-01,bharati,26,-20.01,53.6,0,0.102,1.54,1793.1,829.2,76.8,1662.0,0.0,0.0,28970.0,49495.0
2023-07-02,bharati,24,-21.07,34.8,0,0.464,1.2,1641.2,699.6,79.1,1641.0,0.0,0.0,28270.0,49416.0
2023-07-03,bharati,25,-19.95,28.5,0,0.337,2.41,1598.5,715.1,75.6,1619.0,0.0,0.0,27555.0,49340.0
2023-07-04,bharati,25,-21.86,41.0,0,0.347,0.88,1656.1,714.3,72.5,1608.0,0.0,0.0,26841.0,49268.0
2023-07-05,bharati,24,-19.52,28.9,0,0.421,1.08,1604.2,682.9,70.6,1708.0,0.0,0.0,26158.0,49197.0
2023-07-06,bharati,25,-19.06,13.3,0,0.48,0.32,1524.1,628.4,74.4,1716.0,0.0,0.0,25530.0,49123.0
2023-07-07,bharati,23,-20.84,40.1,0,0.324,2.52,1580.0,793.7,72.3,1577.0,0.0,0.0,24736.0,49051.0
2023-07-08,bharati,24,-16.05,46.0,0,0.374,2.91,1664.2,742.4,78.5,1607.0,0.0,0.0,23994.0,48972.0
2023-07-09,bharati,23,-15.75,58.0,0,0.345,0.43,1638.0,712.4,65.9,1570.0,0.0,0.0,23281.0,48906.0
2023-07-10,bharati,23,-14.14,23.3,0,0.259,1.03,1466.5,616.4,67.4,1436.0,0.0,0.0,22665.0,48839.0
2023-07-11,bharati,23,-10.31,34.9,0,0.11,1.65,1462.3,601.2,67.0,1419.0,0.0,0.0,22064.0,48772.0
2023-07-12,bharati,25,-7.22,35.2,0,0.326,1.24,1514.9,620.3,77.0,1605.0,0.0,0.0,21443.0,48695.0
2023-07-13,bharati,24,-7.31,32.9,0,0.465,1.58,1471.5,647.0,70.1,1640.0,0.0,0.0,20796.0,48625.0
2023-07-14,bharati,26,-10.21,33.3,0,0.37,1.52,1520.3,647.5,79.2,1829.0,0.0,0.0,20149.0,48546.0
2023-07-15,bharati,26,-16.19,32.2,0,0.172,1.89,1576.2,705.2,77.2,1659.0,0.0,0.0,19443.0,48468.0
2023-07-16,bharati,26,-15.86,34.7,0,0.432,0.93,1619.0,673.1,86.5,1678.0,0.0,0.0,18770.0,48382.0
2023-07-17,bharati,26,-12.74,43.3,0,0.263,1.73,1627.1,696.3,78.0,1579.0,0.0,0.0,18074.0,48304.0
2023-07-18,bharati,26,-12.55,53.0,0,0.049,0.82,1636.8,712.7,76.4,1528.0,0.0,0.0,17361.0,48227.0
2023-07-19,bharati,24,-24.55,23.1,0,0.422,1.31,1598.9,685.3,75.8,1591.0,0.0,0.0,16676.0,48152.0
2023-07-20,bharati,24,-20.58,29.5,0,0.187,0.38,1590.3,696.6,72.0,1396.0,0.0,0.0,15980.0,48080.0
2023-07-21,bharati,24,-17.12,26.5,0,0.514,1.32,1560.1,683.2,77.0,1596.0,0.0,0.0,15296.0,48003.0
2023-07-22,bharati,24,-18.22,25.0,0,0.438,1.2,1530.6,673.9,71.9,1656.0,0.0,0.0,14622.0,47931.0
2023-07-23,bharati,24,-15.0,16.1,0,0.273,2.26,1539.2,645.5,68.1,1552.0,0.0,0.0,13977.0,47863.0
2023-07-24,bharati,25,-13.5,32.0,0,0.355,1.56,1541.2,683.3,75.3,1609.0,0.0,0.0,13294.0,47787.0
2023-07-25,bharati,24,-16.47,38.7,0,0.591,1.69,1618.2,702.6,77.2,1565.0,26000.0,0.0,38591.0,47710.0
2023-07-26,bharati,23,-12.63,29.7,0,0.42,1.58,1420.9,614.1,68.7,1583.0,0.0,0.0,37977.0,47641.0
2023-07-27,bharati,24,-17.6,31.5,0,0.329,0.11,1569.0,701.8,73.8,1606.0,0.0,0.0,37275.0,47568.0
2023-07-28,bharati,23,-17.8,37.7,0,0.647,0.2,1559.0,659.3,70.3,1622.0,0.0,0.0,36616.0,47497.0
2023-07-29,bharati,24,-18.27,57.1,0,0.314,1.38,1658.8,718.3,75.8,1459.0,0.0,0.0,35898.0,47421.0
2023-07-30,bharati,24,-20.79,26.5,0,0.37,1.79,1686.0,704.9,75.9,1577.0,0.0,0.0,35193.0,47346.0
2023-07-31,bharati,24,-19.23,19.3,0,0.188,1.44,1541.6,669.7,72.6,1563.0,0.0,0.0,34523.0,47273.0
2023-08-01,bharati,25,-14.72,30.3,0,0.099,1.0,1600.1,701.6,74.1,1546.0,0.0,0.0,33821.0,47199.0
2023-08-02,bharati,24,-11.22,69.5,1,0.265,0.31,1729.4,731.3,68.3,1536.0,0.0,0.0,33090.0,47130.0
2023-08-03,bharati,25,-10.01,19.3,0,0.305,1.37,1505.1,648.9,71.3,1626.0,0.0,0.0,32441.0,47059.0
2023-08-04,bharati,24,-16.75,41.3,0,0.34,2.15,1604.5,714.8,73.0,1586.0,0.0,0.0,31726.0,46986.0
2023-08-05,bharati,24,-21.11,51.1,0,0.13,2.11,1762.2,790.6,73.6,1564.0,0.0,0.0,30936.0,46913.0
2023-08-06,bharati,24,-19.87,11.6,0,0.379,1.21,1582.2,643.0,75.6,1557.0,0.0,0.0,30293.0,46837.0
2023-08-07,bharati,23,-19.48,37.2,0,0.2,1.57,1592.7,752.7,69.0,1424.0,0.0,0.0,29540.0,46768.0
2023-08-08,bharati,24,-20.64,40.3,0,0.373,1.79,1662.4,738.0,76.1,1632.0,0.0,0.0,28802.0,46692.0
2023-08-09,bharati,25,-13.88,27.9,0,0.412,1.9,1545.7,635.2,79.6,1683.0,0.0,0.0,28167.0,46612.0
2023-08-10,bharati,25,-14.08,23.8,0,0.253,2.76,1528.4,709.2,74.7,1623.0,0.0,0.0,27458.0,46538.0
2023-08-11,bharati,23,-12.83,24.3,0,0.184,1.58,1461.2,631.8,68.7,1458.0,0.0,0.0,26826.0,46469.0
2023-08-12,bharati,23,-10.37,27.1,0,0.485,2.42,1476.6,644.7,69.4,1518.0,0.0,0.0,26181.0,46399.0
2023-08-13,bharati,24,-11.32,27.4,0,0.405,0.79,1560.9,675.5,72.2,1583.0,0.0,0.0,25506.0,46327.0
2023-08-14,bharati,25,-3.97,25.3,0,0.318,1.15,1366.3,561.0,72.7,1574.0,0.0,0.0,24945.0,46255.0
2023-08-15,bharati,24,-9.23,26.8,0,0.476,0.1,1513.1,629.7,76.2,1607.0,0.0,0.0,24315.0,46178.0
2023-08-16,bharati,23,-12.45,51.0,0,0.31,1.71,1558.5,692.7,70.9,1632.0,0.0,0.0,23622.0,46107.0
2023-08-17,bharati,23,-16.16,18.6,0,0.226,2.05,1529.7,666.8,70.9,1434.0,0.0,0.0,22955.0,46036.0
2023-08-18,bharati,23,-11.16,14.8,0,0.18,0.0,1414.6,574.3,66.7,1614.0,0.0,0.0,22381.0,45970.0
2023-08-19,bharati,23,-9.48,51.1,0,0.287,1.73,1543.7,670.4,66.2,1404.0,0.0,0.0,21711.0,45904.0
2023-08-20,bharati,25,-12.39,28.4,0,0.393,2.02,1528.3,653.8,76.6,1651.0,0.0,0.0,21057.0,45827.0
2023-08-21,bharati,25,-15.78,26.1,0,0.467,1.98,1500.6,646.7,80.2,1602.0,0.0,0.0,20410.0,45747.0
2023-08-22,bharati,23,-11.35,29.2,0,0.303,0.76,1537.2,648.1,72.3,1498.0,0.0,0.0,19762.0,45675.0
2023-08-23,bharati,25,-10.97,33.4,0,0.446,2.14,1503.8,656.2,70.4,1696.0,0.0,0.0,19106.0,45604.0
2023-08-24,bharati,25,-7.28,24.5,0,0.274,1.61,1451.8,610.5,78.6,1563.0,0.0,0.0,18495.0,45526.0
2023-08-25,bharati,23,-8.94,37.7,0,0.206,2.01,1427.8,631.5,68.0,1488.0,0.0,0.0,17864.0,45458.0
2023-08-26,bharati,24,-8.45,20.3,0,0.143,1.51,1370.6,607.9,71.3,1449.0,0.0,0.0,17256.0,45386.0
2023-08-27,bharati,24,-8.71,26.7,0,0.239,1.87,1441.8,625.2,66.7,1399.0,0.0,0.0,16631.0,45320.0
2023-08-28,bharati,24,-11.86,11.9,0,0.148,2.38,1434.9,598.0,69.9,1525.0,0.0,0.0,16033.0,45250.0
2023-08-29,bharati,23,-12.88,49.4,0,0.541,1.46,1540.5,693.4,72.7,1568.0,0.0,0.0,15339.0,45177.0
2023-08-30,bharati,24,-17.02,28.0,0,0.353,1.8,1555.9,705.5,70.9,1556.0,0.0,0.0,14634.0,45106.0
2023-08-31,bharati,25,-15.03,39.8,0,0.289,2.47,1548.5,672.2,69.2,1587.0,0.0,0.0,13962.0,45037.0
2023-09-01,bharati,25,-12.52,36.6,0,0.507,1.51,1580.8,716.3,77.5,1690.0,0.0,0.0,13246.0,44959.0
2023-09-02,bharati,23,-9.7,37.7,0,0.144,0.81,1468.2,609.2,66.8,1382.0,0.0,0.0,12636.0,44892.0
2023-09-03,bharati,24,-8.41,29.8,0,0.284,2.07,1371.0,606.7,73.7,1536.0,26600.0,0.0,38630.0,44819.0
2023-09-04,bharati,24,-9.86,35.1,0,0.54,2.6,1493.4,644.7,72.8,1674.0,0.0,0.0,37985.0,44746.0
2023-09-05,bharati,24,-5.66,19.8,0,0.283,2.5,1405.2,576.1,69.5,1611.0,0.0,0.0,37409.0,44676.0
2023-09-06,bharati,24,-4.29,18.1,0,0.594,2.1,1352.7,528.4,73.4,1669.0,0.0,0.0,36880.0,44603.0
2023-09-07,bharati,24,-1.57,28.3,0,0.394,0.0,1378.7,547.1,71.4,1515.0,0.0,0.0,36333.0,44532.0
2023-09-08,bharati,23,0.9,22.2,0,0.457,1.15,1300.9,481.8,64.6,1469.0,0.0,0.0,35852.0,44467.0
2023-09-09,bharati,24,-2.1,53.5,0,0.46,1.19,1407.1,556.8,72.0,1510.0,0.0,0.0,35295.0,44395.0
2023-09-10,bharati,23,-2.9,34.3,0,0.3,1.63,1368.9,579.6,65.0,1409.0,0.0,0.0,34715.0,44330.0
2023-09-11,bharati,24,-2.28,21.6,0,0.241,2.78,1372.5,584.9,68.3,1508.0,0.0,0.0,34130.0,44262.0
2023-09-12,bharati,25,-7.91,26.0,0,0.286,0.84,1431.4,576.4,74.9,1552.0,0.0,0.0,33554.0,44187.0
2023-09-13,bharati,23,-12.43,30.7,0,0.182,3.17,1476.0,671.5,69.7,1468.0,0.0,0.0,32882.0,44117.0
2023-09-14,bharati,24,-16.66,28.2,0,0.292,1.33,1596.0,698.2,73.6,1510.0,0.0,0.0,32184.0,44044.0
2023-09-15,bharati,23,-16.29,32.4,0,0.299,1.06,1509.1,658.8,67.6,1579.0,0.0,0.0,31525.0,43976.0
2023-09-16,bharati,24,-16.68,29.7,0,0.503,2.19,1588.3,718.6,70.6,1611.0,0.0,0.0,30807.0,43905.0
2023-09-17,bharati,25,-20.5,16.0,0,0.371,2.25,1535.9,663.1,77.1,1726.0,0.0,0.0,30143.0,43828.0
2023-09-18,bharati,24,-18.53,11.6,0,0.584,2.05,1543.4,662.8,78.0,1623.0,0.0,0.0,29481.0,43750.0
2023-09-19,bharati,24,-17.68,24.4,0,0.041,1.06,1546.3,638.5,72.0,1447.0,0.0,0.0,28842.0,43678.0
2023-09-20,bharati,25,-12.86,36.0,0,0.154,1.95,1465.7,624.2,74.3,1630.0,0.0,0.0,28218.0,43604.0
2023-09-21,bharati,24,-6.22,24.4,0,0.257,0.88,1390.5,586.3,69.7,1462.0,0.0,0.0,27632.0,43534.0
2023-09-22,bharati,25,-5.74,47.6,0,0.479,1.04,1531.4,643.3,75.1,1530.0,0.0,0.0,26988.0,43459.0
2023-09-23,bharati,25,-9.0,27.6,0,0.287,1.53,1491.6,616.5,71.6,1520.0,0.0,0.0,26372.0,43388.0
2023-09-24,bharati,22,-7.34,49.7,0,0.124,1.03,1436.4,655.7,64.7,1388.0,0.0,0.0,25716.0,43323.0
2023-09-25,bharati,24,-8.0,45.4,0,0.271,2.34,1466.6,675.9,72.2,1550.0,0.0,0.0,25040.0,43251.0
2023-09-26,bharati,23,-9.31,43.4,0,0.156,1.2,1512.7,653.9,66.2,1387.0,0.0,0.0,24386.0,43185.0
2023-09-27,bharati,23,-12.34,16.8,0,0.133,1.45,1425.2,573.9,68.4,1401.0,0.0,0.0,23813.0,43116.0
2023-09-28,bharati,25,-13.53,27.9,0,0.54,0.98,1576.0,657.1,73.4,1723.0,0.0,0.0,23155.0,43043.0
2023-09-29,bharati,24,-13.55,46.2,0,0.258,2.33,1604.3,691.1,72.2,1608.0,0.0,0.0,22464.0,42971.0
2023-09-30,bharati,26,-10.41,30.9,0,0.321,1.13,1522.3,637.2,77.1,1647.0,0.0,0.0,21827.0,42894.0
2023-10-01,bharati,23,-8.73,34.7,1,0.289,1.28,1542.9,621.5,70.4,1492.0,0.0,0.0,21206.0,42823.0
2023-10-02,bharati,23,-3.12,15.3,0,0.275,2.41,1310.2,512.5,65.5,1469.0,0.0,0.0,20693.0,42758.0
2023-10-03,bharati,25,-2.18,61.0,0,0.211,1.44,1519.4,582.6,72.6,1624.0,0.0,0.0,20111.0,42685.0
2023-10-04,bharati,24,-2.18,19.5,0,0.281,1.86,1385.8,549.2,67.7,1416.0,0.0,0.0,19561.0,42617.0
2023-10-05,bharati,24,-4.48,11.7,0,0.366,1.6,1414.7,518.4,65.4,1482.0,0.0,0.0,19043.0,42552.0
2023-10-06,bharati,24,-8.69,23.3,0,0.502,2.4,1445.8,601.2,72.0,1559.0,0.0,0.0,18442.0,42480.0
2023-10-07,bharati,24,-10.61,9.6,0,0.452,1.97,1556.4,636.2,73.1,1629.0,0.0,0.0,17806.0,42407.0
2023-10-08,bharati,24,-12.57,17.0,0,0.199,1.9,1472.8,605.0,71.4,1499.0,0.0,0.0,17201.0,42335.0
2023-10-09,bharati,25,-20.1,78.1,1,0.471,0.72,1910.1,837.5,78.7,1710.0,0.0,0.0,16363.0,42257.0
2023-10-10,bharati,25,-21.28,22.7,0,0.416,1.26,1598.9,687.6,76.9,1686.0,0.0,0.0,15676.0,42180.0
2023-10-11,bharati,26,-13.87,14.5,0,0.291,2.41,1491.9,614.4,77.4,1662.0,0.0,0.0,15061.0,42102.0
2023-10-12,bharati,24,-11.7,26.7,0,0.395,3.0,1544.8,663.3,70.1,1576.0,0.0,0.0,14398.0,42032.0
2023-10-13,bharati,24,-12.28,18.0,0,0.448,2.73,1458.1,603.5,68.8,1648.0,0.0,0.0,13794.0,41964.0
2023-10-14,bharati,24,-10.25,37.7,0,0.392,3.39,1554.5,672.7,71.8,1509.0,0.0,0.0,13122.0,41892.0
2023-10-15,bharati,26,-16.08,18.0,0,0.451,2.55,1612.8,671.7,78.5,1716.0,26200.0,0.0,38650.0,41813.0
2023-10-16,bharati,26,-13.68,29.1,0,0.297,2.58,1594.5,780.5,80.8,1593.0,0.0,0.0,37869.0,41732.0
2023-10-17,bharati,24,-8.49,16.0,0,0.646,2.21,1422.0,706.7,69.0,1645.0,0.0,0.0,37163.0,41663.0
2023-10-18,bharati,24,-8.69,76.8,1,0.183,0.64,1656.5,831.4,70.4,1475.0,0.0,0.0,36331.0,41593.0
2023-10-19,bharati,25,-14.1,31.8,0,0.49,4.55,1472.1,683.2,82.1,1733.0,0.0,0.0,35648.0,41511.0
2023-10-20,bharati,26,-14.16,24.1,0,0.472,3.46,1561.1,662.8,79.5,1721.0,0.0,0.0,34985.0,41431.0
2023-10-21,bharati,26,-8.77,22.5,0,0.512,2.94,1529.7,639.2,78.7,1676.0,0.0,0.0,34346.0,41353.0
2023-10-22,bharati,26,-7.58,20.1,0,0.357,2.74,1457.9,599.0,77.8,1631.0,0.0,0.0,33747.0,41275.0
2023-10-23,bharati,26,-11.94,18.4,0,0.589,2.41,1509.3,633.3,81.6,1855.0,0.0,0.0,33114.0,41193.0
2023-10-24,bharati,27,-3.38,18.1,0,0.442,3.04,1428.7,585.9,78.1,1607.0,0.0,0.0,32528.0,41115.0
2023-10-25,bharati,27,-7.91,50.8,0,0.32,4.24,1649.4,703.2,77.2,1654.0,0.0,0.0,31825.0,41038.0
2023-10-26,bharati,26,-8.37,19.8,0,0.338,3.5,1472.8,611.4,78.5,1646.0,0.0,0.0,31213.0,40960.0
2023-10-27,bharati,27,-11.26,10.2,0,0.491,3.21,1615.5,645.3,77.7,1728.0,0.0,0.0,30568.0,40882.0
2023-10-28,bharati,25,-13.59,15.2,0,0.291,3.38,1486.4,627.9,77.0,1631.0,0.0,0.0,29940.0,40805.0
2023-10-29,bharati,26,-13.61,36.5,0,0.705,4.51,1633.7,726.3,80.9,1789.0,0.0,0.0,29214.0,40724.0
2023-10-30,bharati,27,-10.12,22.2,0,0.622,4.09,1528.3,644.2,83.2,1818.0,0.0,0.0,28569.0,40641.0
2023-10-31,bharati,27,-5.13,23.2,0,0.722,3.79,1569.5,665.4,81.1,1807.0,0.0,0.0,27904.0,40560.0
2023-11-01,bharati,26,-6.37,39.9,0,0.716,4.1,1545.4,715.5,83.2,1745.0,0.0,0.0,27189.0,40476.0
2023-11-02,bharati,27,-9.37,17.6,0,0.473,5.95,1602.0,668.0,82.1,1672.0,0.0,0.0,26521.0,40394.0
2023-11-03,bharati,28,-7.03,31.6,0,0.418,5.34,1534.1,667.9,82.4,1782.0,0.0,0.0,25853.0,40312.0
2023-11-04,bharati,28,-4.99,18.2,0,0.207,5.6,1528.7,655.5,79.5,1588.0,0.0,0.0,25197.0,40232.0
2023-11-05,bharati,29,-4.15,30.6,0,0.487,3.43,1537.6,622.2,85.3,1784.0,0.0,0.0,24575.0,40147.0
2023-11-06,bharati,28,-3.32,20.3,0,0.754,4.64,1513.5,597.4,91.4,1883.0,0.0,0.0,23978.0,40056.0
2023-11-07,bharati,28,-3.85,21.6,0,0.449,4.38,1430.8,626.2,79.1,1832.0,0.0,0.0,23352.0,39977.0
2023-11-08,bharati,29,-3.59,33.6,0,0.529,5.29,1549.3,661.5,88.7,1993.0,0.0,0.0,22690.0,39888.0
2023-11-09,bharati,28,-4.24,32.4,0,0.494,5.73,1476.5,640.8,84.3,1749.0,0.0,0.0,22049.0,39804.0
2023-11-10,bharati,28,-0.75,22.0,0,0.612,5.3,1450.4,617.8,86.5,1732.0,0.0,0.0,21431.0,39717.0
2023-11-11,bharati,29,5.85,19.3,0,0.728,4.54,1312.8,515.0,85.2,1849.0,0.0,0.0,20916.0,39632.0
2023-11-12,bharati,29,4.73,45.9,0,0.395,4.77,1405.0,555.5,80.8,1836.0,0.0,0.0,20361.0,39551.0
2023-11-13,bharati,29,3.24,29.9,0,0.424,5.75,1446.5,559.7,84.3,1839.0,0.0,0.0,19801.0,39467.0
2023-11-14,bharati,30,2.88,19.7,0,0.77,5.9,1457.7,566.8,89.0,1841.0,0.0,0.0,19234.0,39378.0
2023-11-15,bharati,30,-0.31,17.6,0,0.686,5.57,1436.7,604.8,91.1,1902.0,0.0,0.0,18630.0,39287.0
2023-11-16,bharati,30,1.65,35.5,0,0.573,5.64,1411.5,593.0,90.8,1914.0,0.0,0.0,18037.0,39196.0
2023-11-17,bharati,31,2.25,24.1,0,0.814,5.66,1502.0,589.5,92.4,2047.0,0.0,0.0,17447.0,39104.0
2023-11-18,bharati,30,0.0,21.4,0,0.452,5.89,1525.6,646.2,85.4,1872.0,0.0,0.0,16801.0,39018.0
2023-11-19,bharati,29,2.42,24.0,0,0.733,6.28,1393.5,564.7,83.7,1821.0,0.0,0.0,16236.0,38934.0
2023-11-20,bharati,30,1.59,26.2,0,0.619,6.29,1541.7,634.2,88.6,1912.0,0.0,0.0,15602.0,38846.0
2023-11-21,bharati,30,-2.22,22.1,0,0.705,5.94,1516.6,628.7,87.8,1999.0,0.0,0.0,14973.0,38758.0
2023-11-22,bharati,31,-1.1,37.5,0,0.352,5.96,1469.7,657.7,87.8,1806.0,0.0,0.0,14315.0,38670.0
2023-11-23,bharati,31,-0.53,38.2,0,0.612,6.01,1491.8,638.4,88.7,2036.0,0.0,0.0,13677.0,38581.0
2023-11-24,bharati,29,2.28,28.1,0,0.737,5.59,1466.7,586.2,86.7,1917.0,0.0,0.0,13091.0,38495.0
2023-11-25,bharati,32,4.19,39.8,0,0.647,5.65,1499.7,587.7,90.2,1911.0,26100.0,0.0,38603.0,38405.0
2023-11-26,bharati,32,2.77,22.4,0,0.81,6.66,1551.4,611.0,91.2,2095.0,0.0,0.0,37992.0,38313.0
2023-11-27,bharati,31,0.47,29.7,0,0.811,5.84,1480.1,591.7,90.0,2056.0,0.0,0.0,37401.0,38223.0
2023-11-28,bharati,31,0.11,33.8,0,0.555,6.98,1530.1,609.9,88.9,1977.0,0.0,0.0,36791.0,38134.0
2023-11-29,bharati,31,1.0,33.9,0,0.774,6.44,1524.1,628.6,91.0,2094.0,0.0,0.0,36162.0,38043.0
2023-11-30,bharati,31,2.13,32.3,0,0.561,7.11,1482.7,599.1,90.2,1902.0,0.0,0.0,35563.0,37953.0
2023-12-01,bharati,32,2.49,28.6,0,0.691,7.05,1491.2,595.4,93.2,2016.0,0.0,0.0,34968.0,37860.0
2023-12-02,bharati,32,1.55,49.7,0,0.768,7.25,1559.6,648.6,96.0,1848.0,0.0,0.0,34319.0,37764.0
2023-12-03,bharati,32,4.28,17.4,0,0.594,6.39,1459.4,570.9,92.9,2021.0,0.0,0.0,33748.0,37671.0
2023-12-04,bharati,32,1.19,20.4,0,0.793,7.07,1525.8,616.2,97.6,2113.0,0.0,0.0,33132.0,37574.0
2023-12-05,bharati,33,8.77,19.8,0,0.643,7.36,1414.7,568.5,87.4,2058.0,0.0,0.0,32563.0,37486.0
2023-12-06,bharati,33,9.5,18.5,0,0.638,5.82,1435.6,535.9,89.0,1890.0,0.0,0.0,32027.0,37397.0
2023-12-07,bharati,31,4.08,9.3,0,0.797,8.15,1401.8,603.2,92.6,2026.0,0.0,0.0,31424.0,37305.0
2023-12-08,bharati,33,3.84,38.3,0,0.616,8.6,1453.4,599.5,95.6,2080.0,0.0,0.0,30825.0,37209.0
2023-12-09,bharati,34,5.54,13.9,0,0.614,7.73,1519.9,603.6,99.7,1994.0,0.0,0.0,30221.0,37109.0
2023-12-10,bharati,33,3.36,22.9,0,0.85,7.69,1477.6,590.4,93.5,2166.0,0.0,0.0,29631.0,37016.0
2023-12-11,bharati,34,-2.07,11.7,0,0.742,7.59,1591.7,638.3,101.0,2196.0,0.0,0.0,28992.0,36915.0
2023-12-12,bharati,32,-5.06,27.6,0,0.558,7.0,1588.8,721.8,94.9,1904.0,0.0,0.0,28270.0,36820.0
2023-12-13,bharati,33,-2.43,15.2,0,0.839,7.2,1568.8,630.1,101.3,2186.0,0.0,0.0,27640.0,36719.0
2023-12-14,bharati,33,-7.61,13.1,0,0.691,8.0,1595.3,638.7,101.5,2083.0,0.0,0.0,27002.0,36617.0
2023-12-15,bharati,34,-10.87,22.9,0,0.575,6.69,1697.5,712.2,106.0,2061.0,0.0,0.0,26289.0,36511.0
2023-12-16,bharati,35,-7.18,15.7,0,0.446,6.67,1709.9,662.2,104.0,2197.0,0.0,0.0,25627.0,36407.0
2023-12-17,bharati,33,-6.56,16.5,0,0.859,7.18,1651.1,670.6,107.2,2180.0,0.0,0.0,24957.0,36300.0
2023-12-18,bharati,34,-7.56,22.5,0,0.65,7.96,1705.6,706.8,109.4,2292.0,0.0,0.0,24250.0,36190.0
2023-12-19,bharati,35,-7.73,29.2,0,0.608,6.93,1709.8,727.2,103.1,2239.0,0.0,0.0,23523.0,36087.0
2023-12-20,bharati,34,-10.97,14.8,0,0.837,7.42,1767.1,698.1,107.8,2332.0,0.0,0.0,22825.0,35980.0
2023-12-21,bharati,34,-7.37,13.7,0,0.86,7.54,1664.3,722.9,109.0,2288.0,0.0,0.0,22102.0,35871.0
2023-12-22,bharati,34,-8.54,21.0,0,0.671,6.95,1605.4,652.9,106.5,2277.0,0.0,0.0,21449.0,35764.0
2023-12-23,bharati,33,-8.62,26.0,0,0.878,5.98,1713.2,715.9,102.7,2141.0,0.0,0.0,20733.0,35661.0
2023-12-24,bharati,34,-5.85,38.3,0,1.0,7.01,1767.4,736.8,108.2,2295.0,0.0,0.0,19996.0,35553.0
2023-12-25,bharati,36,-5.5,13.2,0,0.935,7.94,1690.1,716.2,107.5,2353.0,0.0,0.0,19280.0,35446.0
2023-12-26,bharati,34,-6.64,18.0,0,0.919,8.13,1731.0,731.2,106.7,2312.0,0.0,0.0,18549.0,35339.0
2023-12-27,bharati,35,-11.68,33.7,0,0.816,8.16,1774.2,811.0,106.1,2346.0,0.0,0.0,17738.0,35233.0
2023-12-28,bharati,35,-8.26,47.1,0,0.727,8.27,1839.5,793.3,110.0,2220.0,0.0,0.0,16944.0,35123.0
2023-12-29,bharati,34,-6.38,13.5,0,0.776,7.43,1742.2,703.1,101.5,2186.0,0.0,0.0,16241.0,35021.0
2023-12-30,bharati,35,-6.73,15.0,0,0.837,7.31,1701.7,713.0,109.5,2426.0,0.0,0.0,15528.0,34912.0
2023-12-31,bharati,36,-8.68,24.0,0,0.635,8.18,1741.1,768.3,111.5,2166.0,0.0,0.0,14760.0,34800.0
2024-01-01,bharati,35,-6.91,16.0,0,0.696,7.8,1689.4,725.4,107.6,2303.0,0.0,0.0,14035.0,34693.0
2024-01-02,bharati,35,-3.96,14.8,0,0.619,8.61,1718.6,714.1,103.0,2291.0,0.0,0.0,13321.0,34590.0
2024-01-03,bharati,36,-2.76,22.6,0,0.82,8.26,1693.8,704.1,109.2,2348.0,0.0,0.0,12616.0,34481.0
2024-01-04,bharati,35,3.15,39.1,0,0.803,8.91,1682.1,678.6,107.1,2335.0,26700.0,0.0,38638.0,34373.0
2024-01-05,bharati,34,5.02,11.7,0,0.716,7.7,1506.9,594.6,97.1,2148.0,0.0,0.0,38043.0,34276.0
2024-01-06,bharati,36,3.95,38.2,0,0.894,8.79,1581.0,684.2,107.1,2282.0,0.0,0.0,37359.0,34169.0
2024-01-07,bharati,35,5.79,16.0,0,0.671,9.48,1483.4,591.5,98.6,2073.0,0.0,0.0,36768.0,34071.0
2024-01-08,bharati,36,5.09,23.5,0,0.714,8.1,1551.7,604.4,107.3,2212.0,0.0,0.0,36163.0,33963.0
2024-01-09,bharati,34,4.5,39.6,0,0.892,8.42,1474.1,599.6,101.0,2192.0,0.0,0.0,35564.0,33862.0
2024-01-10,bharati,35,8.03,23.3,0,0.91,7.43,1469.0,568.5,99.5,2158.0,0.0,0.0,34995.0,33763.0
2024-01-11,bharati,34,3.89,17.9,0,0.704,8.71,1496.8,567.9,98.9,2033.0,0.0,0.0,34427.0,33664.0
2024-01-12,bharati,35,3.45,27.4,0,0.827,8.88,1576.5,721.6,102.8,2093.0,0.0,0.0,33705.0,33561.0
2024-01-13,bharati,34,6.82,18.9,0,0.706,7.75,1539.1,687.1,101.4,2069.0,0.0,0.0,33018.0,33460.0
2024-01-14,bharati,34,6.77,25.2,0,0.776,8.51,1481.2,653.2,98.0,1973.0,0.0,0.0,32365.0,33362.0
2024-01-15,bharati,35,4.55,18.6,0,0.817,8.3,1462.1,670.7,98.6,2133.0,0.0,0.0,31694.0,33263.0
2024-01-16,bharati,33,-1.55,29.1,0,0.867,8.37,1571.2,804.7,102.2,1967.0,0.0,0.0,30890.0,33161.0
2024-01-17,bharati,34,-8.36,11.3,0,0.838,8.67,1707.8,728.6,112.4,2315.0,0.0,0.0,30161.0,33049.0
2024-01-18,bharati,36,-0.04,13.3,0,0.832,8.46,1634.3,617.1,112.5,2370.0,0.0,0.0,29544.0,32936.0
2024-01-19,bharati,35,1.12,11.2,0,0.67,7.99,1644.6,623.2,99.6,2165.0,0.0,0.0,28921.0,32836.0
2024-01-20,bharati,34,-0.79,19.8,0,0.845,8.66,1633.1,667.1,102.2,2326.0,0.0,0.0,28254.0,32734.0
2024-01-21,bharati,35,0.63,10.7,0,0.864,8.85,1635.9,642.4,105.5,2333.0,0.0,0.0,27611.0,32629.0
2024-01-22,bharati,34,-2.36,15.2,0,0.88,7.67,1610.5,662.5,104.2,2245.0,0.0,0.0,26949.0,32525.0
2024-01-23,bharati,35,-2.85,12.8,0,0.71,8.05,1685.7,678.8,106.7,2204.0,0.0,0.0,26270.0,32418.0
2024-01-24,bharati,35,-5.21,37.9,0,0.905,6.8,1702.4,745.4,108.0,2270.0,0.0,0.0,25525.0,32310.0
2024-01-25,bharati,35,-8.66,13.4,0,0.636,8.43,1754.2,712.6,104.5,2287.0,0.0,0.0,24812.0,32205.0
2024-01-26,bharati,35,-13.71,11.9,0,0.741,8.86,1763.6,756.9,113.9,2305.0,0.0,0.0,24055.0,32091.0
2024-01-27,bharati,37,-16.24,22.6,0,0.758,7.81,1796.0,793.0,114.3,2502.0,0.0,0.0,23262.0,31977.0
2024-01-28,bharati,34,-9.94,41.5,0,0.639,8.06,1810.6,802.1,102.4,2246.0,0.0,0.0,22460.0,31875.0
2024-01-29,bharati,35,-11.21,19.5,0,0.754,7.8,1811.6,769.5,106.2,2283.0,0.0,0.0,21691.0,31768.0
2024-01-30,bharati,35,-7.39,20.1,0,0.813,7.66,1690.3,664.4,111.0,2378.0,0.0,0.0,21026.0,31658.0
2024-01-31,bharati,34,-2.92,35.2,0,0.566,8.07,1718.1,720.7,101.1,2096.0,0.0,0.0,20306.0,31556.0
2024-02-01,bharati,33,-2.27,29.7,0,0.736,7.33,1547.0,651.5,102.2,2108.0,0.0,0.0,19654.0,31454.0
2024-02-02,bharati,34,-2.76,24.6,0,0.571,7.69,1571.8,679.5,98.5,2042.0,0.0,0.0,18975.0,31356.0
2024-02-03,bharati,35,-1.79,16.1,0,1.0,7.19,1636.3,675.4,104.5,2273.0,0.0,0.0,18299.0,31251.0
2024-02-04,bharati,34,-2.76,25.0,0,0.802,8.21,1619.5,685.7,102.2,2358.0,0.0,0.0,17614.0,31149.0
2024-02-05,bharati,34,1.61,11.7,0,0.789,7.93,1529.1,621.0,100.6,2072.0,0.0,0.0,16993.0,31048.0
2024-02-06,bharati,35,7.34,15.9,0,0.8,7.43,1492.3,592.7,101.6,2163.0,0.0,0.0,16400.0,30947.0
2024-02-07,bharati,33,10.65,37.8,0,0.842,7.72,1382.6,546.1,89.1,1973.0,0.0,0.0,15854.0,30858.0
2024-02-08,bharati,34,1.83,35.9,0,0.884,7.51,1578.2,649.4,103.6,2005.0,0.0,0.0,15204.0,30754.0
2024-02-09,bharati,33,0.07,25.0,0,0.576,8.43,1564.6,694.0,93.9,2073.0,0.0,0.0,14510.0,30660.0
2024-02-10,bharati,34,0.03,9.3,1,0.918,1.97,1604.6,575.0,101.5,2154.0,0.0,0.0,13935.0,30559.0
2024-02-11,bharati,34,1.45,12.6,0,0.907,7.99,1560.3,604.3,106.3,2203.0,0.0,0.0,13331.0,30452.0
2024-02-12,bharati,34,-4.42,15.7,0,0.747,7.01,1613.7,666.2,97.1,2262.0,0.0,0.0,12665.0,30355.0
2024-02-13,bharati,33,-9.29,19.5,0,0.737,8.04,1628.2,701.0,103.7,2186.0,26700.0,0.0,38664.0,30252.0
2024-02-14,bharati,33,-3.55,12.4,0,0.376,8.15,1612.2,620.9,96.9,2027.0,0.0,0.0,38043.0,30155.0
2024-02-15,bharati,32,-4.82,19.0,0,0.595,8.14,1657.7,681.7,93.8,1970.0,0.0,0.0,37361.0,30061.0
2024-02-16,bharati,33,-8.86,44.4,0,0.803,8.36,1812.3,803.4,101.9,2241.0,0.0,0.0,36558.0,29959.0
2024-02-17,bharati,34,-10.95,25.1,0,0.881,7.49,1764.1,755.8,112.2,2269.0,0.0,0.0,35802.0,29847.0
2024-02-18,bharati,33,-7.91,23.3,0,0.821,8.1,1650.8,697.8,109.3,2037.0,0.0,0.0,35104.0,29738.0
2024-02-19,bharati,32,-9.31,13.9,0,0.721,8.32,1641.4,708.5,102.6,2169.0,0.0,0.0,34396.0,29635.0
2024-02-20,bharati,32,-7.08,10.7,0,0.957,6.35,1683.6,688.7,107.0,2253.0,0.0,0.0,33707.0,29528.0
2024-02-21,bharati,31,-9.17,12.8,0,0.842,6.66,1544.2,677.0,95.5,2201.0,0.0,0.0,33030.0,29432.0
2024-02-22,bharati,31,-13.35,10.6,0,0.67,5.98,1656.9,688.0,92.7,2227.0,0.0,0.0,32342.0,29340.0
2024-02-23,bharati,33,-6.66,22.2,0,0.975,7.72,1697.8,734.9,104.1,2284.0,0.0,0.0,31607.0,29236.0
2024-02-24,bharati,31,-4.48,25.4,0,0.577,5.86,1531.1,623.5,95.0,2003.0,0.0,0.0,30984.0,29141.0
2024-02-25,bharati,32,-5.06,14.4,0,0.528,5.61,1604.4,642.5,90.3,2090.0,0.0,0.0,30341.0,29050.0
2024-02-26,bharati,32,-6.15,23.1,0,0.65,6.03,1634.9,716.5,94.6,1996.0,0.0,0.0,29625.0,28956.0
2024-02-27,bharati,31,-0.71,40.4,0,0.604,5.52,1503.8,607.3,89.1,1832.0,0.0,0.0,29018.0,28867.0
2024-02-28,bharati,32,0.93,49.7,0,0.647,6.87,1582.1,644.8,94.9,1961.0,0.0,0.0,28373.0,28772.0
2024-02-29,bharati,31,4.03,30.3,0,0.782,5.86,1441.4,549.8,91.5,2044.0,0.0,0.0,27823.0,28680.0
2024-03-01,bharati,32,1.02,20.4,0,0.677,5.37,1526.0,586.4,92.1,1957.0,0.0,0.0,27237.0,28588.0
2024-03-02,bharati,31,0.55,30.1,0,0.675,6.46,1542.1,630.2,92.0,1986.0,0.0,0.0,26606.0,28496.0
2024-03-03,bharati,31,1.27,39.0,0,0.678,6.44,1540.6,643.6,88.1,1987.0,0.0,0.0,25963.0,28408.0
2024-03-04,bharati,30,-1.21,9.6,0,0.389,5.05,1479.9,587.1,85.2,1840.0,0.0,0.0,25376.0,28323.0
2024-03-05,bharati,31,-1.81,41.5,0,0.479,5.79,1585.6,653.7,87.1,1829.0,0.0,0.0,24722.0,28236.0
2024-03-06,bharati,31,-3.89,17.8,0,0.609,6.17,1507.6,605.6,92.4,1996.0,0.0,0.0,24116.0,28143.0
2024-03-07,bharati,28,-2.48,17.9,0,0.549,5.9,1456.0,591.3,80.7,1753.0,0.0,0.0,23525.0,28063.0
2024-03-08,bharati,31,-6.85,19.4,1,0.617,1.59,1605.1,600.8,96.1,2122.0,0.0,0.0,22924.0,27966.0
2024-03-09,bharati,29,-4.4,25.8,0,0.808,6.84,1581.6,682.5,89.0,2010.0,0.0,0.0,22242.0,27877.0
2024-03-10,bharati,30,-3.25,14.2,0,0.625,7.44,1546.8,660.0,89.1,1892.0,0.0,0.0,21582.0,27788.0
2024-03-11,bharati,30,-3.98,20.2,0,0.47,5.65,1548.0,637.3,93.2,1994.0,0.0,0.0,20944.0,27695.0
2024-03-12,bharati,29,-2.51,28.4,1,0.527,0.81,1617.0,620.3,86.4,1848.0,0.0,0.0,20324.0,27609.0
2024-03-13,bharati,30,-3.94,25.1,0,0.822,5.56,1544.6,658.8,91.1,1874.0,0.0,0.0,19665.0,27518.0
2024-03-14,bharati,30,-6.12,27.0,0,0.795,5.78,1570.8,667.4,91.1,1990.0,0.0,0.0,18998.0,27426.0
2024-03-15,bharati,29,-4.05,20.1,0,0.677,5.53,1497.8,650.0,84.5,1998.0,0.0,0.0,18348.0,27342.0
2024-03-16,bharati,28,-2.23,31.0,0,0.412,5.92,1418.1,588.1,81.1,1684.0,0.0,0.0,17760.0,27261.0
2024-03-17,bharati,29,-4.27,36.2,0,0.63,6.96,1502.3,651.3,88.0,1869.0,0.0,0.0,17109.0,27173.0
2024-03-18,bharati,28,-6.25,35.4,0,0.633,4.13,1589.2,657.0,80.2,1749.0,0.0,0.0,16452.0,27093.0
2024-03-19,bharati,28,-6.59,28.0,0,0.584,4.9,1489.0,650.7,81.2,1746.0,0.0,0.0,15801.0,27011.0
2024-03-20,bharati,30,-8.07,34.9,0,0.507,6.25,1586.3,773.3,89.1,1863.0,0.0,0.0,15028.0,26922.0
2024-03-21,bharati,27,-2.67,34.0,0,0.525,4.73,1470.5,746.7,77.0,1646.0,0.0,0.0,14281.0,26845.0
2024-03-22,bharati,28,-2.13,72.9,1,0.486,2.06,1623.5,791.8,82.0,1718.0,0.0,0.0,13489.0,26763.0
2024-03-23,bharati,28,-2.69,39.6,0,0.419,5.37,1542.1,682.8,81.9,1848.0,0.0,0.0,12806.0,26681.0
2024-03-24,bharati,29,-6.2,23.0,0,0.714,5.71,1554.0,654.8,88.5,1913.0,26500.0,0.0,38652.0,26593.0
2024-03-25,bharati,27,-3.76,16.3,1,0.649,2.77,1472.5,574.6,82.5,1816.0,0.0,0.0,38077.0,26510.0
2024-03-26,bharati,27,-6.11,21.5,0,0.503,4.91,1521.6,649.4,79.3,1805.0,0.0,0.0,37428.0,26431.0
2024-03-27,bharati,27,-8.2,21.0,0,0.573,3.37,1542.1,657.6,82.0,1706.0,0.0,0.0,36770.0,26349.0
2024-03-28,bharati,27,-5.38,30.0,0,0.571,4.02,1454.3,603.0,78.6,1703.0,0.0,0.0,36167.0,26270.0
2024-03-29,bharati,27,-4.33,18.1,0,0.799,5.96,1483.2,586.3,83.5,1868.0,0.0,0.0,35581.0,26187.0
2024-03-30,bharati,26,-12.74,40.3,0,0.615,3.35,1595.2,665.0,81.0,1721.0,0.0,0.0,34916.0,26106.0
2024-03-31,bharati,28,-12.17,13.7,0,0.604,4.6,1554.1,665.1,83.7,1912.0,0.0,0.0,34251.0,26022.0
2024-04-01,bharati,27,-10.82,12.4,0,0.502,2.41,1611.4,678.0,81.9,1875.0,0.0,0.0,33573.0,25940.0
2024-04-02,bharati,27,-11.23,23.3,0,0.439,3.13,1556.5,631.8,81.7,1663.0,0.0,0.0,32941.0,25859.0
2024-04-03,bharati,26,-10.0,17.4,0,0.65,4.61,1504.9,637.3,81.0,1732.0,0.0,0.0,32304.0,25778.0
2024-04-04,bharati,27,-15.32,14.7,0,0.556,3.93,1592.8,671.0,84.9,1799.0,0.0,0.0,31632.0,25693.0
2024-04-05,bharati,26,-22.98,19.1,1,0.371,0.88,1703.6,755.5,79.4,1698.0,0.0,0.0,30877.0,25613.0
2024-04-06,bharati,27,-23.36,18.2,0,0.518,3.16,1628.6,763.5,87.7,1798.0,0.0,0.0,30114.0,25526.0
2024-04-07,bharati,26,-19.67,25.3,0,0.557,2.24,1609.2,709.4,83.4,1745.0,0.0,0.0,29404.0,25442.0
2024-04-08,bharati,26,-27.89,19.5,0,0.199,4.04,1672.8,769.1,78.7,1692.0,0.0,0.0,28635.0,25363.0
2024-04-09,bharati,25,-27.05,20.2,0,0.333,3.27,1565.0,729.6,75.8,1683.0,0.0,0.0,27905.0,25288.0
2024-04-10,bharati,25,-29.84,25.4,0,0.48,2.31,1721.4,733.6,78.6,1788.0,0.0,0.0,27172.0,25209.0
2024-04-11,bharati,26,-26.78,39.2,0,0.199,3.31,1669.1,793.0,76.8,1687.0,0.0,0.0,26379.0,25132.0
2024-04-12,bharati,26,-17.26,47.6,0,0.211,3.6,1676.4,738.1,78.9,1719.0,0.0,0.0,25641.0,25053.0
2024-04-13,bharati,25,-16.45,27.4,0,0.383,2.97,1513.0,668.7,79.4,1614.0,0.0,0.0,24972.0,24974.0
2024-04-14,bharati,25,-15.46,28.4,0,0.468,3.1,1532.8,700.0,80.5,1601.0,0.0,0.0,24272.0,24893.0
2024-04-15,bharati,25,-11.64,24.0,0,0.467,2.95,1562.8,661.5,73.7,1631.0,0.0,0.0,23611.0,24820.0
2024-04-16,bharati,25,-11.16,31.9,0,0.585,2.34,1585.7,692.3,78.8,1712.0,0.0,0.0,22918.0,24741.0
2024-04-17,bharati,23,-11.56,30.8,0,0.398,2.79,1529.7,685.0,69.6,1560.0,0.0,0.0,22233.0,24671.0
2024-04-18,bharati,24,-8.25,45.8,0,0.337,3.17,1462.9,614.2,66.1,1612.0,0.0,0.0,21619.0,24605.0
2024-04-19,bharati,24,-7.03,11.9,0,0.218,3.29,1366.4,534.4,68.9,1501.0,0.0,0.0,21085.0,24536.0
2024-04-20,bharati,25,-6.64,24.0,0,0.322,3.03,1453.7,627.3,72.3,1614.0,0.0,0.0,20457.0,24464.0
2024-04-21,bharati,24,-7.72,30.6,0,0.446,1.92,1488.6,642.1,74.4,1640.0,0.0,0.0,19815.0,24390.0
2024-04-22,bharati,24,-9.3,26.4,0,0.444,2.75,1438.8,620.5,70.3,1530.0,0.0,0.0,19195.0,24319.0
2024-04-23,bharati,23,-6.58,18.0,0,0.379,2.54,1362.8,574.7,69.0,1469.0,0.0,0.0,18620.0,24250.0
2024-04-24,bharati,24,-8.39,15.6,0,0.406,1.63,1391.2,588.2,71.4,1713.0,0.0,0.0,18032.0,24179.0
2024-04-25,bharati,23,-4.88,37.8,0,0.487,1.71,1482.8,624.7,65.3,1550.0,0.0,0.0,17407.0,24114.0
2024-04-26,bharati,25,-9.33,19.7,0,0.336,2.43,1445.1,599.8,73.1,1622.0,0.0,0.0,16807.0,24040.0
2024-04-27,bharati,24,-5.07,13.0,0,0.484,2.83,1394.1,582.1,74.6,1609.0,0.0,0.0,16225.0,23966.0
2024-04-28,bharati,24,-4.67,39.0,0,0.226,0.51,1434.5,577.7,68.6,1407.0,0.0,0.0,15648.0,23897.0
2024-04-29,bharati,24,-8.99,33.1,0,0.298,2.83,1521.2,652.0,72.8,1490.0,0.0,0.0,14996.0,23825.0
2024-04-30,bharati,22,-7.83,26.1,0,0.242,2.42,1355.1,585.1,65.9,1340.0,0.0,0.0,14410.0,23759.0
2024-05-01,bharati,24,-10.62,18.7,0,0.395,1.74,1500.3,602.9,71.2,1587.0,0.0,0.0,13808.0,23687.0
2024-05-02,bharati,23,-10.74,26.3,0,0.178,1.43,1400.3,586.3,64.9,1421.0,0.0,0.0,13221.0,23623.0
2024-05-03,bharati,24,-12.54,46.2,0,0.261,1.87,1622.3,752.7,69.2,1537.0,26200.0,0.0,38669.0,23553.0
2024-05-04,bharati,24,-12.9,14.1,0,0.077,1.15,1402.1,573.0,73.3,1458.0,0.0,0.0,38096.0,23480.0
2024-05-05,bharati,24,-9.79,14.5,0,0.371,1.48,1442.2,596.8,72.1,1466.0,0.0,0.0,37499.0,23408.0
2024-05-06,bharati,25,-8.62,21.5,0,0.45,0.57,1526.8,620.1,71.2,1677.0,0.0,0.0,36879.0,23337.0
2024-05-07,bharati,24,-12.95,27.8,0,0.409,0.38,1542.2,640.3,74.8,1486.0,0.0,0.0,36238.0,23262.0
2024-05-08,bharati,24,-16.34,22.9,0,0.398,3.23,1546.8,689.8,69.8,1554.0,0.0,0.0,35549.0,23192.0
2024-05-09,bharati,25,-14.87,37.0,0,0.401,1.64,1558.4,687.9,74.5,1571.0,0.0,0.0,34861.0,23118.0
2024-05-10,bharati,24,-13.45,44.8,0,0.384,1.74,1560.7,670.4,73.0,1528.0,0.0,0.0,34190.0,23045.0
2024-05-11,bharati,24,-15.57,32.0,0,0.374,1.58,1613.9,702.1,79.1,1594.0,0.0,0.0,33488.0,22966.0
2024-05-12,bharati,25,-10.08,36.1,0,0.381,1.02,1552.7,638.2,76.8,1684.0,0.0,0.0,32850.0,22889.0
2024-05-13,bharati,24,-8.1,32.1,0,0.221,1.39,1491.9,652.3,69.0,1414.0,0.0,0.0,32198.0,22820.0
2024-05-14,bharati,24,-11.1,28.8,0,0.276,1.66,1492.3,640.8,71.4,1499.0,0.0,0.0,31557.0,22748.0
2024-05-15,bharati,23,-13.9,16.7,0,0.308,1.46,1453.8,601.1,71.3,1408.0,0.0,0.0,30956.0,22677.0
2024-05-16,bharati,25,-14.63,18.8,0,0.26,1.07,1546.1,648.6,78.4,1565.0,0.0,0.0,30307.0,22599.0
2024-05-17,bharati,24,-15.59,16.4,0,0.112,1.94,1503.2,620.7,70.6,1503.0,0.0,0.0,29687.0,22528.0
2024-05-18,bharati,24,-11.32,27.3,0,0.152,1.73,1472.6,631.5,69.9,1531.0,0.0,0.0,29055.0,22458.0
2024-05-19,bharati,25,-8.71,32.1,0,0.328,1.88,1445.9,610.2,72.2,1474.0,0.0,0.0,28445.0,22386.0
2024-05-20,bharati,25,-9.63,15.9,0,0.409,2.09,1505.8,600.0,76.5,1650.0,0.0,0.0,27845.0,22310.0
2024-05-21,bharati,24,-8.36,30.2,0,0.301,1.48,1476.9,599.4,72.9,1470.0,0.0,0.0,27245.0,22237.0
2024-05-22,bharati,25,-6.87,20.3,0,0.632,1.48,1428.8,624.7,71.8,1603.0,0.0,0.0,26621.0,22165.0
2024-05-23,bharati,24,-8.11,18.8,0,0.19,2.64,1457.1,605.3,68.9,1487.0,0.0,0.0,26015.0,22096.0
2024-05-24,bharati,24,-8.06,22.7,0,0.353,0.94,1442.2,580.7,68.5,1570.0,0.0,0.0,25435.0,22027.0
2024-05-25,bharati,23,-7.42,18.5,1,0.455,0.0,1452.5,563.2,69.0,1504.0,0.0,0.0,24872.0,21958.0
2024-05-26,bharati,25,-7.26,38.3,0,0.428,1.99,1538.6,650.5,71.7,1550.0,0.0,0.0,24221.0,21887.0
2024-05-27,bharati,23,-11.2,27.7,0,0.379,1.16,1493.5,615.1,66.5,1500.0,0.0,0.0,23606.0,21820.0
2024-05-28,bharati,24,-14.13,42.0,0,0.428,0.85,1601.2,667.6,75.9,1553.0,0.0,0.0,22938.0,21744.0
2024-05-29,bharati,23,-15.3,24.8,0,0.307,2.22,1491.9,649.7,69.3,1535.0,0.0,0.0,22289.0,21675.0
2024-05-30,bharati,24,-17.63,25.3,1,0.5,0.38,1686.6,695.9,74.7,1695.0,0.0,0.0,21593.0,21600.0
2024-05-31,bharati,24,-22.0,66.0,1,0.454,0.0,1805.4,806.2,76.4,1695.0,0.0,44700.0,20787.0,66224.0
2024-06-01,bharati,24,-18.73,15.2,0,0.198,2.95,1557.0,654.1,74.7,1540.0,0.0,0.0,20132.0,66149.0
2024-06-02,bharati,24,-17.13,51.8,0,0.339,0.47,1659.8,724.5,72.5,1642.0,0.0,0.0,19408.0,66077.0
2024-06-03,bharati,23,-21.22,60.6,0,0.114,1.54,1734.3,786.8,68.6,1414.0,0.0,0.0,18621.0,66008.0
2024-06-04,bharati,24,-21.08,41.8,0,0.483,0.28,1721.8,734.3,74.6,1747.0,0.0,0.0,17887.0,65934.0
2024-06-05,bharati,25,-20.8,26.4,0,0.327,1.79,1595.9,704.3,79.7,1590.0,0.0,0.0,17183.0,65854.0
2024-06-06,bharati,23,-19.42,55.4,0,0.462,1.15,1716.2,825.4,71.7,1462.0,0.0,0.0,16357.0,65782.0
2024-06-07,bharati,23,-22.35,26.6,0,0.287,2.17,1582.6,732.7,70.4,1600.0,0.0,0.0,15625.0,65712.0
2024-06-08,bharati,25,-25.63,22.7,0,0.077,1.59,1587.6,744.3,76.8,1548.0,0.0,0.0,14880.0,65635.0
2024-06-09,bharati,24,-22.35,26.0,0,0.616,2.55,1664.4,716.7,81.2,1696.0,0.0,0.0,14164.0,65554.0
2024-06-10,bharati,24,-26.24,24.1,0,0.316,1.3,1644.1,756.6,75.2,1550.0,0.0,0.0,13407.0,65479.0
2024-06-11,bharati,25,-25.28,20.7,0,0.18,0.48,1589.1,691.8,76.2,1758.0,0.0,0.0,12715.0,65403.0
2024-06-12,bharati,23,-24.81,49.1,0,0.437,1.77,1761.7,824.4,77.0,1686.0,26700.0,0.0,38591.0,65326.0
2024-06-13,bharati,24,-23.79,22.3,0,0.544,1.42,1568.6,698.8,79.6,1764.0,0.0,0.0,37892.0,65246.0
2024-06-14,bharati,23,-21.76,30.5,0,0.276,0.33,1584.1,684.9,73.3,1524.0,0.0,0.0,37207.0,65173.0
2024-06-15,bharati,24,-15.81,16.9,0,0.288,0.86,1490.1,639.5,71.6,1611.0,0.0,0.0,36568.0,65101.0
2024-06-16,bharati,25,-21.17,31.4,0,0.329,1.08,1666.4,732.1,75.9,1648.0,0.0,0.0,35835.0,65025.0
2024-06-17,bharati,23,-17.65,19.1,0,0.167,2.69,1474.8,615.9,65.4,1527.0,0.0,0.0,35220.0,64960.0
2024-06-18,bharati,23,-25.63,18.9,0,0.217,2.1,1589.6,697.6,73.1,1492.0,0.0,0.0,34522.0,64887.0
2024-06-19,bharati,23,-19.68,29.7,0,0.514,1.36,1600.5,716.0,72.5,1678.0,0.0,0.0,33806.0,64814.0
2024-06-20,bharati,25,-25.81,48.6,0,0.284,1.93,1742.6,805.8,73.7,1627.0,0.0,0.0,33000.0,64741.0
2024-06-21,bharati,24,-16.51,37.6,0,0.199,0.17,1659.1,713.3,74.7,1513.0,0.0,0.0,32287.0,64666.0
2024-06-22,bharati,24,-17.94,38.7,0,0.246,1.2,1578.8,683.3,72.1,1527.0,0.0,0.0,31604.0,64594.0
2024-06-23,bharati,23,-13.75,29.6,0,0.429,1.88,1457.2,643.4,69.8,1545.0,0.0,0.0,30960.0,64524.0
2024-06-24,bharati,24,-10.98,27.2,0,0.063,1.72,1500.8,630.7,66.4,1440.0,0.0,0.0,30329.0,64458.0
2024-06-25,bharati,25,-13.58,43.7,0,0.331,1.22,1523.5,667.8,76.6,1644.0,0.0,0.0,29662.0,64381.0
2024-06-26,bharati,24,-15.47,24.8,0,0.595,1.57,1600.5,661.3,76.3,1626.0,0.0,0.0,29000.0,64305.0
2024-06-27,bharati,24,-18.56,44.6,0,0.544,1.84,1664.3,762.1,75.3,1697.0,0.0,0.0,28238.0,64229.0
2024-06-28,bharati,23,-15.91,52.9,0,0.369,1.59,1573.5,723.1,69.4,1609.0,0.0,0.0,27515.0,64160.0
2024-06-29,bharati,24,-17.61,22.1,0,0.458,2.2,1506.9,663.6,80.6,1623.0,0.0,0.0,26851.0,64079.0
2024-06-30,bharati,24,-20.27,23.5,0,0.457,1.82,1510.8,710.6,72.4,1762.0,0.0,0.0,26141.0,64007.0
2024-07-01,bharati,23,-18.13,25.1,0,0.285,1.96,1541.7,682.7,68.6,1569.0,0.0,0.0,25458.0,63938.0
2024-07-02,bharati,25,-20.96,17.0,0,0.411,2.8,1532.4,698.7,79.6,1806.0,0.0,0.0,24759.0,63859.0
2024-07-03,bharati,25,-21.47,25.9,0,0.515,2.18,1643.5,722.6,76.6,1708.0,0.0,0.0,24037.0,63782.0
2024-07-04,bharati,24,-20.5,54.6,0,0.148,2.82,1691.1,775.9,70.2,1446.0,0.0,0.0,23261.0,63712.0
2024-07-05,bharati,25,-22.1,20.4,0,0.369,1.13,1573.8,658.0,80.5,1627.0,0.0,0.0,22603.0,63631.0
2024-07-06,bharati,24,-22.93,55.2,0,0.343,0.49,1767.0,800.0,76.0,1570.0,0.0,0.0,21803.0,63555.0
2024-07-07,bharati,25,-17.14,26.4,0,0.312,1.5,1597.6,630.3,77.3,1574.0,0.0,0.0,21173.0,63478.0
2024-07-08,bharati,26,-17.95,77.0,1,0.302,0.32,1932.4,861.2,79.8,1561.0,0.0,0.0,20312.0,63398.0
2024-07-09,bharati,23,-19.11,23.8,0,0.328,2.62,1508.8,678.0,69.2,1582.0,0.0,0.0,19634.0,63329.0
2024-07-10,bharati,25,-19.48,29.8,0,0.338,0.81,1611.7,690.4,76.4,1543.0,0.0,0.0,18943.0,63253.0
2024-07-11,bharati,25,-17.77,21.6,0,0.434,1.54,1540.3,659.7,77.3,1725.0,0.0,0.0,18283.0,63175.0
2024-07-12,bharati,23,-21.12,23.8,0,0.357,1.88,1558.5,660.0,73.1,1666.0,0.0,0.0,17623.0,63102.0
2024-07-13,bharati,24,-19.2,55.6,0,0.279,1.67,1669.2,795.7,74.3,1526.0,0.0,0.0,16828.0,63028.0
2024-07-14,bharati,24,-18.17,38.7,0,0.199,1.48,1591.2,698.8,70.5,1560.0,0.0,0.0,16129.0,62958.0
2024-07-15,bharati,24,-23.86,48.9,0,0.243,1.85,1698.4,757.4,75.8,1553.0,0.0,0.0,15372.0,62882.0
2024-07-16,bharati,24,-17.07,18.3,1,0.331,1.24,1577.5,671.5,69.7,1622.0,0.0,0.0,14700.0,62812.0
2024-07-17,bharati,24,-12.56,41.8,0,0.215,2.68,1555.6,688.7,70.5,1455.0,0.0,0.0,14011.0,62742.0
2024-07-18,bharati,25,-16.09,21.1,0,0.414,1.62,1565.0,654.8,74.3,1648.0,0.0,0.0,13357.0,62667.0
2024-07-19,bharati,22,-20.02,18.1,0,0.352,1.03,1496.7,637.2,66.2,1538.0,0.0,0.0,12719.0,62601.0
2024-07-20,bharati,23,-18.91,35.0,0,0.437,2.67,1566.5,707.0,75.8,1558.0,26600.0,0.0,38612.0,62525.0
2024-07-21,bharati,25,-23.29,34.9,0,0.223,0.85,1672.7,765.1,73.5,1535.0,0.0,0.0,37847.0,62452.0
2024-07-22,bharati,24,-17.95,32.4,0,0.2,2.85,1541.6,703.3,70.7,1606.0,0.0,0.0,37144.0,62381.0
2024-07-23,bharati,23,-19.43,42.8,0,0.436,2.54,1654.0,745.0,72.7,1493.0,0.0,0.0,36399.0,62308.0
2024-07-24,bharati,24,-13.95,45.7,0,0.316,2.64,1584.3,725.5,71.4,1560.0,0.0,0.0,35674.0,62237.0
2024-07-25,bharati,25,-17.27,58.7,0,0.276,2.08,1724.8,779.3,76.3,1650.0,0.0,0.0,34894.0,62161.0
2024-07-26,bharati,24,-17.71,19.2,0,0.384,0.12,1538.6,650.9,77.1,1602.0,0.0,0.0,34243.0,62084.0
2024-07-27,bharati,23,-13.65,59.4,0,0.379,0.87,1694.7,744.3,71.2,1659.0,0.0,0.0,33499.0,62012.0
2024-07-28,bharati,25,-15.4,69.6,1,0.149,0.69,1792.9,806.9,73.3,1608.0,0.0,0.0,32692.0,61939.0
2024-07-29,bharati,25,-14.92,27.1,0,0.466,1.13,1565.0,653.5,76.7,1654.0,0.0,0.0,32039.0,61862.0
2024-07-30,bharati,23,-11.9,15.7,0,0.251,1.38,1414.3,572.4,69.4,1500.0,0.0,0.0,31466.0,61793.0
2024-07-31,bharati,24,-14.68,17.6,0,0.504,2.03,1538.4,665.1,75.6,1632.0,0.0,0.0,30801.0,61717.0
2024-08-01,bharati,25,-19.21,25.9,1,0.14,0.36,1614.5,715.2,75.2,1585.0,0.0,0.0,30086.0,61642.0
2024-08-02,bharati,24,-23.55,73.3,1,0.338,0.0,1814.7,812.3,75.5,1618.0,0.0,0.0,29274.0,61567.0
2024-08-03,bharati,23,-20.56,31.7,0,0.278,2.22,1572.3,708.4,71.3,1493.0,0.0,0.0,28565.0,61495.0
2024-08-04,bharati,24,-18.72,24.2,0,0.063,1.96,1546.8,666.2,71.2,1509.0,0.0,0.0,27899.0,61424.0
2024-08-05,bharati,23,-15.04,23.5,0,0.379,1.43,1464.8,649.0,68.9,1498.0,0.0,0.0,27250.0,61355.0
2024-08-06,bharati,23,-16.29,18.0,0,0.069,2.1,1469.4,640.2,69.5,1339.0,0.0,0.0,26610.0,61286.0
2024-08-07,bharati,23,-21.0,45.2,0,0.265,1.67,1644.8,823.8,71.2,1575.0,0.0,0.0,25786.0,61214.0
2024-08-08,bharati,25,-27.8,30.1,0,0.433,2.53,1685.4,751.8,74.6,1674.0,0.0,0.0,25034.0,61140.0
2024-08-09,bharati,23,-16.66,75.4,1,0.236,0.59,1832.3,857.9,67.7,1494.0,0.0,0.0,24176.0,61072.0
2024-08-10,bharati,24,-15.0,40.6,0,0.192,2.53,1529.0,722.3,70.6,1482.0,0.0,0.0,23454.0,61001.0
2024-08-11,bharati,24,-14.87,44.1,0,0.396,0.29,1689.4,727.6,72.9,1546.0,0.0,0.0,22726.0,60929.0
2024-08-12,bharati,24,-14.3,28.1,0,0.27,1.92,1522.5,657.7,74.8,1488.0,0.0,0.0,22069.0,60854.0
2024-08-13,bharati,24,-19.28,19.6,0,0.251,1.32,1558.7,668.3,80.5,1613.0,0.0,0.0,21400.0,60773.0
2024-08-14,bharati,24,-21.32,21.5,0,0.453,1.0,1577.7,678.8,69.9,1702.0,0.0,0.0,20722.0,60703.0
2024-08-15,bharati,24,-14.85,17.4,0,0.16,2.41,1426.0,641.5,72.0,1512.0,0.0,0.0,20080.0,60631.0
2024-08-16,bharati,23,-13.0,45.3,0,0.245,2.22,1512.8,660.4,68.7,1445.0,0.0,0.0,19420.0,60563.0
2024-08-17,bharati,23,-16.01,26.2,0,0.404,0.2,1498.6,635.1,70.2,1449.0,0.0,0.0,18785.0,60492.0
2024-08-18,bharati,24,-19.95,46.0,0,0.152,2.1,1699.4,755.5,73.6,1574.0,0.0,0.0,18029.0,60419.0
2024-08-19,bharati,24,-20.89,32.6,0,0.513,2.02,1570.1,669.2,76.0,1612.0,0.0,0.0,17360.0,60343.0
2024-08-20,bharati,24,-20.99,27.1,0,0.274,1.09,1552.6,699.6,72.9,1514.0,0.0,0.0,16660.0,60270.0
2024-08-21,bharati,25,-13.5,18.7,0,0.405,1.02,1519.8,649.9,76.2,1641.0,0.0,0.0,16010.0,60194.0
2024-08-22,bharati,24,-14.49,34.7,0,0.405,0.49,1580.3,658.1,74.5,1569.0,0.0,0.0,15352.0,60119.0
2024-08-23,bharati,23,-18.49,27.8,0,0.282,1.36,1560.0,699.9,71.1,1431.0,0.0,0.0,14652.0,60048.0
2024-08-24,bharati,22,-18.13,44.5,0,0.243,1.48,1549.9,671.5,67.1,1369.0,0.0,0.0,13981.0,59981.0
2024-08-25,bharati,23,-16.78,22.5,0,0.295,2.16,1444.2,638.9,68.7,1523.0,0.0,0.0,13342.0,59912.0
2024-08-26,bharati,23,-20.59,39.3,0,0.386,1.79,1644.9,731.7,77.7,1515.0,0.0,0.0,12610.0,59835.0
2024-08-27,bharati,23,-18.32,60.3,0,0.182,0.86,1744.2,782.4,70.1,1503.0,26800.0,0.0,38628.0,59765.0
2024-08-28,bharati,24,-13.85,33.9,0,0.156,1.77,1522.6,664.3,72.7,1512.0,0.0,0.0,37964.0,59692.0
2024-08-29,bharati,24,-13.58,41.9,0,0.478,1.42,1540.4,674.1,72.6,1666.0,0.0,0.0,37289.0,59619.0
2024-08-30,bharati,25,-16.34,38.2,0,0.212,0.95,1593.4,684.8,75.6,1546.0,0.0,0.0,36605.0,59544.0
2024-08-31,bharati,24,-17.72,66.6,1,0.342,0.0,1799.9,792.9,74.0,1596.0,0.0,0.0,35812.0,59470.0
2024-09-01,bharati,26,-22.45,35.0,0,0.276,2.04,1675.1,775.1,75.7,1736.0,0.0,0.0,35037.0,59394.0
2024-09-02,bharati,25,-21.42,40.1,0,0.281,1.91,1736.3,752.3,75.3,1601.0,0.0,0.0,34284.0,59319.0
2024-09-03,bharati,25,-19.13,29.3,0,0.472,1.99,1653.0,765.4,76.4,1756.0,0.0,0.0,33519.0,59242.0
2024-09-04,bharati,24,-21.09,21.5,0,0.29,1.09,1568.1,663.3,72.5,1490.0,0.0,0.0,32856.0,59170.0
2024-09-05,bharati,23,-13.6,17.8,0,0.257,1.72,1388.3,603.0,66.7,1436.0,0.0,0.0,32253.0,59103.0
2024-09-06,bharati,24,-11.1,50.3,0,0.268,0.64,1545.1,680.6,71.3,1438.0,0.0,0.0,31572.0,59032.0
2024-09-07,bharati,24,-17.3,19.3,0,0.24,0.91,1497.0,632.2,75.7,1508.0,0.0,0.0,30940.0,58956.0
2024-09-08,bharati,23,-22.3,40.2,0,0.22,1.62,1603.5,760.3,70.7,1495.0,0.0,0.0,30180.0,58885.0
2024-09-09,bharati,23,-23.85,34.9,0,0.24,1.78,1630.3,745.9,68.4,1560.0,0.0,0.0,29434.0,58817.0
2024-09-10,bharati,24,-16.91,43.0,0,0.5,0.46,1640.0,707.2,72.4,1620.0,0.0,0.0,28726.0,58745.0
2024-09-11,bharati,23,-13.37,23.5,0,0.385,0.86,1416.8,631.8,69.0,1487.0,0.0,0.0,28095.0,58676.0
2024-09-12,bharati,23,-8.11,20.9,0,0.259,1.34,1426.2,567.9,64.6,1374.0,0.0,0.0,27527.0,58611.0
2024-09-13,bharati,23,-8.92,34.0,0,0.418,2.27,1465.6,616.7,69.5,1443.0,0.0,0.0,26910.0,58542.0
2024-09-14,bharati,24,-10.27,25.6,0,0.11,1.03,1470.0,622.1,72.6,1487.0,0.0,0.0,26288.0,58469.0
2024-09-15,bharati,23,-14.67,17.2,0,0.465,1.7,1509.3,650.7,69.6,1599.0,0.0,0.0,25637.0,58399.0
2024-09-16,bharati,24,-13.14,64.9,1,0.455,0.65,1683.9,748.7,73.5,1574.0,0.0,0.0,24889.0,58326.0
2024-09-17,bharati,24,-13.6,20.5,0,0.568,1.43,1550.8,642.8,73.5,1706.0,0.0,0.0,24246.0,58252.0
2024-09-18,bharati,24,-14.08,18.8,0,0.421,1.79,1491.4,626.7,72.0,1539.0,0.0,0.0,23619.0,58180.0
2024-09-19,bharati,23,-8.52,25.7,0,0.352,0.66,1480.9,623.6,68.6,1463.0,0.0,0.0,22995.0,58112.0
2024-09-20,bharati,23,-9.51,48.0,0,0.455,1.14,1493.2,651.7,68.0,1505.0,0.0,0.0,22344.0,58044.0
2024-09-21,bharati,24,-5.63,11.4,0,0.225,2.6,1435.7,561.0,67.6,1561.0,0.0,0.0,21783.0,57976.0
2024-09-22,bharati,25,-11.76,46.1,0,0.253,2.65,1552.6,668.8,70.7,1588.0,0.0,0.0,21114.0,57906.0
2024-09-23,bharati,25,-3.08,19.2,0,0.292,2.19,1468.9,604.1,71.9,1445.0,0.0,0.0,20510.0,57834.0
2024-09-24,bharati,24,-5.73,31.3,0,0.464,2.37,1403.5,577.2,73.6,1610.0,0.0,0.0,19933.0,57760.0
2024-09-25,bharati,25,-4.41,21.0,0,0.197,0.32,1431.4,563.0,73.0,1619.0,0.0,0.0,19370.0,57687.0
2024-09-26,bharati,25,-2.8,64.2,1,0.185,0.0,1525.8,645.5,74.0,1489.0,0.0,0.0,18724.0,57613.0
2024-09-27,bharati,24,-5.81,29.2,0,0.328,1.38,1449.2,600.7,68.7,1467.0,0.0,0.0,18123.0,57544.0
2024-09-28,bharati,25,-4.03,20.5,0,0.386,3.29,1397.3,561.6,74.8,1624.0,0.0,0.0,17562.0,57469.0
2024-09-29,bharati,24,-2.38,24.3,0,0.216,1.38,1315.4,512.7,65.8,1559.0,0.0,0.0,17049.0,57404.0
2024-09-30,bharati,25,-6.07,28.5,0,0.38,2.12,1354.0,605.1,75.2,1635.0,0.0,0.0,16444.0,57328.0
2024-10-01,bharati,25,-9.03,29.5,0,0.469,1.93,1598.3,635.0,79.2,1544.0,0.0,0.0,15809.0,57249.0
2024-10-02,bharati,22,-9.04,32.8,0,0.456,2.0,1443.1,607.2,67.2,1502.0,0.0,0.0,15202.0,57182.0
2024-10-03,bharati,23,-9.53,27.2,0,0.361,1.82,1342.1,588.8,72.1,1512.0,0.0,0.0,14613.0,57110.0
2024-10-04,bharati,23,-5.07,15.2,0,0.314,1.09,1369.2,541.4,65.7,1402.0,0.0,0.0,14072.0,57044.0
2024-10-05,bharati,23,-3.6,23.4,0,0.54,0.12,1386.1,551.6,67.9,1583.0,0.0,0.0,13520.0,56976.0
2024-10-06,bharati,25,-4.84,34.7,0,0.341,3.0,1425.6,574.9,70.9,1591.0,0.0,0.0,12945.0,56906.0
2024-10-07,bharati,26,-3.66,20.2,0,0.458,1.76,1395.9,553.7,76.5,1728.0,26200.0,0.0,38591.0,56829.0
2024-10-08,bharati,24,-11.15,35.4,0,0.587,0.97,1533.5,660.7,74.5,1569.0,0.0,0.0,37931.0,56754.0
2024-10-09,bharati,25,-12.68,26.9,0,0.459,2.68,1582.9,685.8,76.4,1676.0,0.0,0.0,37245.0,56678.0
2024-10-10,bharati,26,-11.02,24.2,0,0.246,2.75,1520.7,632.7,75.9,1581.0,0.0,0.0,36612.0,56602.0
2024-10-11,bharati,25,-6.98,43.6,0,0.224,3.09,1562.7,643.6,71.5,1557.0,0.0,0.0,35968.0,56531.0
2024-10-12,bharati,25,-6.57,12.7,0,0.344,3.42,1469.4,602.9,74.2,1663.0,0.0,0.0,35366.0,56456.0
2024-10-13,bharati,25,-2.17,19.7,0,0.472,2.08,1368.2,522.9,72.7,1512.0,0.0,0.0,34843.0,56384.0
2024-10-14,bharati,25,-0.43,43.8,0,0.447,2.2,1355.4,576.6,69.7,1496.0,0.0,0.0,34266.0,56314.0
2024-10-15,bharati,26,-3.31,56.1,0,0.665,2.68,1525.0,642.9,73.8,1772.0,0.0,0.0,33623.0,56240.0
2024-10-16,bharati,25,-4.52,67.6,1,0.46,1.47,1621.7,663.6,72.5,1602.0,0.0,0.0,32960.0,56168.0
2024-10-17,bharati,26,-3.74,26.3,0,0.375,1.61,1437.5,556.9,72.6,1692.0,0.0,0.0,32403.0,56095.0
2024-10-18,bharati,25,-5.81,31.1,0,0.285,3.26,1474.4,606.6,70.9,1512.0,0.0,0.0,31796.0,56024.0
2024-10-19,bharati,24,-1.14,36.1,0,0.57,3.92,1415.8,558.3,69.7,1563.0,0.0,0.0,31238.0,55955.0
2024-10-20,bharati,26,-5.73,43.6,0,0.434,3.98,1543.6,668.9,76.6,1698.0,0.0,0.0,30569.0,55878.0
2024-10-21,bharati,25,-4.91,29.0,0,0.261,3.94,1419.8,587.4,70.7,1553.0,0.0,0.0,29982.0,55807.0
2024-10-22,bharati,26,-2.86,37.3,0,0.451,4.27,1477.6,625.6,81.2,1543.0,0.0,0.0,29356.0,55726.0
2024-10-23,bharati,27,-4.51,30.6,0,0.336,1.7,1566.4,630.8,75.6,1845.0,0.0,0.0,28725.0,55651.0
2024-10-24,bharati,25,-6.55,31.3,0,0.411,4.84,1416.2,639.6,76.8,1612.0,0.0,0.0,28086.0,55574.0
2024-10-25,bharati,26,-6.72,17.0,0,0.47,4.03,1479.8,618.7,77.2,1599.0,0.0,0.0,27467.0,55497.0
2024-10-26,bharati,28,-3.99,21.7,0,0.367,4.82,1541.5,651.8,79.9,1752.0,0.0,0.0,26815.0,55417.0
2024-10-27,bharati,26,-5.91,19.9,0,0.424,3.15,1406.8,609.9,78.3,1680.0,0.0,0.0,26205.0,55338.0
2024-10-28,bharati,26,-9.29,15.0,0,0.4,2.83,1527.4,630.1,76.8,1729.0,0.0,0.0,25575.0,55262.0
2024-10-29,bharati,27,-4.92,12.3,0,0.41,5.4,1500.6,624.1,77.5,1755.0,0.0,0.0,24951.0,55184.0
2024-10-30,bharati,26,-3.72,20.5,0,0.382,3.58,1366.7,557.7,79.9,1614.0,0.0,0.0,24393.0,55104.0
2024-10-31,bharati,25,-0.76,21.9,0,0.451,4.1,1383.6,545.1,67.7,1481.0,0.0,0.0,23848.0,55037.0
2024-11-01,bharati,28,0.9,25.4,0,0.408,4.77,1402.2,588.5,79.3,1734.0,0.0,0.0,23260.0,54957.0
2024-11-02,bharati,27,6.83,30.6,0,0.593,5.03,1304.9,515.0,76.6,1568.0,0.0,0.0,22745.0,54881.0
2024-11-03,bharati,28,8.32,26.1,0,0.553,5.33,1285.1,500.4,81.2,1759.0,0.0,0.0,22244.0,54799.0
2024-11-04,bharati,27,3.68,21.6,0,0.679,4.82,1396.0,534.7,77.4,1673.0,0.0,0.0,21710.0,54722.0
2024-11-05,bharati,28,3.72,16.3,0,0.768,4.01,1372.6,552.2,89.0,1837.0,0.0,0.0,21157.0,54633.0
2024-11-06,bharati,28,0.5,34.5,0,0.629,5.32,1436.6,587.8,84.1,1740.0,0.0,0.0,20570.0,54549.0
2024-11-07,bharati,26,-1.79,22.8,0,0.609,5.42,1394.8,570.1,71.8,1656.0,0.0,0.0,19999.0,54477.0
2024-11-08,bharati,28,-6.71,19.8,0,0.65,3.72,1507.6,611.7,81.7,1792.0,0.0,0.0,19388.0,54396.0
2024-11-09,bharati,28,-7.11,21.8,0,0.623,6.07,1489.6,675.3,85.8,1884.0,0.0,0.0,18712.0,54310.0
2024-11-10,bharati,30,-4.75,17.3,0,0.579,3.41,1520.5,589.9,86.9,1874.0,0.0,0.0,18123.0,54223.0
2024-11-11,bharati,29,-4.75,18.8,0,0.576,5.96,1518.7,621.2,88.3,1911.0,0.0,0.0,17501.0,54135.0
2024-11-12,bharati,29,-8.03,18.4,0,0.463,4.87,1565.8,713.5,85.8,1810.0,0.0,0.0,16788.0,54049.0
2024-11-13,bharati,28,-12.05,20.6,0,0.692,5.89,1638.2,725.5,84.5,1878.0,0.0,0.0,16062.0,53964.0
2024-11-14,bharati,28,-3.69,30.5,1,0.594,2.0,1562.6,604.2,81.2,1805.0,0.0,0.0,15458.0,53883.0
2024-11-15,bharati,29,-2.53,27.4,0,0.778,5.52,1498.6,603.1,90.3,1917.0,0.0,0.0,14855.0,53793.0
2024-11-16,bharati,29,-5.23,44.0,0,0.719,5.94,1565.7,648.0,83.3,1849.0,0.0,0.0,14207.0,53709.0
2024-11-17,bharati,31,-3.31,38.1,0,0.54,5.64,1605.3,672.2,94.7,1994.0,0.0,0.0,13535.0,53615.0
2024-11-18,bharati,30,3.82,51.9,0,0.771,6.28,1480.4,616.3,90.9,1883.0,0.0,0.0,12918.0,53524.0
2024-11-19,bharati,29,4.67,28.8,0,0.32,7.38,1371.3,586.5,79.3,1729.0,26300.0,0.0,38632.0,53445.0
2024-11-20,bharati,29,-5.52,28.5,0,0.864,4.98,1579.4,622.4,86.4,1957.0,0.0,0.0,38010.0,53358.0
2024-11-21,bharati,31,3.56,18.4,0,0.477,3.76,1452.3,526.9,89.3,1900.0,0.0,0.0,37483.0,53269.0
2024-11-22,bharati,30,-3.38,31.9,0,0.703,5.78,1572.5,653.6,89.3,1916.0,0.0,0.0,36829.0,53180.0
2024-11-23,bharati,30,-3.79,17.0,0,0.7,5.8,1526.1,683.7,86.7,1893.0,0.0,0.0,36145.0,53093.0
2024-11-24,bharati,31,-7.07,12.1,0,0.789,5.94,1573.8,671.2,101.8,2087.0,0.0,0.0,35474.0,52991.0
2024-11-25,bharati,30,-8.49,42.3,0,0.62,5.63,1643.5,725.5,89.4,1924.0,0.0,0.0,34749.0,52902.0
2024-11-26,bharati,29,-6.34,13.1,0,0.407,6.95,1558.0,633.1,82.1,1913.0,0.0,0.0,34116.0,52820.0
2024-11-27,bharati,30,-12.11,26.6,0,0.631,5.44,1640.9,667.3,94.0,1991.0,0.0,0.0,33448.0,52726.0
2024-11-28,bharati,31,-10.47,15.2,0,0.649,6.79,1584.4,685.0,95.7,1941.0,0.0,0.0,32763.0,52630.0
2024-11-29,bharati,31,-5.15,35.3,0,0.434,6.99,1655.0,702.8,95.6,1888.0,0.0,0.0,32060.0,52534.0
2024-11-30,bharati,30,-7.14,37.3,0,0.69,6.82,1597.4,695.9,91.0,1902.0,0.0,0.0,31364.0,52443.0
2024-12-01,bharati,32,-10.5,27.3,0,0.56,7.01,1686.9,723.9,97.0,2144.0,0.0,0.0,30641.0,52346.0
2024-12-02,bharati,32,-9.24,36.8,0,0.772,7.39,1738.0,740.2,100.9,2182.0,0.0,0.0,29900.0,52245.0
2024-12-03,bharati,32,-8.82,21.8,0,0.669,6.82,1650.8,684.2,99.2,2083.0,0.0,0.0,29216.0,52146.0
2024-12-04,bharati,32,-9.28,55.4,0,0.939,6.6,1687.6,794.0,102.5,2199.0,0.0,0.0,28422.0,52044.0
2024-12-05,bharati,31,-11.54,29.5,0,0.677,7.24,1706.4,728.5,97.4,2048.0,0.0,0.0,27694.0,51946.0
2024-12-06,bharati,32,-7.91,14.8,0,0.764,7.38,1693.9,702.1,99.8,2175.0,0.0,0.0,26992.0,51847.0
2024-12-07,bharati,33,-4.68,22.1,0,0.691,7.64,1655.0,691.8,98.9,2154.0,0.0,0.0,26300.0,51748.0
2024-12-08,bharati,33,-7.32,20.1,0,0.526,5.87,1556.4,673.9,101.9,2136.0,0.0,0.0,25626.0,51646.0
2024-12-09,bharati,33,-9.04,19.2,0,0.7,6.99,1764.0,716.5,101.0,2140.0,0.0,0.0,24909.0,51545.0
2024-12-10,bharati,33,-7.02,10.6,0,0.819,6.43,1600.8,683.3,105.2,2128.0,0.0,0.0,24226.0,51440.0
2024-12-11,bharati,31,-8.88,25.0,0,0.805,7.62,1603.3,691.5,101.1,2124.0,0.0,0.0,23535.0,51338.0
2024-12-12,bharati,33,-6.73,11.8,0,0.701,7.78,1676.3,694.2,99.1,2255.0,0.0,0.0,22840.0,51239.0
2024-12-13,bharati,32,-0.82,7.3,0,0.565,7.13,1547.5,653.1,100.9,2063.0,0.0,0.0,22187.0,51138.0
2024-12-14,bharati,34,-0.86,18.2,0,0.821,6.86,1597.2,625.4,100.6,2298.0,0.0,0.0,21562.0,51038.0
2024-12-15,bharati,34,-4.57,15.3,0,0.797,7.83,1621.8,691.5,102.2,2215.0,0.0,0.0,20870.0,50936.0
2024-12-16,bharati,33,-2.46,14.6,0,0.852,7.36,1648.9,688.4,102.6,2074.0,0.0,0.0,20182.0,50833.0
2024-12-17,bharati,33,-2.54,5.7,0,0.721,8.5,1586.7,658.4,100.8,2041.0,0.0,0.0,19524.0,50732.0
2024-12-18,bharati,34,-2.5,14.6,0,0.555,8.78,1540.3,649.3,100.7,2209.0,0.0,0.0,18874.0,50631.0
2024-12-19,bharati,34,-0.46,19.4,0,0.824,8.28,1638.0,711.5,105.2,2034.0,0.0,0.0,18163.0,50526.0
2024-12-20,bharati,32,1.91,15.9,0,0.762,7.78,1508.8,609.8,95.4,2131.0,0.0,0.0,17553.0,50431.0
2024-12-21,bharati,32,1.77,24.4,0,0.933,8.93,1566.0,648.9,102.9,2021.0,0.0,0.0,16904.0,50328.0
2024-12-22,bharati,34,1.35,37.2,0,0.772,7.86,1620.3,656.8,100.9,2285.0,0.0,0.0,16247.0,50227.0
2024-12-23,bharati,32,7.82,25.7,0,0.766,7.39,1499.7,575.3,89.3,1956.0,0.0,0.0,15672.0,50138.0
2024-12-24,bharati,34,10.37,31.8,0,0.824,7.28,1413.1,547.5,94.9,2105.0,0.0,0.0,15124.0,50043.0
2024-12-25,bharati,35,11.3,32.9,1,0.704,1.84,1469.7,485.4,98.7,2231.0,0.0,0.0,14639.0,49944.0
2024-12-26,bharati,35,9.81,13.4,0,0.701,7.81,1465.6,515.0,99.6,2046.0,0.0,0.0,14124.0,49844.0
2024-12-27,bharati,34,4.97,24.7,0,0.769,8.17,1497.3,607.5,99.6,2071.0,0.0,0.0,13517.0,49745.0
2024-12-28,bharati,35,7.83,31.2,0,0.672,6.88,1516.3,556.9,96.6,2034.0,0.0,0.0,12960.0,49648.0
2024-12-29,bharati,35,7.03,17.1,0,0.757,7.58,1384.0,555.3,104.0,2047.0,26200.0,0.0,38604.0,49544.0
2024-12-30,bharati,34,4.08,14.7,0,1.0,8.07,1525.9,603.8,108.4,2155.0,0.0,0.0,38001.0,49436.0
2024-12-31,bharati,35,2.73,25.6,0,0.913,8.4,1576.5,655.8,105.1,2176.0,0.0,0.0,37345.0,49331.0
2025-01-01,bharati,35,-0.72,11.0,0,0.825,7.93,1610.5,631.6,111.7,2132.0,0.0,0.0,36713.0,49219.0
2025-01-02,bharati,34,2.96,12.9,0,0.976,8.14,1511.5,596.0,105.3,2168.0,0.0,0.0,36117.0,49114.0
2025-01-03,bharati,35,4.79,15.4,0,0.693,7.12,1557.7,593.7,108.1,2159.0,0.0,0.0,35523.0,49006.0
2025-01-04,bharati,35,4.68,24.6,0,1.0,7.37,1531.8,575.8,106.4,2156.0,0.0,0.0,34948.0,48899.0
2025-01-05,bharati,35,3.88,22.3,0,0.739,7.98,1552.4,740.5,102.6,2138.0,0.0,0.0,34207.0,48797.0
2025-01-06,bharati,35,1.19,31.4,0,1.0,8.4,1622.9,735.5,109.7,2378.0,0.0,0.0,33472.0,48687.0
2025-01-07,bharati,35,-5.66,13.8,0,1.0,8.21,1717.2,852.1,109.0,2219.0,0.0,0.0,32620.0,48578.0
2025-01-08,bharati,34,-8.98,13.5,0,0.587,7.47,1750.7,855.4,105.1,2326.0,0.0,0.0,31764.0,48473.0
2025-01-09,bharati,34,-9.55,25.3,0,0.974,7.91,1747.4,745.6,113.1,2248.0,0.0,0.0,31019.0,48360.0
2025-01-10,bharati,35,-10.5,14.5,0,0.764,9.14,1779.0,767.4,112.5,2315.0,0.0,0.0,30251.0,48247.0
2025-01-11,bharati,34,-7.5,15.7,0,0.731,8.47,1685.6,722.2,104.8,2308.0,0.0,0.0,29529.0,48142.0
2025-01-12,bharati,36,-3.37,9.3,0,0.862,7.98,1659.3,667.5,111.4,2453.0,0.0,0.0,28861.0,48031.0
2025-01-13,bharati,35,-2.99,22.9,1,0.679,1.71,1687.6,642.7,107.6,2240.0,0.0,0.0,28219.0,47923.0
2025-01-14,bharati,34,2.24,38.7,0,0.86,7.6,1578.7,658.9,103.9,2103.0,0.0,0.0,27560.0,47819.0
2025-01-15,bharati,35,-0.49,13.2,0,0.687,8.1,1627.4,638.7,106.4,2122.0,0.0,0.0,26921.0,47713.0
2025-01-16,bharati,34,-0.65,31.1,0,0.821,8.29,1624.0,683.5,103.8,2129.0,0.0,0.0,26238.0,47609.0
2025-01-17,bharati,34,-0.52,19.8,0,0.96,8.49,1566.0,601.1,101.7,2367.0,0.0,0.0,25637.0,47508.0
2025-01-18,bharati,35,3.24,9.7,0,0.846,8.36,1548.2,579.4,101.8,2163.0,0.0,0.0,25057.0,47406.0
2025-01-19,bharati,35,3.16,13.9,0,0.756,7.83,1494.5,607.8,104.3,2189.0,0.0,0.0,24449.0,47301.0
2025-01-20,bharati,35,3.18,13.6,0,0.863,7.72,1551.6,604.4,106.8,2119.0,0.0,0.0,23845.0,47195.0
2025-01-21,bharati,35,-2.53,17.8,0,0.629,9.51,1630.7,669.7,106.6,2097.0,0.0,0.0,23175.0,47088.0
2025-01-22,bharati,36,-4.8,24.2,0,0.696,7.67,1782.2,730.2,107.2,2284.0,0.0,0.0,22445.0,46981.0
2025-01-23,bharati,34,-0.28,44.2,0,0.745,7.15,1698.3,688.0,101.1,2120.0,0.0,0.0,21757.0,46880.0
2025-01-24,bharati,35,-6.73,11.2,0,0.89,6.89,1659.8,663.7,105.8,2286.0,0.0,0.0,21093.0,46774.0
2025-01-25,bharati,36,-1.09,16.6,0,0.843,7.78,1655.0,636.2,104.8,2175.0,0.0,0.0,20457.0,46669.0
2025-01-26,bharati,33,0.83,14.0,0,0.857,8.67,1555.4,599.4,99.6,2110.0,0.0,0.0,19858.0,46570.0
2025-01-27,bharati,34,-1.59,12.0,0,0.788,7.59,1593.5,662.0,107.1,2292.0,0.0,0.0,19196.0,46462.0
2025-01-28,bharati,34,-3.86,21.3,0,0.695,9.0,1626.3,683.5,103.1,2100.0,0.0,0.0,18512.0,46359.0
2025-01-29,bharati,34,3.0,20.5,0,0.967,7.94,1531.1,633.1,108.5,2250.0,0.0,0.0,17879.0,46251.0
2025-01-30,bharati,34,7.07,9.6,0,0.703,8.7,1532.0,582.9,96.6,1817.0,0.0,0.0,17296.0,46154.0
2025-01-31,bharati,35,5.49,20.7,0,0.835,7.37,1505.2,593.0,102.5,2103.0,0.0,0.0,16703.0,46052.0
2025-02-01,bharati,35,5.01,12.4,0,0.77,7.36,1536.9,590.7,98.9,2009.0,0.0,0.0,16112.0,45953.0
2025-02-02,bharati,33,2.1,20.7,0,0.849,7.92,1434.7,594.4,97.6,2193.0,0.0,0.0,15518.0,45855.0
2025-02-03,bharati,34,2.2,35.1,0,0.706,8.16,1606.3,656.7,96.3,2172.0,0.0,0.0,14861.0,45759.0
2025-02-04,bharati,34,-0.32,25.0,0,0.903,7.67,1651.8,661.3,98.8,2117.0,0.0,0.0,14200.0,45660.0
2025-02-05,bharati,35,-0.49,22.2,0,0.94,7.97,1583.2,628.7,103.4,2285.0,0.0,0.0,13571.0,45557.0
2025-02-06,bharati,36,5.4,16.6,0,0.891,8.14,1529.0,612.5,106.4,2329.0,0.0,0.0,12959.0,45450.0
2025-02-07,bharati,35,4.12,21.3,0,0.788,6.7,1559.2,634.2,100.4,2269.0,26300.0,0.0,38625.0,45350.0
2025-02-08,bharati,33,0.01,26.3,0,0.714,7.42,1567.1,676.4,96.7,2049.0,0.0,0.0,37948.0,45253.0
2025-02-09,bharati,34,-4.4,25.3,0,1.0,7.26,1690.7,689.6,108.0,2097.0,0.0,0.0,37259.0,45145.0
2025-02-10,bharati,34,-3.24,20.0,0,0.642,7.26,1605.9,650.7,97.3,2074.0,0.0,0.0,36608.0,45048.0
2025-02-11,bharati,33,-5.15,22.9,0,0.863,7.83,1720.4,704.3,102.6,2233.0,0.0,0.0,35904.0,44945.0
2025-02-12,bharati,34,-3.51,12.0,0,0.794,7.16,1603.3,652.6,106.5,2359.0,0.0,0.0,35251.0,44839.0
2025-02-13,bharati,32,-8.15,15.4,0,0.744,6.06,1754.7,713.2,102.0,2102.0,0.0,0.0,34538.0,44737.0
2025-02-14,bharati,34,-4.59,28.3,0,0.77,7.26,1722.1,693.3,105.7,2148.0,0.0,0.0,33844.0,44631.0
2025-02-15,bharati,33,-7.28,30.0,0,0.683,6.63,1719.6,693.4,101.0,2322.0,0.0,0.0,33151.0,44530.0
2025-02-16,bharati,33,-5.96,22.0,0,0.792,7.68,1603.6,686.5,100.0,2189.0,0.0,0.0,32465.0,44430.0
2025-02-17,bharati,34,-6.13,39.4,0,0.775,7.85,1768.2,679.5,104.6,2117.0,0.0,0.0,31785.0,44326.0
2025-02-18,bharati,32,0.3,26.3,0,1.0,5.71,1578.5,626.8,103.2,2105.0,0.0,0.0,31158.0,44222.0
2025-02-19,bharati,33,0.6,19.3,0,0.858,6.64,1470.5,582.5,100.3,2194.0,0.0,0.0,30576.0,44122.0
2025-02-20,bharati,33,6.5,12.8,0,0.788,7.38,1402.3,560.1,95.2,2029.0,0.0,0.0,30016.0,44027.0
2025-02-21,bharati,33,6.89,39.2,0,0.791,6.1,1487.5,589.1,96.9,2088.0,0.0,0.0,29427.0,43930.0
2025-02-22,bharati,31,9.96,29.7,0,0.938,7.58,1360.2,539.3,89.6,1837.0,0.0,0.0,28887.0,43840.0
2025-02-23,bharati,33,7.22,45.8,0,0.597,7.71,1446.6,569.9,93.5,1869.0,0.0,0.0,28317.0,43747.0
2025-02-24,bharati,32,6.74,53.6,0,0.687,6.8,1508.7,573.0,90.7,1898.0,0.0,0.0,27744.0,43656.0
2025-02-25,bharati,32,9.11,12.6,0,0.476,6.32,1336.1,490.4,86.6,1836.0,0.0,0.0,27254.0,43570.0
2025-02-26,bharati,32,10.03,12.7,0,0.767,5.18,1352.2,494.8,93.1,1961.0,0.0,0.0,26759.0,43476.0
2025-02-27,bharati,31,9.57,6.5,0,0.797,7.31,1331.7,481.1,83.1,1945.0,0.0,0.0,26278.0,43393.0
2025-02-28,bharati,31,6.42,32.1,0,0.571,8.08,1429.6,597.6,88.7,2031.0,0.0,0.0,25680.0,43305.0
2025-03-01,bharati,32,4.35,28.9,0,0.858,7.88,1421.7,575.6,93.2,1976.0,0.0,0.0,25105.0,43211.0
2025-03-02,bharati,31,6.79,22.9,0,0.595,6.42,1375.2,542.5,82.6,1846.0,0.0,0.0,24562.0,43129.0
2025-03-03,bharati,32,9.43,13.2,0,0.635,5.73,1312.3,463.1,86.7,1855.0,0.0,0.0,24099.0,43042.0
2025-03-04,bharati,31,5.37,21.3,0,0.686,7.01,1408.1,542.3,89.1,1984.0,0.0,0.0,23557.0,42953.0
2025-03-05,bharati,32,1.53,24.0,0,0.857,6.27,1549.0,581.8,96.3,2139.0,0.0,0.0,22975.0,42857.0
2025-03-06,bharati,31,-2.16,30.9,0,0.558,6.63,1584.5,679.3,93.5,1911.0,0.0,0.0,22296.0,42763.0
2025-03-07,bharati,30,0.35,25.1,0,0.691,6.44,1457.7,597.7,91.0,2050.0,0.0,0.0,21698.0,42672.0
2025-03-08,bharati,29,-3.25,29.6,0,0.743,6.22,1552.5,662.6,83.9,1855.0,0.0,0.0,21035.0,42588.0
2025-03-09,bharati,32,-0.64,21.4,0,0.713,6.8,1532.6,628.5,96.5,2105.0,0.0,0.0,20407.0,42492.0
2025-03-10,bharati,31,0.61,37.1,0,0.712,6.76,1587.6,658.2,93.9,2068.0,0.0,0.0,19749.0,42398.0
2025-03-11,bharati,29,-1.88,29.5,0,0.725,5.58,1504.4,617.2,87.7,1797.0,0.0,0.0,19131.0,42310.0
2025-03-12,bharati,31,2.8,13.8,0,0.562,5.22,1346.8,530.6,90.5,1935.0,0.0,0.0,18601.0,42220.0
2025-03-13,bharati,31,-3.07,40.9,0,0.825,4.04,1651.3,667.6,89.5,1850.0,0.0,0.0,17933.0,42130.0
2025-03-14,bharati,28,2.07,38.3,0,0.604,5.48,1416.3,587.3,78.9,1810.0,0.0,0.0,17346.0,42051.0
2025-03-15,bharati,29,1.98,27.9,0,0.582,4.88,1424.4,576.1,87.5,1737.0,0.0,0.0,16770.0,41964.0
2025-03-16,bharati,29,-5.78,26.0,0,0.767,5.86,1571.9,721.7,88.5,1968.0,0.0,0.0,16048.0,41875.0
2025-03-17,bharati,28,-0.44,46.5,0,0.524,5.26,1441.1,641.9,87.2,1801.0,0.0,0.0,15406.0,41788.0
2025-03-18,bharati,29,1.93,11.7,0,0.632,5.25,1423.1,529.6,81.3,1894.0,0.0,0.0,14877.0,41707.0
2025-03-19,bharati,29,-0.63,39.3,0,0.5,5.9,1521.3,630.3,88.4,1859.0,0.0,0.0,14246.0,41618.0
2025-03-20,bharati,28,-4.48,19.2,0,0.883,5.53,1518.8,622.8,85.2,1905.0,0.0,0.0,13624.0,41533.0
2025-03-21,bharati,29,-9.6,37.2,0,0.852,5.09,1631.6,735.9,93.9,1958.0,0.0,0.0,12888.0,41439.0
2025-03-22,bharati,29,-1.07,24.8,0,0.555,6.27,1510.8,616.3,84.3,1818.0,26400.0,0.0,38671.0,41355.0
2025-03-23,bharati,29,-4.79,14.0,0,0.625,5.53,1480.4,623.9,87.7,1804.0,0.0,0.0,38047.0,41267.0
2025-03-24,bharati,28,-8.96,19.3,0,0.557,4.64,1519.2,600.9,86.8,1816.0,0.0,0.0,37447.0,41180.0
2025-03-25,bharati,27,-7.5,36.6,0,0.508,4.59,1550.4,638.8,79.7,1730.0,0.0,0.0,36808.0,41101.0
2025-03-26,bharati,28,-12.43,21.9,0,0.558,5.32,1602.8,738.7,88.5,1802.0,0.0,0.0,36069.0,41012.0
2025-03-27,bharati,27,-14.41,18.5,0,0.532,4.82,1566.0,682.8,83.0,1692.0,0.0,0.0,35386.0,40929.0
2025-03-28,bharati,28,-9.73,18.5,0,0.348,3.81,1587.9,638.8,83.9,1690.0,0.0,0.0,34747.0,40845.0
2025-03-29,bharati,27,-7.62,31.7,0,0.555,5.14,1554.6,674.0,75.5,1580.0,0.0,0.0,34073.0,40770.0
2025-03-30,bharati,28,-8.64,50.7,0,0.512,5.31,1650.0,705.9,83.8,1793.0,0.0,0.0,33367.0,40686.0
2025-03-31,bharati,27,-8.21,9.9,0,0.548,5.17,1519.3,628.1,85.0,1788.0,0.0,0.0,32739.0,40601.0
2025-04-01,bharati,26,-9.36,79.5,1,0.495,2.36,1792.1,750.9,80.4,1548.0,0.0,0.0,31988.0,40521.0
2025-04-02,bharati,26,-9.12,26.8,0,0.454,5.62,1524.9,651.0,80.4,1700.0,0.0,0.0,31337.0,40440.0
2025-04-03,bharati,27,-11.19,31.5,0,0.596,5.29,1521.8,671.2,83.4,1792.0,0.0,0.0,30666.0,40357.0
2025-04-04,bharati,26,-12.33,20.6,0,0.548,4.23,1578.6,697.4,84.2,1665.0,0.0,0.0,29969.0,40273.0
2025-04-05,bharati,26,-13.4,24.9,0,0.645,3.76,1575.5,689.7,82.0,1746.0,0.0,0.0,29279.0,40191.0
2025-04-06,bharati,26,-14.67,27.1,0,0.53,2.54,1614.7,701.7,79.0,1808.0,0.0,0.0,28577.0,40112.0
2025-04-07,bharati,26,-10.08,16.1,0,0.44,3.74,1486.3,627.1,80.5,1631.0,0.0,0.0,27950.0,40031.0
2025-04-08,bharati,25,-7.22,18.0,0,0.531,4.0,1383.3,605.4,77.4,1648.0,0.0,0.0,27345.0,39954.0
2025-04-09,bharati,25,-10.35,41.6,0,0.213,3.58,1462.8,640.4,74.9,1579.0,0.0,0.0,26705.0,39879.0
2025-04-10,bharati,26,-13.79,13.2,0,0.696,2.14,1521.8,619.5,80.9,1740.0,0.0,0.0,26085.0,39798.0
2025-04-11,bharati,25,-13.32,30.7,0,0.469,3.17,1579.5,692.7,77.3,1718.0,0.0,0.0,25392.0,39721.0
2025-04-12,bharati,26,-5.56,21.9,0,0.692,3.74,1514.5,615.9,82.6,1763.0,0.0,0.0,24776.0,39638.0
2025-04-13,bharati,25,-9.41,17.1,0,0.318,2.48,1473.4,610.2,75.2,1575.0,0.0,0.0,24166.0,39563.0
2025-04-14,bharati,25,-9.83,59.0,0,0.282,3.22,1568.5,701.6,70.7,1715.0,0.0,0.0,23465.0,39492.0
2025-04-15,bharati,25,-9.4,17.3,0,0.453,3.32,1441.7,633.2,73.9,1690.0,0.0,0.0,22831.0,39418.0
2025-04-16,bharati,26,-9.71,16.2,0,0.446,3.71,1549.3,668.9,76.8,1590.0,0.0,0.0,22163.0,39342.0
2025-04-17,bharati,26,-11.11,24.1,0,0.436,4.04,1479.8,632.8,77.0,1669.0,0.0,0.0,21530.0,39265.0
2025-04-18,bharati,26,-7.13,18.9,0,0.411,2.48,1542.6,589.4,72.5,1809.0,0.0,0.0,20940.0,39192.0
2025-04-19,bharati,24,-6.14,26.3,0,0.306,2.79,1485.4,599.7,74.2,1458.0,0.0,0.0,20341.0,39118.0
2025-04-20,bharati,24,-4.1,28.1,0,0.196,2.72,1463.4,580.8,66.7,1464.0,0.0,0.0,19760.0,39051.0
2025-04-21,bharati,25,-3.28,29.2,0,0.402,2.94,1428.0,600.0,71.1,1645.0,0.0,0.0,19160.0,38980.0
2025-04-22,bharati,26,-1.66,25.2,0,0.207,2.77,1379.1,571.7,69.2,1591.0,0.0,0.0,18588.0,38911.0
2025-04-23,bharati,25,1.85,19.8,0,0.189,3.3,1310.7,500.4,70.8,1511.0,0.0,0.0,18088.0,38840.0
2025-04-24,bharati,24,3.89,35.1,0,0.302,0.58,1308.1,477.2,66.2,1475.0,0.0,0.0,17611.0,38774.0
2025-04-25,bharati,25,8.71,25.6,0,0.392,2.42,1186.8,413.4,67.2,1480.0,0.0,0.0,17197.0,38707.0
2025-04-26,bharati,25,9.09,21.9,0,0.572,2.38,1173.4,425.4,68.7,1491.0,0.0,0.0,16772.0,38638.0
2025-04-27,bharati,24,3.34,50.4,0,0.444,1.78,1318.6,517.3,69.0,1510.0,0.0,0.0,16254.0,38569.0
2025-04-28,bharati,24,3.45,25.8,0,0.492,0.28,1255.3,477.8,67.2,1481.0,0.0,0.0,15777.0,38502.0
2025-04-29,bharati,24,3.07,43.1,0,0.392,1.73,1356.9,532.6,63.6,1448.0,0.0,0.0,15244.0,38438.0
2025-04-30,bharati,23,6.6,45.8,0,0.351,1.19,1204.7,459.9,60.6,1454.0,0.0,0.0,14784.0,38378.0
2025-05-01,bharati,23,0.23,47.1,0,0.601,2.77,1370.4,537.4,64.7,1487.0,0.0,0.0,14247.0,38313.0
2025-05-02,bharati,23,-0.14,36.8,0,0.141,1.86,1353.5,532.2,64.4,1446.0,0.0,0.0,13714.0,38248.0
2025-05-03,bharati,23,-4.44,27.6,0,0.25,1.04,1414.5,584.9,68.0,1439.0,0.0,0.0,13130.0,38180.0
2025-05-04,bharati,24,-4.17,27.0,0,0.26,0.16,1395.9,543.8,72.1,1473.0,26100.0,0.0,38686.0,38108.0
2025-05-05,bharati,24,-6.3,25.1,0,0.407,2.01,1435.4,562.5,67.6,1447.0,0.0,0.0,38123.0,38041.0
2025-05-06,bharati,25,-5.86,11.2,1,0.183,0.97,1418.0,570.0,73.2,1640.0,0.0,0.0,37553.0,37968.0
2025-05-07,bharati,25,-11.57,37.9,0,0.392,1.45,1602.0,665.1,74.1,1624.0,0.0,0.0,36888.0,37894.0
2025-05-08,bharati,25,-9.23,31.1,0,0.37,2.02,1552.1,667.5,81.4,1481.0,0.0,0.0,36221.0,37812.0
2025-05-09,bharati,25,-9.21,39.9,0,0.398,1.36,1467.0,628.3,77.9,1669.0,0.0,0.0,35592.0,37734.0
2025-05-10,bharati,23,-9.4,26.9,0,0.395,2.35,1509.2,627.5,72.4,1499.0,0.0,0.0,34965.0,37662.0
2025-05-11,bharati,23,-3.82,37.5,0,0.485,2.29,1380.2,602.7,69.5,1449.0,0.0,0.0,34362.0,37592.0
2025-05-12,bharati,25,-6.74,16.0,0,0.294,0.45,1449.0,548.4,73.9,1616.0,0.0,0.0,33814.0,37518.0
2025-05-13,bharati,25,-6.84,17.5,0,0.364,0.62,1435.9,595.8,72.8,1452.0,0.0,0.0,33218.0,37446.0
2025-05-14,bharati,25,-7.72,10.1,0,0.212,3.02,1433.0,576.0,71.4,1506.0,0.0,0.0,32642.0,37374.0
2025-05-15,bharati,24,-8.16,27.1,0,0.184,2.25,1432.7,607.6,68.0,1467.0,0.0,0.0,32034.0,37306.0
2025-05-16,bharati,22,-2.06,20.8,0,0.512,0.72,1275.2,508.1,65.8,1484.0,0.0,0.0,31526.0,37240.0
2025-05-17,bharati,24,-3.99,19.8,0,0.203,0.5,1379.5,535.1,71.8,1581.0,0.0,0.0,30991.0,37169.0
2025-05-18,bharati,24,-7.62,33.3,0,0.377,1.75,1455.7,597.7,70.4,1528.0,0.0,0.0,30394.0,37098.0
2025-05-19,bharati,25,-2.82,24.3,0,0.364,0.8,1346.4,528.3,70.8,1585.0,0.0,0.0,29865.0,37027.0
2025-05-20,bharati,25,-5.88,16.0,0,0.441,1.38,1388.8,541.4,70.9,1768.0,0.0,0.0,29324.0,36957.0
2025-05-21,bharati,25,-12.56,85.1,1,0.101,0.45,1734.4,828.2,73.7,1537.0,0.0,0.0,28496.0,36883.0
2025-05-22,bharati,24,-15.29,28.8,0,0.407,1.54,1526.0,650.3,76.3,1618.0,0.0,0.0,27845.0,36807.0
2025-05-23,bharati,23,-19.18,18.6,0,0.293,2.39,1532.3,690.7,73.2,1451.0,0.0,0.0,27155.0,36733.0
2025-05-24,bharati,24,-24.16,22.2,0,0.228,2.88,1557.1,722.9,77.0,1683.0,0.0,0.0,26432.0,36656.0
2025-05-25,bharati,23,-23.66,27.5,0,0.27,1.26,1625.0,720.6,72.0,1487.0,0.0,0.0,25711.0,36584.0
2025-05-26,bharati,25,-22.34,27.5,0,0.424,0.81,1627.7,702.2,78.6,1702.0,0.0,0.0,25009.0,36506.0
2025-05-27,bharati,23,-17.28,51.3,0,0.388,1.87,1630.1,742.3,73.5,1551.0,0.0,0.0,24267.0,36432.0
2025-05-28,bharati,24,-14.91,28.8,0,0.285,2.74,1534.9,683.6,70.0,1556.0,0.0,0.0,23583.0,36362.0
2025-05-29,bharati,24,-13.13,65.0,1,0.163,0.2,1759.9,760.7,70.0,1481.0,0.0,0.0,22822.0,36292.0
2025-05-30,bharati,24,-16.42,24.9,0,0.172,2.2,1475.4,620.3,75.6,1535.0,0.0,0.0,22202.0,36217.0
2025-05-31,bharati,23,-13.45,35.9,0,0.39,1.01,1594.0,640.6,67.7,1617.0,0.0,0.0,21562.0,36149.0
2025-06-01,bharati,22,-9.41,46.2,0,0.147,1.61,1512.0,683.8,63.9,1479.0,0.0,0.0,20878.0,36085.0
2025-06-02,bharati,24,-9.31,49.8,0,0.286,0.79,1543.3,608.7,72.2,1512.0,0.0,0.0,20269.0,36013.0
2025-06-03,bharati,24,-9.16,52.4,0,0.622,1.61,1618.6,694.2,73.8,1603.0,0.0,0.0,19575.0,35939.0
2025-06-04,bharati,25,-14.45,27.0,0,0.355,1.52,1537.4,651.5,78.6,1583.0,0.0,0.0,18923.0,35861.0
2025-06-05,bharati,23,-11.38,30.2,0,0.389,2.03,1491.9,642.5,72.6,1659.0,0.0,0.0,18281.0,35788.0
2025-06-06,bharati,24,-6.56,10.7,0,0.173,2.84,1375.3,546.0,70.1,1476.0,0.0,0.0,17735.0,35718.0
2025-06-07,bharati,23,-7.29,28.0,0,0.153,1.33,1440.1,600.8,69.1,1468.0,0.0,0.0,17134.0,35649.0
2025-06-08,bharati,24,-10.84,48.2,0,0.395,0.2,1540.4,663.2,70.3,1604.0,0.0,0.0,16471.0,35579.0
2025-06-09,bharati,22,-12.38,44.5,0,0.266,1.46,1517.3,725.2,65.3,1533.0,0.0,0.0,15746.0,35513.0
2025-06-10,bharati,26,-14.49,29.5,0,0.441,1.81,1617.4,688.0,85.7,1698.0,0.0,0.0,15058.0,35428.0
2025-06-11,bharati,24,-16.04,62.6,1,0.317,0.62,1786.9,814.7,77.3,1507.0,0.0,0.0,14243.0,35350.0
2025-06-12,bharati,22,-14.1,26.2,0,0.727,1.49,1462.6,604.5,67.0,1681.0,0.0,0.0,13638.0,35283.0
2025-06-13,bharati,23,-13.71,22.8,0,0.243,2.64,1497.6,666.1,68.7,1522.0,0.0,0.0,12972.0,35215.0
2025-06-14,bharati,23,-11.08,25.3,0,0.347,1.7,1420.7,612.0,69.2,1519.0,26300.0,0.0,38660.0,35145.0
2025-06-15,bharati,23,-10.96,19.3,0,0.205,1.53,1351.0,582.1,68.6,1529.0,0.0,0.0,38078.0,35077.0
2025-06-16,bharati,24,-14.83,40.2,0,0.436,1.06,1561.4,687.1,76.5,1628.0,0.0,0.0,37391.0,35000.0
2025-06-17,bharati,23,-16.85,35.0,0,0.365,0.38,1596.2,720.9,74.5,1615.0,0.0,0.0,36670.0,34926.0
2025-06-18,bharati,23,-18.72,40.1,0,0.197,1.83,1595.7,720.7,69.6,1495.0,0.0,0.0,35950.0,34856.0
2025-06-19,bharati,23,-19.06,26.1,0,0.274,1.77,1519.5,654.8,72.6,1557.0,0.0,0.0,35295.0,34784.0
2025-06-20,bharati,25,-13.01,30.4,0,0.477,0.86,1557.0,642.3,78.1,1690.0,0.0,0.0,34652.0,34705.0
2025-06-21,bharati,25,-7.55,12.5,0,0.462,1.57,1448.8,594.5,74.8,1605.0,0.0,0.0,34058.0,34631.0
2025-06-22,bharati,24,-6.66,36.6,0,0.142,1.5,1471.7,620.7,65.4,1449.0,0.0,0.0,33437.0,34565.0
2025-06-23,bharati,24,-8.23,32.6,0,0.256,1.16,1406.9,568.1,72.5,1485.0,0.0,0.0,32869.0,34493.0
2025-06-24,bharati,23,-14.27,19.7,0,0.531,1.04,1477.5,632.4,72.5,1584.0,0.0,0.0,32237.0,34420.0
2025-06-25,bharati,24,-14.17,30.0,0,0.292,1.88,1536.3,641.7,73.1,1525.0,0.0,0.0,31595.0,34347.0
2025-06-26,bharati,24,-17.33,28.1,0,0.334,1.44,1507.6,669.7,71.3,1602.0,0.0,0.0,30925.0,34276.0
2025-06-27,bharati,24,-12.18,65.9,1,0.435,0.07,1646.8,704.2,77.4,1608.0,0.0,0.0,30221.0,34199.0
2025-06-28,bharati,24,-18.33,20.1,0,0.152,1.0,1508.6,641.5,72.4,1535.0,0.0,0.0,29580.0,34126.0
2025-06-29,bharati,24,-17.0,36.2,0,0.199,1.51,1584.4,683.8,69.8,1545.0,0.0,0.0,28896.0,34056.0
2025-06-30,bharati,23,-19.95,19.9,0,0.273,2.25,1519.8,698.2,67.7,1482.0,0.0,0.0,28198.0,33989.0
2025-07-01,bharati,25,-19.6,24.9,0,0.457,1.74,1576.3,694.0,79.7,1669.0,0.0,0.0,27504.0,33909.0
2025-07-02,bharati,24,-17.16,35.4,0,0.434,1.43,1573.0,717.3,75.8,1518.0,0.0,0.0,26786.0,33833.0
2025-07-03,bharati,25,-14.03,28.9,0,0.398,1.82,1540.5,721.0,75.1,1633.0,0.0,0.0,26065.0,33758.0
2025-07-04,bharati,24,-14.93,31.5,0,0.295,2.56,1558.3,682.1,73.5,1502.0,0.0,0.0,25383.0,33685.0
2025-07-05,bharati,26,-13.04,36.3,0,0.448,1.94,1652.3,732.6,81.0,1713.0,0.0,0.0,24651.0,33604.0
2025-07-06,bharati,25,-16.05,25.7,0,0.294,1.78,1473.6,632.1,76.1,1577.0,0.0,0.0,24019.0,33527.0
2025-07-07,bharati,24,-15.61,45.9,0,0.381,2.05,1646.9,755.3,71.9,1476.0,0.0,0.0,23263.0,33456.0
2025-07-08,bharati,23,-12.84,27.8,0,0.421,1.49,1487.1,621.0,72.0,1653.0,0.0,0.0,22642.0,33384.0
2025-07-09,bharati,23,-12.71,30.4,0,0.516,1.73,1525.6,652.1,72.5,1545.0,0.0,0.0,21990.0,33311.0
2025-07-10,bharati,24,-15.36,36.9,0,0.305,1.26,1622.5,708.6,73.9,1641.0,0.0,0.0,21282.0,33237.0
2025-07-11,bharati,24,-16.73,34.9,0,0.268,0.51,1550.1,687.0,70.9,1526.0,0.0,0.0,20595.0,33166.0
2025-07-12,bharati,24,-13.72,41.6,0,0.467,1.84,1622.6,676.2,70.7,1702.0,0.0,0.0,19918.0,33096.0
2025-07-13,bharati,25,-17.99,36.2,0,0.477,1.84,1585.1,684.6,78.0,1618.0,0.0,0.0,19234.0,33017.0
2025-07-14,bharati,24,-21.02,38.6,0,0.247,1.4,1644.8,744.6,75.5,1575.0,0.0,0.0,18489.0,32942.0
2025-07-15,bharati,25,-18.55,27.7,0,0.179,2.33,1575.0,684.3,77.8,1532.0,0.0,0.0,17805.0,32864.0
2025-07-16,bharati,23,-19.86,20.2,0,0.458,1.09,1532.7,632.9,73.1,1720.0,0.0,0.0,17172.0,32791.0
2025-07-17,bharati,25,-24.18,17.4,0,0.115,0.36,1552.4,665.2,75.0,1580.0,0.0,0.0,16507.0,32716.0
2025-07-18,bharati,24,-18.74,15.7,0,0.109,1.11,1539.7,648.1,70.1,1557.0,0.0,0.0,15859.0,32646.0
2025-07-19,bharati,25,-22.12,66.5,1,0.28,0.0,1931.2,857.2,77.0,1665.0,0.0,0.0,15002.0,32569.0
2025-07-20,bharati,25,-22.01,12.5,0,0.312,1.84,1548.6,674.8,77.3,1647.0,0.0,0.0,14327.0,32492.0
2025-07-21,bharati,24,-23.25,52.3,0,0.173,1.07,1731.7,796.9,75.7,1579.0,0.0,0.0,13530.0,32416.0
2025-07-22,bharati,24,-23.24,22.5,0,0.327,2.29,1619.4,694.1,73.5,1678.0,0.0,0.0,12836.0,32342.0
2025-07-23,bharati,25,-25.11,52.2,0,0.332,2.27,1760.6,801.8,77.1,1706.0,26600.0,0.0,38634.0,32265.0
2025-07-24,bharati,24,-21.51,12.6,0,0.242,0.95,1608.3,689.9,78.2,1575.0,0.0,0.0,37944.0,32187.0
2025-07-25,bharati,25,-20.49,28.7,0,0.544,1.03,1611.8,687.4,82.8,1748.0,0.0,0.0,37257.0,32104.0
2025-07-26,bharati,24,-16.85,58.3,0,0.352,1.97,1684.5,754.8,71.5,1691.0,0.0,0.0,36502.0,32033.0
2025-07-27,bharati,23,-18.96,42.7,0,0.435,2.29,1585.0,690.2,74.7,1537.0,0.0,0.0,35812.0,31958.0
2025-07-28,bharati,23,-11.9,27.4,0,0.125,0.19,1465.4,612.4,65.1,1338.0,0.0,0.0,35199.0,31893.0
2025-07-29,bharati,24,-19.03,14.0,0,0.124,1.8,1526.6,721.9,71.1,1461.0,0.0,0.0,34477.0,31822.0
2025-07-30,bharati,25,-23.84,18.1,0,0.355,0.06,1628.9,708.7,77.3,1611.0,0.0,0.0,33769.0,31745.0
2025-07-31,bharati,24,-17.1,56.5,0,0.523,1.22,1668.4,797.3,74.8,1588.0,0.0,0.0,32971.0,31670.0
2025-08-01,bharati,25,-15.65,27.2,0,0.179,2.37,1527.0,701.1,76.1,1532.0,0.0,0.0,32270.0,31594.0
2025-08-02,bharati,24,-14.88,30.6,0,0.317,3.71,1561.4,776.5,72.9,1560.0,0.0,0.0,31494.0,31521.0
2025-08-03,bharati,23,-13.94,35.4,0,0.152,1.43,1573.3,638.8,69.3,1459.0,0.0,0.0,30855.0,31452.0
2025-08-04,bharati,24,-12.72,18.2,0,0.214,0.73,1493.1,613.8,70.4,1530.0,0.0,0.0,30241.0,31381.0
2025-08-05,bharati,24,-12.58,37.3,0,0.323,1.24,1617.1,697.9,72.9,1512.0,0.0,0.0,29543.0,31308.0
2025-08-06,bharati,24,-16.49,26.3,0,0.241,1.65,1559.2,674.6,72.6,1599.0,0.0,0.0,28869.0,31236.0
2025-08-07,bharati,24,-13.99,35.5,0,0.143,1.13,1563.4,662.3,68.1,1530.0,0.0,0.0,28206.0,31168.0
2025-08-08,bharati,24,-12.42,24.6,0,0.141,0.95,1505.7,635.9,71.6,1577.0,0.0,0.0,27570.0,31096.0
2025-08-09,bharati,24,-8.67,16.1,0,0.074,1.3,1468.2,611.7,69.1,1494.0,0.0,0.0,26959.0,31027.0
2025-08-10,bharati,24,-4.5,26.1,0,0.357,1.88,1440.4,580.3,68.5,1496.0,0.0,0.0,26378.0,30958.0
2025-08-11,bharati,25,-5.65,40.8,0,0.372,1.48,1445.7,565.1,72.5,1656.0,0.0,0.0,25813.0,30886.0
2025-08-12,bharati,25,-11.57,36.7,0,0.371,0.98,1587.5,690.0,74.4,1633.0,0.0,0.0,25123.0,30812.0
2025-08-13,bharati,24,-6.81,31.5,0,0.191,1.13,1446.8,603.6,68.8,1518.0,0.0,0.0,24520.0,30743.0
2025-08-14,bharati,24,-11.82,45.3,0,0.421,1.31,1564.3,676.6,76.7,1619.0,0.0,0.0,23843.0,30666.0
2025-08-15,bharati,23,-11.58,28.5,0,0.385,0.9,1412.5,570.1,73.8,1503.0,0.0,0.0,23273.0,30592.0
2025-08-16,bharati,25,-13.26,31.7,0,0.301,1.1,1494.0,636.6,69.2,1610.0,0.0,0.0,22637.0,30523.0
2025-08-17,bharati,25,-15.18,25.3,0,0.281,2.05,1532.0,642.9,76.6,1601.0,0.0,0.0,21994.0,30446.0
2025-08-18,bharati,25,-12.91,46.1,0,0.222,1.44,1544.5,655.7,76.5,1531.0,0.0,0.0,21338.0,30370.0
2025-08-19,bharati,22,-12.7,34.8,0,0.323,0.37,1475.1,629.7,65.7,1335.0,0.0,0.0,20708.0,30304.0
2025-08-20,bharati,24,-11.65,24.3,0,0.494,2.32,1518.6,631.8,75.4,1563.0,0.0,0.0,20076.0,30229.0
2025-08-21,bharati,24,-15.02,16.4,0,0.437,1.89,1485.5,621.8,77.5,1611.0,0.0,0.0,19455.0,30151.0
2025-08-22,bharati,25,-15.71,48.7,0,0.269,0.63,1655.7,737.7,72.4,1669.0,0.0,0.0,18717.0,30079.0
2025-08-23,bharati,24,-18.16,22.4,0,0.365,1.34,1503.1,657.0,74.1,1637.0,0.0,0.0,18060.0,30005.0
2025-08-24,bharati,24,-18.33,31.5,0,0.168,1.05,1586.8,678.5,76.6,1514.0,0.0,0.0,17381.0,29928.0
2025-08-25,bharati,24,-18.19,81.8,1,0.388,0.95,1884.1,840.7,71.3,1561.0,0.0,0.0,16540.0,29857.0
2025-08-26,bharati,23,-11.77,42.6,0,0.2,1.34,1470.0,638.4,67.7,1442.0,0.0,0.0,15902.0,29789.0
2025-08-27,bharati,24,-13.22,59.7,0,0.383,1.55,1616.6,718.4,71.8,1521.0,0.0,0.0,15184.0,29717.0
2025-08-28,bharati,24,-20.36,24.1,0,0.656,1.47,1539.8,686.1,79.2,1573.0,0.0,0.0,14498.0,29638.0
2025-08-29,bharati,25,-14.93,47.4,0,0.232,0.56,1655.1,692.6,77.7,1507.0,0.0,0.0,13805.0,29561.0
2025-08-30,bharati,25,-13.48,30.5,0,0.651,2.58,1577.6,709.0,78.6,1802.0,0.0,0.0,13096.0,29482.0
2025-08-31,bharati,25,-14.12,35.1,0,0.359,2.06,1578.2,696.2,75.9,1737.0,26200.0,0.0,38600.0,29406.0
2025-09-01,bharati,24,-15.61,70.1,1,0.21,0.0,1754.8,716.2,68.3,1571.0,0.0,0.0,37884.0,29338.0
2025-09-02,bharati,25,-18.43,26.6,0,0.205,1.73,1593.0,690.7,78.9,1596.0,0.0,0.0,37193.0,29259.0
2025-09-03,bharati,23,-11.5,30.1,0,0.584,2.28,1506.7,666.8,70.2,1498.0,0.0,0.0,36526.0,29189.0
2025-09-04,bharati,26,-11.82,20.4,0,0.359,1.64,1499.4,632.5,77.9,1662.0,0.0,0.0,35894.0,29111.0
2025-09-05,bharati,26,-17.79,43.1,0,0.232,2.69,1647.6,730.0,81.0,1699.0,0.0,0.0,35164.0,29030.0
2025-09-06,bharati,24,-16.05,23.4,0,0.276,3.64,1520.5,671.2,73.0,1599.0,0.0,0.0,34492.0,28957.0
2025-09-07,bharati,25,-11.79,45.4,0,0.352,1.51,1584.2,688.4,77.4,1652.0,0.0,0.0,33804.0,28879.0
2025-09-08,bharati,24,-11.63,14.7,0,0.299,1.19,1540.2,637.5,73.0,1605.0,0.0,0.0,33166.0,28806.0
2025-09-09,bharati,24,-14.86,37.0,0,0.342,0.91,1557.1,645.7,73.3,1679.0,0.0,0.0,32521.0,28733.0
2025-09-10,bharati,24,-17.77,22.4,0,0.513,0.05,1560.3,642.4,75.7,1614.0,0.0,0.0,31878.0,28657.0
2025-09-11,bharati,24,-19.89,39.7,0,0.165,2.47,1647.8,777.1,70.1,1693.0,0.0,0.0,31101.0,28587.0
2025-09-12,bharati,24,-13.8,29.0,0,0.377,1.35,1582.8,668.2,72.6,1468.0,0.0,0.0,30433.0,28515.0
2025-09-13,bharati,24,-13.88,23.2,0,0.291,2.21,1470.1,665.5,74.6,1506.0,0.0,0.0,29768.0,28440.0
2025-09-14,bharati,26,-19.07,24.6,0,0.24,2.35,1657.7,778.4,77.0,1683.0,0.0,0.0,28989.0,28363.0
2025-09-15,bharati,24,-16.69,20.2,0,0.429,0.84,1518.6,633.0,72.5,1637.0,0.0,0.0,28356.0,28291.0
2025-09-16,bharati,23,-15.49,41.0,0,0.125,0.95,1660.0,686.9,66.5,1436.0,0.0,0.0,27669.0,28224.0
2025-09-17,bharati,25,-16.37,18.5,0,0.016,2.82,1533.2,655.9,73.8,1503.0,0.0,0.0,27013.0,28150.0
2025-09-18,bharati,23,-18.89,25.6,0,0.327,1.55,1492.6,681.4,73.6,1647.0,0.0,0.0,26332.0,28077.0
2025-09-19,bharati,24,-21.07,33.0,0,0.283,1.14,1607.5,735.1,75.0,1548.0,0.0,0.0,25597.0,28002.0
2025-09-20,bharati,24,-15.95,56.1,0,0.138,0.87,1711.3,805.5,66.9,1456.0,0.0,0.0,24791.0,27935.0
2025-09-21,bharati,24,-14.4,28.3,0,0.095,1.5,1518.3,651.8,72.1,1578.0,0.0,0.0,24139.0,27863.0
2025-09-22,bharati,23,-12.37,25.5,0,0.532,2.66,1481.0,649.4,69.8,1608.0,0.0,0.0,23490.0,27793.0
2025-09-23,bharati,23,-11.43,31.6,0,0.356,2.08,1512.2,634.1,70.1,1558.0,0.0,0.0,22856.0,27723.0
2025-09-24,bharati,23,-10.36,11.8,0,0.302,1.73,1412.3,540.6,68.0,1487.0,0.0,0.0,22315.0,27655.0
2025-09-25,bharati,24,-12.0,16.9,0,0.563,2.71,1475.1,623.4,72.1,1549.0,0.0,0.0,21692.0,27583.0
2025-09-26,bharati,25,-12.48,23.9,0,0.423,2.58,1483.6,616.1,75.8,1644.0,0.0,0.0,21076.0,27507.0
2025-09-27,bharati,23,-8.45,20.6,0,0.512,1.83,1479.1,618.0,68.6,1454.0,0.0,0.0,20458.0,27438.0
2025-09-28,bharati,25,-4.33,14.2,0,0.158,3.54,1345.7,526.2,71.7,1517.0,0.0,0.0,19932.0,27367.0
2025-09-29,bharati,25,-9.35,39.6,0,0.154,1.43,1530.2,633.1,70.8,1571.0,0.0,0.0,19298.0,27296.0
2025-09-30,bharati,23,-10.2,30.7,0,0.374,2.37,1485.0,640.7,66.6,1556.0,0.0,0.0,18658.0,27229.0
2025-10-01,bharati,22,-7.51,29.1,0,0.35,1.32,1399.9,592.5,66.4,1416.0,0.0,0.0,18065.0,27163.0
2025-10-02,bharati,23,-1.94,20.4,0,0.455,2.3,1284.2,521.2,69.2,1514.0,0.0,0.0,17544.0,27093.0
2025-10-03,bharati,24,2.33,28.2,0,0.116,1.58,1249.3,514.6,66.6,1346.0,0.0,0.0,17029.0,27027.0
2025-10-04,bharati,25,-2.38,33.7,0,0.403,2.16,1432.2,606.4,71.1,1623.0,0.0,0.0,16423.0,26956.0
2025-10-05,bharati,24,0.41,24.2,0,0.444,3.6,1297.2,517.1,67.4,1545.0,0.0,0.0,15906.0,26888.0
2025-10-06,bharati,23,-1.17,32.5,0,0.444,2.68,1277.1,557.7,65.3,1426.0,0.0,0.0,15348.0,26823.0
2025-10-07,bharati,24,0.73,19.2,0,0.29,2.44,1311.0,542.1,69.4,1484.0,0.0,0.0,14806.0,26754.0
2025-10-08,bharati,23,1.49,27.9,0,0.408,1.65,1260.0,493.6,63.8,1492.0,0.0,0.0,14312.0,26690.0
2025-10-09,bharati,25,-4.43,43.1,0,0.259,2.41,1489.4,621.2,73.9,1542.0,0.0,0.0,13691.0,26616.0
2025-10-10,bharati,24,-3.44,44.6,0,0.324,1.66,1426.6,590.1,70.7,1455.0,0.0,0.0,13101.0,26545.0
2025-10-11,bharati,24,-1.14,46.3,0,0.241,3.08,1384.2,567.6,70.4,1464.0,26100.0,0.0,38634.0,26475.0
2025-10-12,bharati,25,-2.52,29.7,0,0.282,3.15,1399.0,565.9,73.8,1561.0,0.0,0.0,38068.0,26401.0
2025-10-13,bharati,26,-4.33,26.6,0,0.351,2.51,1403.0,600.8,76.9,1574.0,0.0,0.0,37467.0,26324.0
2025-10-14,bharati,27,-10.04,21.7,0,0.328,3.89,1493.5,647.2,76.9,1648.0,0.0,0.0,36820.0,26247.0
2025-10-15,bharati,24,-7.47,12.2,0,0.302,3.88,1404.2,579.3,71.8,1544.0,0.0,0.0,36240.0,26176.0
2025-10-16,bharati,25,-6.85,14.8,0,0.244,3.01,1385.8,560.2,72.9,1594.0,0.0,0.0,35680.0,26103.0
2025-10-17,bharati,26,-9.93,24.1,0,0.643,3.39,1554.8,639.3,79.3,1888.0,0.0,0.0,35041.0,26023.0
2025-10-18,bharati,26,-10.52,24.7,0,0.354,2.67,1507.5,634.5,81.0,1702.0,0.0,0.0,34406.0,25942.0
2025-10-19,bharati,24,-9.44,46.5,0,0.461,2.98,1489.7,679.3,72.1,1513.0,0.0,0.0,33727.0,25870.0
2025-10-20,bharati,25,-10.8,44.5,0,0.217,2.51,1544.5,659.3,72.5,1680.0,0.0,0.0,33068.0,25798.0
2025-10-21,bharati,25,-10.1,19.1,0,0.598,3.02,1491.0,643.5,79.4,1745.0,0.0,0.0,32424.0,25718.0
2025-10-22,bharati,24,-15.1,35.8,0,0.462,3.37,1559.6,701.1,73.0,1500.0,0.0,0.0,31723.0,25645.0
2025-10-23,bharati,25,-9.25,20.7,0,0.395,2.37,1482.3,618.8,73.5,1555.0,0.0,0.0,31104.0,25572.0
2025-10-24,bharati,25,-8.7,33.6,0,0.403,4.02,1529.3,680.4,72.2,1584.0,0.0,0.0,30424.0,25500.0
2025-10-25,bharati,26,-11.78,35.2,1,0.566,1.83,1734.6,732.5,78.2,1790.0,0.0,0.0,29692.0,25421.0
2025-10-26,bharati,27,-18.64,42.1,0,0.115,3.79,1745.2,746.3,79.1,1552.0,0.0,0.0,28945.0,25342.0
2025-10-27,bharati,27,-13.06,20.3,0,0.377,2.0,1494.0,612.0,83.3,1734.0,0.0,0.0,28333.0,25259.0
2025-10-28,bharati,27,-9.97,38.0,0,0.468,3.79,1579.0,679.7,79.2,1800.0,0.0,0.0,27654.0,25180.0
2025-10-29,bharati,27,-8.52,11.3,0,0.473,3.08,1498.8,617.7,76.8,1579.0,0.0,0.0,27036.0,25103.0
2025-10-30,bharati,26,-5.21,42.5,0,0.796,3.72,1555.3,682.6,80.8,1817.0,0.0,0.0,26353.0,25022.0
2025-10-31,bharati,27,-2.48,24.3,0,0.462,5.25,1406.8,592.4,77.4,1749.0,0.0,0.0,25761.0,24945.0
2025-11-01,bharati,28,-2.35,24.4,0,0.628,2.61,1452.9,608.8,83.4,1750.0,0.0,0.0,25152.0,24861.0
2025-11-02,bharati,28,-3.64,10.3,0,0.733,3.83,1439.1,565.5,88.3,1774.0,0.0,0.0,24587.0,24773.0
2025-11-03,bharati,27,-5.2,20.6,0,0.603,5.07,1453.8,603.7,81.5,1710.0,0.0,0.0,23983.0,24692.0
2025-11-04,bharati,27,-3.77,42.7,0,0.448,4.08,1491.9,626.4,83.0,1550.0,0.0,0.0,23356.0,24609.0
2025-11-05,bharati,28,0.55,20.1,0,0.381,4.11,1391.9,541.0,79.6,1681.0,0.0,0.0,22815.0,24529.0
2025-11-06,bharati,28,-0.67,32.3,0,0.631,6.17,1424.8,623.6,85.3,1804.0,0.0,0.0,22192.0,24444.0
2025-11-07,bharati,29,3.4,24.2,0,0.746,5.09,1447.8,520.0,83.6,1767.0,0.0,0.0,21672.0,24360.0
2025-11-08,bharati,27,3.24,37.2,0,0.62,5.56,1402.4,559.4,78.3,1760.0,0.0,0.0,21112.0,24282.0
2025-11-09,bharati,28,3.15,25.7,0,0.709,5.34,1343.9,560.2,79.6,1789.0,0.0,0.0,20552.0,24202.0
2025-11-10,bharati,29,9.59,16.0,0,0.878,5.19,1310.8,478.6,81.3,1844.0,0.0,0.0,20074.0,24121.0
2025-11-11,bharati,28,12.48,24.1,0,0.674,6.04,1179.1,451.7,76.5,1660.0,0.0,0.0,19622.0,24045.0
2025-11-12,bharati,28,14.97,45.9,0,0.447,6.57,1211.3,464.9,70.6,1629.0,0.0,0.0,19157.0,23974.0
2025-11-13,bharati,30,9.1,28.8,0,0.592,4.14,1389.8,504.9,83.8,1874.0,0.0,0.0,18652.0,23890.0
2025-11-14,bharati,28,13.89,22.1,0,0.756,5.37,1203.4,442.9,76.4,1673.0,0.0,0.0,18209.0,23814.0
2025-11-15,bharati,31,10.56,59.8,1,0.568,1.61,1373.3,510.8,85.7,1868.0,0.0,0.0,17698.0,23728.0
2025-11-16,bharati,29,7.39,37.6,0,0.784,5.25,1343.4,524.5,80.2,1869.0,0.0,0.0,17174.0,23648.0
2025-11-17,bharati,30,-1.37,32.4,0,0.602,6.31,1508.4,630.5,90.5,1922.0,0.0,0.0,16544.0,23557.0
2025-11-18,bharati,29,-0.58,26.2,0,0.656,5.88,1471.8,622.6,90.4,1963.0,0.0,0.0,15921.0,23467.0
2025-11-19,bharati,30,-4.41,31.0,0,0.579,7.12,1622.5,712.6,93.8,1865.0,0.0,0.0,15208.0,23373.0
2025-11-20,bharati,30,-2.76,31.3,0,0.646,6.62,1584.8,662.2,95.0,1892.0,0.0,0.0,14546.0,23278.0
2025-11-21,bharati,31,-6.41,9.1,0,0.658,6.88,1628.2,661.0,94.6,1955.0,0.0,0.0,13885.0,23184.0
2025-11-22,bharati,30,0.1,26.7,0,0.445,5.16,1484.1,630.5,85.4,1878.0,0.0,0.0,13255.0,23098.0
2025-11-23,bharati,30,1.46,21.0,0,0.591,5.5,1410.3,563.5,88.5,1848.0,0.0,0.0,12691.0,23010.0
2025-11-24,bharati,32,8.13,18.2,0,0.501,5.63,1357.6,529.3,87.9,1828.0,26500.0,0.0,38662.0,22922.0
2025-11-25,bharati,31,3.06,20.6,0,0.606,7.13,1452.7,589.8,84.9,2022.0,0.0,0.0,38072.0,22837.0
2025-11-26,bharati,30,7.15,11.6,0,0.564,5.6,1316.2,529.9,86.2,1920.0,0.0,0.0,37542.0,22751.0
2025-11-27,bharati,30,-0.2,10.4,0,0.786,5.69,1497.5,578.9,89.4,1921.0,0.0,0.0,36963.0,22661.0
2025-11-28,bharati,32,0.22,37.4,0,0.793,5.62,1602.8,629.1,91.8,1952.0,0.0,0.0,36334.0,22569.0
2025-11-29,bharati,31,-2.1,26.8,0,0.742,8.4,1575.4,685.8,92.0,2134.0,0.0,0.0,35648.0,22477.0
2025-11-30,bharati,33,-3.39,8.0,0,0.528,6.44,1608.9,624.1,97.0,2085.0,0.0,0.0,35024.0,22380.0
2025-12-01,bharati,32,-4.65,17.2,0,0.673,6.97,1518.2,644.7,96.9,2085.0,0.0,0.0,34379.0,22283.0
2025-12-02,bharati,32,-6.94,31.6,0,0.528,5.87,1707.6,748.5,96.3,2034.0,0.0,0.0,33631.0,22187.0
2025-12-03,bharati,32,-9.9,19.4,0,0.677,7.4,1593.9,659.7,103.3,2040.0,0.0,0.0,32971.0,22084.0
2025-12-04,bharati,34,-9.7,36.6,0,0.777,5.54,1764.2,758.0,102.4,2208.0,0.0,0.0,32213.0,21982.0
2025-12-05,bharati,30,-7.72,33.7,0,0.823,6.16,1665.0,738.9,93.2,2065.0,0.0,0.0,31474.0,21888.0
2025-12-06,bharati,32,-2.74,12.2,0,0.765,6.39,1583.9,639.1,94.5,2034.0,0.0,0.0,30835.0,21794.0
2025-12-07,bharati,32,-1.41,20.3,1,0.863,2.24,1551.9,576.4,101.3,2118.0,0.0,0.0,30259.0,21693.0
2025-12-08,bharati,32,2.48,17.8,0,0.748,6.46,1450.4,574.9,92.7,2012.0,0.0,64632.22605017739,29684.0,86232.0
2025-12-09,bharati,33,-2.77,11.9,0,0.693,8.14,1601.4,644.5,98.2,2022.0,0.0,0.0,29039.0,86134.0
2025-12-10,bharati,32,-3.72,11.6,0,0.83,7.47,1607.8,662.2,101.4,2218.0,0.0,0.0,28377.0,86032.0
2025-12-11,bharati,33,-0.82,15.2,0,0.837,6.69,1527.6,614.6,104.0,2170.0,0.0,0.0,27762.0,85928.0
2025-12-12,bharati,33,0.39,16.2,0,0.67,7.92,1557.5,624.3,101.8,2084.0,0.0,0.0,27138.0,85827.0
2025-12-13,bharati,32,-2.46,23.9,0,0.782,7.0,1519.0,647.4,92.4,2110.0,0.0,0.0,26491.0,85734.0
2025-12-14,bharati,33,0.97,32.8,0,0.705,6.91,1590.2,676.1,98.9,1940.0,0.0,0.0,25815.0,85635.0
2025-12-15,bharati,34,-0.9,26.2,0,0.503,7.99,1556.7,658.0,99.9,2037.0,0.0,0.0,25157.0,85535.0
2025-12-16,bharati,33,-3.2,28.8,0,0.8,5.69,1631.4,694.5,100.5,2025.0,0.0,0.0,24462.0,85435.0
2025-12-17,bharati,35,-1.03,18.8,0,0.595,7.97,1603.5,689.6,103.4,2167.0,0.0,0.0,23773.0,85332.0
2025-12-18,bharati,35,-0.78,27.0,0,0.793,7.0,1681.4,664.9,109.6,2244.0,0.0,0.0,23108.0,85222.0
2025-12-19,bharati,34,-2.26,19.6,0,0.573,7.04,1609.1,663.6,103.8,2119.0,0.0,0.0,22444.0,85118.0
2025-12-20,bharati,34,-3.56,17.3,0,0.674,8.95,1599.7,669.7,105.2,2244.0,0.0,0.0,21774.0,85013.0
2025-12-21,bharati,34,-6.27,46.2,0,0.711,7.25,1764.9,725.1,104.8,2078.0,0.0,0.0,21049.0,84908.0
2025-12-22,bharati,35,-6.32,7.8,0,0.91,8.32,1792.6,735.7,117.4,2246.0,0.0,0.0,20314.0,84791.0
2025-12-23,bharati,35,-1.56,9.4,0,0.704,7.89,1651.5,643.0,103.5,2230.0,0.0,0.0,19671.0,84687.0
2025-12-24,bharati,35,-0.39,24.3,0,0.642,7.99,1608.9,670.7,98.5,2186.0,0.0,0.0,19000.0,84589.0
2025-12-25,bharati,34,2.86,18.5,0,0.817,7.58,1505.3,576.1,100.0,2038.0,0.0,0.0,18424.0,84489.0
2025-12-26,bharati,34,4.12,11.3,0,0.75,7.58,1489.8,589.4,99.5,2189.0,0.0,0.0,17834.0,84389.0
2025-12-27,bharati,35,1.55,13.2,0,0.873,8.89,1611.9,619.0,109.4,2342.0,0.0,0.0,17215.0,84280.0
2025-12-28,bharati,35,-3.86,13.9,0,0.659,8.5,1615.0,689.8,103.8,2239.0,0.0,0.0,16526.0,84176.0
2025-12-29,bharati,34,-5.99,29.9,0,0.808,7.52,1697.1,711.4,106.7,2105.0,0.0,0.0,15814.0,84069.0
2025-12-30,bharati,34,-6.91,34.1,0,1.0,7.17,1799.4,744.3,103.2,2301.0,0.0,0.0,15070.0,83966.0
2025-12-31,bharati,36,-7.9,40.8,0,0.758,7.51,1813.7,803.7,115.3,2358.0,0.0,0.0,14266.0,83851.0
2026-01-01,bharati,34,-3.17,10.5,0,0.811,8.64,1583.3,654.7,104.1,2173.0,0.0,0.0,13611.0,83747.0
2026-01-02,bharati,34,0.68,11.5,0,0.591,8.8,1644.4,662.6,98.4,2186.0,0.0,0.0,12949.0,83648.0
2026-01-03,bharati,34,7.8,11.2,0,0.689,8.38,1514.1,575.4,102.8,2030.0,26300.0,0.0,38673.0,83546.0
2026-01-04,bharati,34,4.13,35.0,0,0.848,6.88,1566.5,627.5,103.7,2293.0,0.0,0.0,38046.0,83442.0
2026-01-05,bharati,36,8.68,24.3,0,0.755,8.55,1539.4,606.8,99.3,2210.0,0.0,0.0,37439.0,83343.0
2026-01-06,bharati,36,12.39,21.0,0,0.869,8.95,1420.2,545.8,101.1,2162.0,0.0,0.0,36893.0,83241.0
2026-01-07,bharati,35,9.6,22.4,0,0.847,8.17,1481.0,553.4,108.7,2188.0,0.0,0.0,36340.0,83133.0
2026-01-08,bharati,35,9.57,19.8,0,0.639,9.45,1424.7,577.5,103.6,2166.0,0.0,0.0,35762.0,83029.0
2026-01-09,bharati,35,12.01,12.7,0,0.92,7.15,1367.7,487.5,102.3,2181.0,0.0,0.0,35275.0,82927.0
2026-01-10,bharati,34,9.84,25.2,0,0.649,8.56,1511.9,560.3,89.7,1997.0,0.0,0.0,34715.0,82837.0
2026-01-11,bharati,37,7.82,18.8,0,0.707,7.37,1469.0,558.4,109.5,2147.0,0.0,0.0,34156.0,82728.0
2026-01-12,bharati,36,4.59,12.3,0,0.827,8.83,1569.7,638.2,103.8,2137.0,0.0,0.0,33518.0,82624.0
2026-01-13,bharati,35,-3.6,25.8,1,0.988,2.86,1742.0,646.5,113.7,2120.0,0.0,0.0,32871.0,82510.0
2026-01-14,bharati,34,-2.55,17.0,0,0.679,9.36,1630.8,703.5,99.8,2159.0,0.0,0.0,32168.0,82410.0
2026-01-15,bharati,35,-4.18,22.3,0,0.818,8.45,1668.3,700.4,109.1,2229.0,0.0,0.0,31468.0,82301.0
2026-01-16,bharati,34,-6.69,19.2,0,0.819,7.82,1671.1,696.6,103.6,2202.0,0.0,0.0,30771.0,82198.0
2026-01-17,bharati,35,-3.96,29.5,0,0.879,7.75,1700.2,734.6,107.0,2361.0,0.0,0.0,30036.0,82091.0
2026-01-18,bharati,35,-7.72,22.3,0,0.942,7.92,1747.6,719.4,112.8,2323.0,0.0,0.0,29317.0,81978.0
2026-01-19,bharati,35,-3.58,14.0,0,0.751,7.73,1652.6,725.8,102.3,2386.0,0.0,0.0,28591.0,81876.0
2026-01-20,bharati,34,-1.23,23.2,0,0.92,9.02,1611.2,671.9,111.9,2166.0,0.0,0.0,27919.0,81764.0
2026-01-21,bharati,37,-2.13,23.6,0,0.958,8.97,1647.2,693.6,110.9,2312.0,0.0,0.0,27226.0,81653.0
2026-01-22,bharati,35,-1.79,25.2,0,1.0,7.01,1742.1,731.0,105.1,2196.0,0.0,0.0,26495.0,81548.0
2026-01-23,bharati,35,-5.13,31.4,0,0.856,8.08,1739.6,737.8,110.5,2340.0,0.0,0.0,25757.0,81437.0
2026-01-24,bharati,35,-1.67,15.7,0,0.814,8.08,1637.9,693.0,110.4,2326.0,0.0,0.0,25064.0,81327.0
2026-01-25,bharati,34,-0.64,27.0,0,0.737,7.48,1578.7,614.8,100.7,2101.0,0.0,0.0,24449.0,81226.0
2026-01-26,bharati,35,0.44,9.9,0,0.618,8.31,1547.1,620.3,99.4,2071.0,0.0,0.0,23829.0,81127.0
2026-01-27,bharati,34,2.09,19.4,0,0.758,9.01,1579.2,650.8,97.8,2241.0,0.0,0.0,23178.0,81029.0
2026-01-28,bharati,35,-0.24,18.2,0,0.804,8.59,1601.3,679.6,102.1,2106.0,0.0,0.0,22498.0,80927.0
2026-01-29,bharati,35,-4.96,37.6,0,0.775,8.89,1755.3,769.9,108.4,2335.0,0.0,0.0,21728.0,80819.0
2026-01-30,bharati,35,-0.91,19.2,0,0.858,7.42,1567.1,655.3,106.1,2196.0,0.0,0.0,21073.0,80713.0
2026-01-31,bharati,35,1.54,26.5,0,0.61,7.93,1646.3,682.2,103.3,2165.0,0.0,0.0,20391.0,80609.0
2026-02-01,bharati,36,-0.38,9.8,0,0.761,7.34,1668.5,666.8,109.0,2344.0,0.0,0.0,19724.0,80500.0
2026-02-02,bharati,35,1.06,17.7,0,1.0,8.02,1596.8,603.2,109.7,2303.0,0.0,0.0,19121.0,80391.0
2026-02-03,bharati,35,4.94,14.4,0,0.898,8.06,1550.7,631.9,102.3,2167.0,0.0,0.0,18489.0,80288.0
2026-02-04,bharati,35,7.73,58.3,0,0.851,8.47,1563.6,602.5,99.1,2249.0,0.0,0.0,17886.0,80189.0
2026-02-05,bharati,33,4.55,15.6,0,0.821,8.68,1437.4,588.4,97.4,2086.0,0.0,0.0,17298.0,80092.0
2026-02-06,bharati,34,-1.02,21.3,0,0.728,8.21,1662.5,682.5,101.6,2441.0,0.0,0.0,16615.0,79990.0
2026-02-07,bharati,33,-5.05,21.9,0,0.559,7.1,1638.9,685.7,99.5,1955.0,0.0,0.0,15930.0,79891.0
2026-02-08,bharati,34,-5.16,10.6,0,0.821,6.72,1625.6,642.8,102.7,2086.0,0.0,0.0,15287.0,79788.0
2026-02-09,bharati,33,0.42,16.7,0,0.47,7.99,1488.5,580.9,96.9,2066.0,0.0,0.0,14706.0,79691.0
2026-02-10,bharati,34,-2.03,24.7,0,0.722,8.64,1658.5,670.7,98.7,2152.0,0.0,0.0,14035.0,79592.0
2026-02-11,bharati,34,-3.63,21.7,0,0.757,7.53,1643.4,699.3,102.1,2242.0,0.0,0.0,13336.0,79490.0
2026-02-12,bharati,34,-5.03,8.0,0,0.701,6.44,1665.5,640.7,107.0,2094.0,0.0,0.0,12695.0,79383.0
2026-02-13,bharati,35,-5.92,16.5,0,1.0,8.93,1700.4,698.4,106.9,2339.0,26600.0,0.0,38597.0,79276.0
2026-02-14,bharati,32,-5.0,32.3,0,0.967,7.77,1610.9,704.3,103.5,2186.0,0.0,0.0,37893.0,79173.0
2026-02-15,bharati,32,-8.32,27.0,0,0.868,7.5,1696.2,706.0,96.5,2107.0,0.0,0.0,37187.0,79076.0
2026-02-16,bharati,35,-3.49,35.2,0,0.63,6.51,1681.0,686.2,100.0,2211.0,0.0,0.0,36500.0,78976.0
2026-02-17,bharati,34,-3.49,14.0,0,0.968,7.3,1639.6,671.1,101.2,2142.0,0.0,0.0,35829.0,78875.0
2026-02-18,bharati,33,4.9,36.4,0,0.808,7.72,1601.3,636.4,96.9,2086.0,0.0,0.0,35193.0,78778.0
2026-02-19,bharati,33,0.06,20.9,0,0.617,7.54,1580.2,622.9,99.1,2152.0,0.0,0.0,34570.0,78679.0
2026-02-20,bharati,33,4.93,41.7,0,0.73,6.66,1548.5,612.3,99.5,1946.0,0.0,0.0,33958.0,78580.0
2026-02-21,bharati,31,8.26,21.4,0,0.837,7.04,1476.9,564.7,92.6,1843.0,0.0,0.0,33393.0,78487.0
2026-02-22,bharati,32,5.2,9.1,0,0.646,6.6,1455.2,538.8,94.1,2034.0,0.0,0.0,32854.0,78393.0
2026-02-23,bharati,32,2.73,30.7,0,0.73,8.14,1512.9,625.6,91.6,1913.0,0.0,0.0,32229.0,78301.0
2026-02-24,bharati,32,-1.0,17.9,0,0.747,7.54,1517.7,615.5,93.6,2106.0,0.0,0.0,31613.0,78208.0
2026-02-25,bharati,32,-4.05,18.5,0,0.572,6.49,1558.8,649.9,97.8,2021.0,0.0,0.0,30963.0,78110.0
2026-02-26,bharati,34,-3.66,11.8,0,0.668,5.98,1543.7,642.6,106.9,2121.0,0.0,0.0,30321.0,78003.0
2026-02-27,bharati,32,-3.29,43.0,0,0.572,6.94,1666.1,701.1,92.2,2116.0,0.0,0.0,29619.0,77911.0
2026-02-28,bharati,32,-8.2,17.5,0,0.795,6.34,1592.9,693.9,103.7,2193.0,0.0,0.0,28926.0,77807.0
2026-03-01,bharati,32,0.21,42.5,0,0.577,6.33,1606.4,673.6,88.3,1998.0,0.0,0.0,28252.0,77719.0
2026-03-02,bharati,32,-1.08,18.3,1,0.716,1.17,1586.2,604.4,96.8,1888.0,0.0,0.0,27648.0,77622.0
2026-03-03,bharati,31,-1.12,14.9,0,0.509,5.78,1511.9,615.6,90.2,1965.0,0.0,0.0,27032.0,77532.0
2026-03-04,bharati,32,-3.39,38.5,0,0.535,6.54,1617.9,706.2,94.2,1925.0,0.0,0.0,26326.0,77438.0
2026-03-05,bharati,31,-4.13,21.5,0,0.524,6.17,1610.1,670.3,92.1,1932.0,0.0,0.0,25655.0,77345.0
2026-03-06,bharati,30,-5.04,21.7,0,0.626,8.04,1598.2,648.9,88.2,1933.0,0.0,0.0,25007.0,77257.0
2026-03-07,bharati,31,-4.68,13.0,0,0.677,6.64,1566.3,632.7,95.2,2138.0,0.0,0.0,24374.0,77162.0
2026-03-08,bharati,30,-4.45,18.5,0,0.694,5.35,1507.1,620.5,91.1,1933.0,0.0,0.0,23753.0,77071.0
2026-03-09,bharati,30,-1.66,26.9,0,0.432,5.01,1540.4,622.4,89.5,1753.0,0.0,0.0,23131.0,76982.0
2026-03-10,bharati,31,-1.25,13.1,0,0.619,6.29,1479.1,609.2,96.2,2056.0,0.0,0.0,22522.0,76885.0
2026-03-11,bharati,31,0.59,18.1,0,0.544,5.66,1427.1,563.0,90.4,1961.0,0.0,0.0,21959.0,76795.0
2026-03-12,bharati,30,-0.21,19.1,0,0.692,6.8,1499.2,651.3,86.9,1965.0,0.0,0.0,21307.0,76708.0
2026-03-13,bharati,30,-0.12,23.5,0,0.591,5.99,1527.7,615.2,85.0,1980.0,0.0,0.0,20692.0,76623.0
2026-03-14,bharati,30,-1.59,42.6,0,0.607,4.33,1541.3,633.4,93.4,2016.0,0.0,0.0,20059.0,76530.0
2026-03-15,bharati,28,1.17,20.3,0,0.522,4.93,1416.4,554.2,84.8,1687.0,0.0,0.0,19504.0,76445.0
2026-03-16,bharati,30,1.22,17.3,0,0.812,5.09,1451.0,556.7,92.1,1846.0,0.0,0.0,18948.0,76353.0
2026-03-17,bharati,29,-0.3,73.4,1,0.445,1.96,1652.6,659.9,83.8,1835.0,0.0,0.0,18288.0,76269.0
2026-03-18,bharati,28,-1.67,19.4,0,0.545,4.68,1485.3,598.3,84.3,1755.0,0.0,0.0,17690.0,76185.0
2026-03-19,bharati,29,-2.56,21.5,0,0.6,5.44,1480.0,609.3,89.6,1839.0,0.0,0.0,17080.0,76095.0
2026-03-20,bharati,29,-2.88,20.1,0,0.551,4.32,1449.6,622.2,84.2,1766.0,0.0,0.0,16458.0,76011.0
2026-03-21,bharati,29,-3.44,20.9,0,0.483,5.18,1440.1,599.3,85.5,1857.0,0.0,0.0,15859.0,75925.0
2026-03-22,bharati,29,-5.54,24.4,0,0.351,5.35,1561.2,650.6,82.1,1820.0,0.0,0.0,15208.0,75843.0
2026-03-23,bharati,28,-3.05,34.9,0,0.479,6.04,1462.1,644.6,81.9,1752.0,0.0,0.0,14563.0,75761.0
2026-03-24,bharati,29,-0.84,28.2,0,0.441,5.1,1485.9,659.6,87.8,1700.0,0.0,0.0,13904.0,75673.0
2026-03-25,bharati,28,4.01,37.5,0,0.751,4.28,1431.8,621.1,84.5,1866.0,0.0,0.0,13283.0,75589.0
2026-03-26,bharati,28,0.31,37.1,0,0.815,5.81,1455.7,637.5,84.5,1858.0,0.0,0.0,12645.0,75504.0
2026-03-27,bharati,27,1.32,26.2,0,0.531,4.55,1384.4,536.5,71.9,1756.0,26500.0,0.0,38609.0,75432.0
2026-03-28,bharati,28,-6.13,28.3,0,0.362,5.14,1561.5,660.8,80.7,1623.0,0.0,0.0,37948.0,75352.0
2026-03-29,bharati,26,-3.5,38.6,0,0.612,4.08,1452.7,610.6,78.0,1702.0,0.0,0.0,37337.0,75274.0
2026-03-30,bharati,28,-8.69,15.3,0,0.4,4.49,1496.0,614.8,83.0,1733.0,0.0,0.0,36723.0,75191.0
2026-03-31,bharati,27,-11.46,69.7,1,0.445,0.74,1770.1,766.0,82.0,1756.0,0.0,0.0,35957.0,75109.0
2026-04-01,bharati,28,-9.55,19.8,0,0.429,4.48,1592.6,671.0,84.8,1852.0,0.0,0.0,35286.0,75024.0
2026-04-02,bharati,26,-11.06,21.2,0,0.437,4.73,1579.8,660.5,77.5,1715.0,0.0,0.0,34625.0,74946.0
2026-04-03,bharati,27,-12.77,14.8,0,0.448,3.73,1552.5,645.3,82.4,1764.0,0.0,0.0,33980.0,74864.0
2026-04-04,bharati,27,-13.32,15.1,0,0.326,3.61,1527.6,654.1,81.0,1727.0,0.0,0.0,33326.0,74783.0
2026-04-05,bharati,27,-9.92,37.5,0,0.393,4.16,1628.8,679.5,79.3,1636.0,0.0,0.0,32646.0,74704.0
2026-04-06,bharati,25,-12.48,64.8,1,0.593,0.57,1667.5,719.0,81.9,1641.0,0.0,0.0,31927.0,74622.0
2026-04-07,bharati,27,-11.8,19.8,0,0.46,2.67,1556.0,660.1,81.0,1831.0,0.0,0.0,31267.0,74541.0
2026-04-08,bharati,24,-12.3,29.1,0,0.472,3.89,1515.5,665.9,68.5,1570.0,0.0,0.0,30601.0,74472.0
2026-04-09,bharati,25,-8.91,27.7,0,0.182,3.48,1524.6,637.2,76.8,1605.0,0.0,0.0,29964.0,74396.0
2026-04-10,bharati,24,-6.07,38.6,0,0.557,3.37,1524.2,626.7,70.3,1636.0,0.0,0.0,29337.0,74325.0
2026-04-11,bharati,26,-12.36,64.7,1,0.354,1.38,1705.1,726.9,80.5,1726.0,0.0,0.0,28611.0,74245.0
2026-04-12,bharati,26,-8.33,48.4,0,0.565,3.75,1595.6,690.9,77.4,1736.0,0.0,0.0,27920.0,74167.0
2026-04-13,bharati,26,-10.35,23.2,0,0.441,3.08,1495.5,675.1,79.9,1664.0,0.0,0.0,27244.0,74088.0
2026-04-14,bharati,26,-9.33,32.2,0,0.348,2.32,1520.5,653.6,77.2,1645.0,0.0,0.0,26591.0,74010.0
2026-04-15,bharati,25,-12.28,33.7,0,0.208,2.57,1567.1,648.5,76.3,1605.0,0.0,0.0,25942.0,73934.0
2026-04-16,bharati,26,-10.53,25.8,1,0.663,1.29,1573.8,658.3,80.1,1635.0,0.0,0.0,25284.0,73854.0
2026-04-17,bharati,25,-2.16,16.5,0,0.492,2.93,1383.8,540.3,71.8,1667.0,0.0,0.0,24744.0,73782.0
2026-04-18,bharati,25,-3.08,18.7,0,0.492,2.36,1423.8,565.8,74.1,1575.0,0.0,0.0,24178.0,73708.0
2026-04-19,bharati,26,-5.74,42.5,0,0.6,2.11,1589.1,641.3,77.5,1705.0,0.0,0.0,23537.0,73631.0
2026-04-20,bharati,26,-7.22,44.6,0,0.402,3.0,1559.6,706.3,72.8,1652.0,0.0,0.0,22830.0,73558.0
2026-04-21,bharati,24,-12.42,24.3,0,0.53,2.33,1507.0,620.8,72.5,1615.0,0.0,0.0,22210.0,73485.0
2026-04-22,bharati,25,-7.38,29.6,0,0.303,2.92,1429.4,615.0,80.0,1501.0,0.0,0.0,21595.0,73405.0
2026-04-23,bharati,25,-6.91,44.1,0,0.443,2.92,1581.7,654.0,70.5,1621.0,0.0,0.0,20941.0,73335.0
2026-04-24,bharati,25,-10.91,13.1,0,0.272,2.0,1495.5,626.5,74.7,1616.0,0.0,0.0,20314.0,73260.0
2026-04-25,bharati,24,-14.12,22.3,0,0.28,2.79,1503.2,655.6,71.6,1439.0,0.0,0.0,19659.0,73188.0
2026-04-26,bharati,24,-13.47,62.9,1,0.345,0.71,1710.5,776.9,76.6,1494.0,0.0,0.0,18882.0,73112.0
2026-04-27,bharati,21,-10.04,30.7,0,0.175,2.14,1417.8,627.2,59.4,1364.0,0.0,0.0,18254.0,73052.0
2026-04-28,bharati,25,-13.92,16.9,0,0.36,0.33,1544.9,615.8,76.0,1668.0,0.0,0.0,17639.0,72976.0
2026-04-29,bharati,23,-9.88,28.6,0,0.276,1.09,1482.3,674.7,69.4,1481.0,0.0,0.0,16964.0,72907.0
2026-04-30,bharati,24,-10.46,42.0,0,0.068,1.05,1581.3,678.5,69.0,1424.0,0.0,0.0,16285.0,72838.0
2026-05-01,bharati,24,-13.64,9.4,0,0.245,1.38,1490.5,600.8,70.1,1571.0,0.0,0.0,15685.0,72768.0
2026-05-02,bharati,23,-14.8,29.6,0,0.259,1.68,1578.9,679.1,69.1,1424.0,0.0,0.0,15006.0,72699.0
2026-05-03,bharati,24,-8.68,23.6,0,0.402,1.71,1486.3,623.9,71.0,1548.0,0.0,0.0,14382.0,72628.0
2026-05-04,bharati,24,-13.73,13.9,0,0.334,1.8,1485.6,632.0,71.8,1491.0,0.0,0.0,13750.0,72556.0
2026-05-05,bharati,23,-15.8,28.8,0,0.474,1.12,1468.8,651.6,73.1,1550.0,0.0,0.0,13098.0,72483.0
2026-05-06,bharati,24,-12.13,26.3,0,0.362,2.08,1500.7,658.9,73.2,1506.0,26200.0,0.0,38639.0,72410.0
2026-05-07,bharati,24,-11.51,27.7,0,0.234,2.87,1546.8,676.9,72.3,1558.0,0.0,0.0,37962.0,72337.0
2026-05-08,bharati,25,-14.25,24.3,0,0.293,1.35,1503.2,623.8,76.1,1632.0,0.0,0.0,37339.0,72261.0
2026-05-09,bharati,23,-10.9,18.3,0,0.258,1.14,1431.1,633.1,70.1,1437.0,0.0,0.0,36705.0,72191.0
2026-05-10,bharati,23,-8.03,15.3,0,0.359,1.12,1405.6,604.5,70.9,1539.0,0.0,0.0,36101.0,72120.0
2026-05-11,bharati,25,-7.88,21.2,0,0.307,1.66,1481.6,617.9,72.9,1524.0,0.0,0.0,35483.0,72047.0
2026-05-12,bharati,23,-10.8,40.8,1,0.225,0.11,1534.7,646.4,69.5,1452.0,0.0,0.0,34837.0,71978.0
2026-05-13,bharati,23,-12.73,31.5,0,0.301,0.39,1465.2,625.8,66.3,1457.0,0.0,0.0,34211.0,71911.0
2026-05-14,bharati,24,-11.97,27.8,0,0.355,0.58,1522.4,627.1,67.5,1600.0,0.0,0.0,33584.0,71844.0
2026-05-15,bharati,24,-16.47,18.6,0,0.179,2.31,1478.4,637.9,75.9,1559.0,0.0,0.0,32946.0,71768.0
2026-05-16,bharati,24,-11.74,24.6,0,0.338,2.5,1418.0,577.5,71.3,1624.0,0.0,0.0,32368.0,71697.0
2026-05-17,bharati,24,-6.69,39.4,0,0.111,2.72,1525.7,672.9,69.1,1454.0,0.0,0.0,31695.0,71628.0
2026-05-18,bharati,23,-8.77,35.8,0,0.433,1.76,1504.9,657.8,66.5,1361.0,0.0,0.0,31037.0,71561.0
2026-05-19,bharati,25,-8.61,23.8,0,0.363,0.91,1539.6,588.9,71.5,1574.0,0.0,0.0,30449.0,71490.0
2026-05-20,bharati,25,-5.85,9.7,0,0.496,1.29,1459.6,584.5,73.0,1714.0,0.0,0.0,29864.0,71417.0
2026-05-21,bharati,22,-1.14,22.0,0,0.166,0.56,1298.0,506.1,62.8,1309.0,0.0,0.0,29358.0,71354.0
2026-05-22,bharati,23,1.42,23.9,0,0.436,0.53,1293.4,488.1,64.6,1352.0,0.0,0.0,28870.0,71289.0
2026-05-23,bharati,25,-7.03,20.1,0,0.412,1.78,1432.0,593.6,73.5,1629.0,0.0,0.0,28276.0,71216.0
2026-05-24,bharati,25,-9.45,24.8,0,0.278,1.98,1496.9,591.3,72.2,1605.0,0.0,0.0,27685.0,71144.0
2026-05-25,bharati,22,-8.84,41.6,0,0.255,2.97,1437.6,635.9,66.9,1362.0,0.0,0.0,27049.0,71077.0
2026-05-26,bharati,25,-11.54,29.1,0,0.17,1.54,1473.9,630.5,75.4,1540.0,0.0,0.0,26419.0,71001.0
2026-05-27,bharati,25,-6.49,45.0,0,0.139,0.65,1486.1,619.5,70.6,1469.0,0.0,0.0,25799.0,70931.0
2026-05-28,bharati,23,-2.87,15.8,0,0.21,1.51,1365.7,515.7,66.7,1429.0,0.0,0.0,25283.0,70864.0
2026-05-29,bharati,25,-7.74,26.2,0,0.149,1.4,1409.3,594.6,71.6,1527.0,0.0,0.0,24689.0,70792.0
2026-05-30,bharati,24,-9.66,13.2,0,0.491,1.26,1408.2,595.0,72.0,1526.0,0.0,0.0,24094.0,70720.0
2026-05-31,bharati,24,-13.14,25.1,0,0.12,1.84,1511.4,651.2,70.5,1489.0,0.0,0.0,23443.0,70650.0
2026-06-01,bharati,23,-14.23,19.4,0,0.318,0.75,1452.9,608.2,70.8,1463.0,0.0,0.0,22834.0,70579.0
2026-06-02,bharati,25,-15.25,51.6,0,0.352,1.69,1683.9,804.1,74.1,1717.0,0.0,0.0,22030.0,70505.0
2026-06-03,bharati,25,-12.32,35.9,0,0.343,2.06,1599.5,663.8,76.4,1664.0,0.0,0.0,21366.0,70429.0
2026-06-04,bharati,25,-15.84,46.3,0,0.353,2.59,1667.6,757.5,82.2,1628.0,0.0,0.0,20609.0,70346.0
2026-06-05,bharati,25,-24.27,25.3,0,0.414,1.82,1610.8,717.1,79.1,1695.0,0.0,0.0,19892.0,70267.0
2026-06-06,bharati,24,-27.96,19.8,0,0.246,2.33,1653.1,773.0,74.8,1647.0,0.0,0.0,19119.0,70193.0
2026-06-07,bharati,26,-29.16,19.6,0,0.311,1.29,1691.2,739.4,81.5,1722.0,0.0,0.0,18380.0,70111.0
2026-06-08,bharati,25,-28.97,34.1,0,0.265,1.39,1708.0,779.1,79.3,1702.0,0.0,0.0,17600.0,70032.0
2026-06-09,bharati,24,-26.13,65.4,1,0.456,1.42,1878.1,878.8,72.6,1739.0,0.0,0.0,16722.0,69959.0
2026-06-10,bharati,23,-27.88,36.4,0,0.552,0.64,1696.3,732.9,77.9,1600.0,0.0,0.0,15989.0,69881.0
2026-06-11,bharati,23,-29.74,26.2,0,0.157,1.32,1602.9,702.9,73.2,1596.0,0.0,0.0,15286.0,69808.0
2026-06-12,bharati,23,-30.38,28.4,0,0.056,2.39,1560.2,719.8,69.0,1548.0,0.0,0.0,14566.0,69739.0
2026-06-13,bharati,23,-31.52,30.4,0,0.368,1.45,1693.0,782.6,73.1,1593.0,0.0,0.0,13783.0,69666.0
2026-06-14,bharati,25,-30.67,72.2,1,0.428,0.28,2013.0,928.2,78.5,1689.0,0.0,0.0,12855.0,69587.0
2026-06-15,bharati,24,-30.13,51.9,0,0.535,1.41,1701.3,797.9,78.1,1702.0,26600.0,0.0,38657.0,69509.0
2026-06-16,bharati,24,-25.57,34.5,0,0.389,1.68,1689.0,785.5,75.6,1614.0,0.0,0.0,37872.0,69434.0
2026-06-17,bharati,24,-27.23,32.5,0,0.467,2.36,1749.3,732.9,77.0,1613.0,0.0,0.0,37139.0,69357.0
2026-06-18,bharati,24,-26.57,35.2,0,0.499,2.25,1638.5,721.0,74.3,1698.0,0.0,0.0,36418.0,69282.0
2026-06-19,bharati,25,-26.65,38.3,0,0.476,1.61,1721.2,716.9,78.5,1658.0,0.0,0.0,35701.0,69204.0
2026-06-20,bharati,23,-22.38,26.2,0,0.406,2.36,1570.1,727.5,74.5,1545.0,0.0,0.0,34974.0,69130.0
2026-06-21,bharati,24,-21.98,21.9,0,0.146,1.84,1627.7,701.3,71.7,1520.0,0.0,0.0,34272.0,69058.0
2026-06-22,bharati,24,-17.81,48.2,0,0.299,2.2,1699.8,779.8,67.6,1496.0,0.0,0.0,33493.0,68990.0
2026-06-23,bharati,23,-21.45,31.5,0,0.336,0.88,1556.4,688.1,70.9,1574.0,0.0,0.0,32804.0,68919.0
2026-06-24,bharati,25,-20.91,46.6,0,0.288,2.82,1717.6,803.1,82.6,1624.0,0.0,0.0,32001.0,68837.0
2026-06-25,bharati,24,-22.16,62.5,1,0.295,0.63,1921.9,845.7,76.0,1659.0,0.0,0.0,31156.0,68761.0
2026-06-26,bharati,23,-25.28,39.0,0,0.488,0.0,1644.2,742.3,71.8,1586.0,0.0,0.0,30413.0,68689.0
2026-06-27,bharati,25,-24.13,36.5,0,0.209,2.76,1678.6,766.5,76.7,1601.0,0.0,0.0,29647.0,68612.0
2026-06-28,bharati,24,-17.44,120.5,1,0.396,0.48,2049.3,969.2,75.5,1549.0,0.0,0.0,28678.0,68537.0
2026-06-29,bharati,24,-20.23,34.3,0,0.338,1.32,1592.6,741.8,70.3,1594.0,0.0,0.0,27936.0,68467.0
2026-06-30,bharati,23,-20.21,19.9,0,0.197,1.18,1585.4,643.8,68.1,1491.0,0.0,0.0,27292.0,68398.0
2026-07-01,bharati,25,-23.98,28.0,0,0.171,1.91,1614.0,716.4,77.4,1654.0,0.0,0.0,26576.0,68321.0
2026-07-02,bharati,26,-27.56,60.5,0,0.096,0.98,1785.4,836.2,83.4,1662.0,0.0,0.0,25739.0,68238.0
2026-07-03,bharati,23,-28.34,18.3,0,0.358,1.2,1565.3,691.6,71.6,1687.0,0.0,0.0,25048.0,68166.0
2026-07-04,bharati,24,-27.91,23.0,0,0.292,1.21,1645.8,712.8,78.7,1630.0,0.0,0.0,24335.0,68087.0
2026-07-05,bharati,23,-27.42,50.3,0,0.201,1.4,1694.3,776.7,69.5,1463.0,0.0,0.0,23558.0,68018.0
2026-07-06,bharati,26,-26.44,28.2,0,0.075,1.24,1683.7,773.1,71.5,1587.0,0.0,0.0,22785.0,67946.0
2026-07-07,bharati,25,-30.2,30.2,0,0.352,2.2,1723.5,770.8,80.9,1721.0,0.0,0.0,22014.0,67866.0
2026-07-08,bharati,24,-30.01,49.7,0,0.279,1.79,1721.3,868.4,76.5,1550.0,0.0,0.0,21146.0,67789.0
2026-07-09,bharati,23,-26.24,23.4,0,0.214,1.88,1559.3,711.3,72.6,1547.0,0.0,0.0,20434.0,67716.0
2026-07-10,bharati,23,-29.11,17.1,0,0.184,2.03,1594.1,699.7,72.8,1562.0,0.0,0.0,19735.0,67644.0
2026-07-11,bharati,25,-28.25,17.7,0,0.271,1.53,1657.1,729.8,78.5,1712.0,0.0,0.0,19005.0,67565.0
2026-07-12,bharati,23,-25.48,40.5,0,0.356,0.89,1648.8,748.8,71.5,1511.0,0.0,0.0,18256.0,67494.0
2026-07-13,bharati,23,-26.64,35.4,0,0.26,2.86,1654.7,791.7,71.0,1581.0,0.0,0.0,17464.0,67423.0
2026-07-14,bharati,24,-24.0,23.7,0,0.157,2.25,1575.8,678.2,72.3,1566.0,0.0,0.0,16786.0,67350.0
2026-07-15,bharati,24,-27.79,19.5,0,0.293,2.73,1632.0,686.5,74.2,1570.0,0.0,0.0,16100.0,67276.0
2026-07-16,bharati,24,-23.19,28.3,0,0.425,2.32,1640.7,735.2,71.4,1622.0,0.0,0.0,15364.0,67205.0
2026-07-17,bharati,24,-21.08,50.7,0,0.305,1.28,1685.5,782.8,71.3,1611.0,0.0,0.0,14582.0,67133.0
2026-07-18,bharati,25,-20.35,22.3,0,0.308,0.0,1602.9,680.3,76.5,1603.0,0.0,0.0,13901.0,67057.0
2026-07-19,bharati,23,-16.32,24.0,0,0.261,0.74,1487.7,650.8,65.0,1509.0,0.0,0.0,13251.0,66992.0
2026-07-20,bharati,25,-17.67,19.2,0,0.193,2.05,1560.0,677.9,70.9,1675.0,26100.0,0.0,38673.0,66921.0
2026-07-21,bharati,24,-19.69,27.2,1,0.189,0.41,1633.7,663.1,72.0,1595.0,0.0,0.0,38010.0,66849.0
2026-07-22,bharati,24,-14.98,36.5,0,0.101,1.31,1652.0,709.5,70.6,1497.0,0.0,0.0,37300.0,66778.0
2026-07-23,bharati,25,-9.61,77.0,1,0.442,0.0,1713.5,768.3,74.6,1643.0,0.0,0.0,36532.0,66704.0
2026-07-24,bharati,24,-13.31,34.7,0,0.355,1.59,1539.3,667.8,67.6,1536.0,0.0,0.0,35864.0,66636.0
2026-07-25,bharati,23,-14.48,31.0,0,0.31,0.84,1491.9,618.8,72.8,1473.0,0.0,0.0,35245.0,66563.0
2026-07-26,bharati,23,-11.73,45.5,0,0.335,1.09,1502.8,651.4,66.1,1416.0,0.0,0.0,34594.0,66497.0
2026-07-27,bharati,22,-13.06,42.4,0,0.341,2.2,1506.7,683.1,64.7,1459.0,0.0,0.0,33911.0,66433.0
2026-07-28,bharati,24,-11.99,24.8,0,0.212,0.88,1505.4,661.7,68.4,1549.0,0.0,0.0,33249.0,66364.0
2026-07-29,bharati,24,-10.5,83.1,1,0.261,0.0,1764.5,723.9,73.8,1517.0,0.0,0.0,32525.0,66290.0
2026-07-30,bharati,23,-13.58,31.2,0,0.243,1.73,1514.2,661.8,69.6,1430.0,0.0,0.0,31863.0,66221.0
2026-07-31,bharati,23,-12.95,34.8,0,0.601,2.21,1520.4,645.3,70.4,1590.0,0.0,0.0,31218.0,66150.0
2026-08-01,bharati,25,-13.78,39.7,0,0.422,1.32,1579.7,693.7,75.1,1726.0,0.0,0.0,30524.0,66075.0
2026-08-02,bharati,25,-18.33,36.4,0,0.32,2.63,1593.8,727.0,77.0,1688.0,0.0,0.0,29797.0,65998.0
2026-08-03,bharati,23,-21.33,59.7,0,0.464,0.7,1708.6,776.4,69.6,1577.0,0.0,0.0,29021.0,65929.0
2026-08-04,bharati,24,-22.69,24.5,0,0.449,0.58,1547.5,689.2,76.4,1758.0,0.0,0.0,28332.0,65852.0
2026-08-05,bharati,24,-18.74,43.6,0,0.134,0.52,1689.3,823.0,70.9,1671.0,0.0,0.0,27509.0,65782.0
2026-08-06,bharati,23,-15.38,33.6,0,0.273,0.44,1607.7,732.5,70.5,1468.0,0.0,0.0,26776.0,65711.0
2026-08-07,bharati,23,-13.29,47.3,0,0.298,1.84,1494.7,700.7,70.1,1478.0,0.0,0.0,26076.0,65641.0
2026-08-08,bharati,24,-12.56,28.6,0,0.373,0.92,1523.1,668.6,71.3,1606.0,0.0,0.0,25407.0,65570.0
2026-08-09,bharati,25,-12.03,27.0,0,0.273,0.61,1527.8,650.1,70.1,1539.0,0.0,0.0,24757.0,65500.0
2026-08-10,bharati,25,-12.01,42.5,0,0.288,1.87,1587.6,697.5,74.1,1642.0,0.0,0.0,24060.0,65426.0
2026-08-11,bharati,23,-11.57,36.2,0,0.245,2.18,1476.4,633.1,65.3,1470.0,0.0,0.0,23426.0,65360.0
2026-08-12,bharati,24,-10.98,22.1,0,0.426,2.34,1509.1,652.2,72.7,1596.0,0.0,0.0,22774.0,65287.0
2026-08-13,bharati,24,-16.49,54.7,0,0.127,2.21,1672.7,802.7,70.9,1478.0,0.0,0.0,21972.0,65217.0
2026-08-14,bharati,23,-19.03,42.2,0,0.249,0.96,1654.6,725.6,68.8,1460.0,0.0,0.0,21246.0,65148.0
2026-08-15,bharati,24,-21.86,30.1,0,0.079,1.79,1566.9,702.6,69.5,1414.0,0.0,0.0,20543.0,65078.0
2026-08-16,bharati,23,-17.33,25.4,0,0.176,1.95,1462.9,628.3,71.6,1549.0,0.0,0.0,19915.0,65007.0
2026-08-17,bharati,25,-11.84,36.0,0,0.338,1.27,1571.7,651.0,74.0,1663.0,0.0,0.0,19264.0,64933.0
2026-08-18,bharati,25,-19.56,40.7,0,0.34,1.72,1624.9,703.7,82.7,1687.0,0.0,0.0,18560.0,64850.0
2026-08-19,bharati,24,-13.93,15.8,0,0.262,0.72,1525.3,627.8,72.0,1558.0,0.0,0.0,17933.0,64778.0
2026-08-20,bharati,23,-14.02,36.0,0,0.435,1.16,1459.8,637.1,71.1,1419.0,0.0,0.0,17296.0,64707.0
2026-08-21,bharati,25,-11.11,40.4,0,0.462,1.86,1551.2,675.4,76.0,1602.0,0.0,0.0,16620.0,64631.0
2026-08-22,bharati,25,-10.33,11.4,0,0.292,2.66,1449.1,585.4,75.0,1571.0,0.0,0.0,16035.0,64556.0
2026-08-23,bharati,23,-6.68,33.2,0,0.33,2.41,1413.6,597.7,69.8,1410.0,0.0,0.0,15437.0,64486.0
2026-08-24,bharati,24,-7.61,40.9,0,0.246,2.06,1493.8,617.1,72.4,1412.0,0.0,0.0,14820.0,64414.0
2026-08-25,bharati,24,-13.38,38.9,0,0.375,1.66,1579.5,686.8,69.0,1519.0,0.0,0.0,14133.0,64345.0
2026-08-26,bharati,23,-14.07,42.6,0,0.157,1.55,1575.7,657.1,69.9,1451.0,0.0,0.0,13476.0,64275.0
2026-08-27,bharati,24,-12.62,26.4,0,0.516,0.59,1541.5,642.5,74.9,1616.0,0.0,0.0,12833.0,64200.0
2026-08-28,bharati,23,-13.76,19.6,0,0.437,1.02,1464.0,611.2,70.4,1587.0,41791.78248690707,0.0,54014.0,64130.0
2026-08-29,bharati,24,-11.87,14.2,0,0.156,1.04,1535.9,623.9,74.2,1606.0,0.0,0.0,53390.0,64055.0
2026-08-30,bharati,24,-12.62,47.7,0,0.205,2.0,1635.2,677.0,75.0,1551.0,0.0,0.0,52713.0,63980.0
2026-08-31,bharati,23,-14.91,40.4,0,0.351,2.26,1551.4,704.4,71.8,1506.0,0.0,0.0,52009.0,63909.0
2026-09-01,bharati,22,-18.33,49.0,0,0.259,2.12,1606.8,728.2,65.8,1537.0,0.0,0.0,51281.0,63843.0
2026-09-02,bharati,25,-18.89,22.1,0,0.365,2.43,1560.1,684.6,74.4,1564.0,0.0,0.0,50596.0,63768.0
2026-09-03,bharati,23,-17.42,41.8,0,0.257,1.65,1608.0,675.4,71.3,1391.0,0.0,0.0,49921.0,63697.0
2026-09-04,bharati,26,-23.11,15.8,0,0.483,0.91,1590.3,651.6,85.6,1712.0,0.0,0.0,49269.0,63611.0
2026-09-05,bharati,26,-23.98,20.6,0,0.301,1.57,1596.3,687.6,75.9,1761.0,0.0,0.0,48581.0,63536.0
2026-09-06,bharati,24,-28.57,31.2,0,0.59,1.09,1595.7,755.0,80.3,1712.0,0.0,0.0,47826.0,63455.0
2026-09-07,bharati,26,-27.89,39.0,0,0.372,2.06,1738.2,799.4,81.4,1680.0,0.0,0.0,47027.0,63374.0
2026-09-08,bharati,25,-21.5,59.7,0,0.138,1.35,1810.2,819.9,71.7,1551.0,0.0,0.0,46207.0,63302.0
2026-09-09,bharati,23,-23.86,26.6,0,0.55,1.53,1593.8,686.3,74.4,1546.0,0.0,0.0,45521.0,63228.0
2026-09-10,bharati,22,-19.73,20.4,0,0.432,2.09,1501.2,638.9,70.4,1440.0,0.0,0.0,44882.0,63157.0
2026-09-11,bharati,25,-9.45,19.9,0,0.346,1.08,1474.6,606.5,73.6,1687.0,0.0,0.0,44275.0,63084.0
2026-09-12,bharati,24,-5.46,21.8,0,0.378,2.27,1363.2,576.6,68.2,1520.0,0.0,0.0,43699.0,63015.0
2026-09-13,bharati,24,-6.38,73.9,1,0.157,0.0,1615.9,688.0,72.5,1556.0,0.0,0.0,43011.0,62943.0
2026-09-14,bharati,24,-4.8,39.8,0,0.083,1.81,1459.5,636.7,66.4,1385.0,0.0,0.0,42374.0,62877.0
2026-09-15,bharati,23,-10.6,46.1,0,0.295,1.54,1538.0,653.2,70.8,1501.0,0.0,0.0,41721.0,62806.0
2026-09-16,bharati,24,-15.98,26.1,0,0.465,2.18,1583.2,683.7,70.9,1627.0,0.0,0.0,41037.0,62735.0
2026-09-17,bharati,25,-15.24,28.7,0,0.347,0.64,1615.7,642.2,77.0,1681.0,0.0,0.0,40395.0,62658.0
2026-09-18,bharati,24,-13.43,38.4,0,0.505,0.53,1596.6,680.9,74.7,1629.0,0.0,0.0,39714.0,62583.0
2026-09-19,bharati,24,-9.68,23.1,0,0.459,2.13,1435.5,633.5,74.4,1634.0,0.0,0.0,39081.0,62509.0
2026-09-20,bharati,23,-11.91,25.2,0,0.302,1.33,1450.1,597.1,71.9,1514.0,0.0,0.0,38483.0,62437.0
2026-09-21,bharati,24,-11.26,21.4,0,0.442,1.54,1545.5,652.3,71.0,1523.0,0.0,0.0,37831.0,62366.0
2026-09-22,bharati,23,-10.82,23.4,0,0.483,1.14,1465.3,637.9,71.0,1577.0,0.0,0.0,37193.0,62295.0
2026-09-23,bharati,25,-11.36,28.8,0,0.29,2.24,1524.3,634.9,71.5,1585.0,0.0,0.0,36558.0,62223.0
2026-09-24,bharati,23,-11.58,19.9,0,0.274,1.81,1406.3,607.6,65.7,1435.0,0.0,0.0,35951.0,62158.0
2026-09-25,bharati,24,-14.24,31.6,0,0.317,1.77,1537.0,697.1,71.3,1596.0,0.0,0.0,35254.0,62086.0
2026-09-26,bharati,26,-12.76,31.5,0,0.011,0.78,1580.4,665.1,76.3,1617.0,0.0,0.0,34589.0,62010.0
2026-09-27,bharati,24,-11.79,25.8,0,0.334,1.95,1490.2,648.7,75.7,1525.0,0.0,0.0,33940.0,61934.0
2026-09-28,bharati,24,-13.0,19.6,0,0.386,0.91,1464.0,580.5,76.9,1555.0,0.0,0.0,33359.0,61857.0
2026-09-29,bharati,24,-10.42,28.9,0,0.317,1.14,1473.2,630.3,70.7,1465.0,0.0,0.0,32729.0,61787.0
2026-09-30,bharati,23,-7.12,22.3,0,0.341,0.64,1437.3,587.9,68.4,1381.0,0.0,0.0,32141.0,61718.0
2026-10-01,bharati,25,-5.51,28.0,0,0.295,1.49,1461.4,569.1,74.8,1543.0,0.0,0.0,31572.0,61644.0
2026-10-02,bharati,25,-9.66,43.4,0,0.065,2.41,1557.3,652.0,73.7,1551.0,0.0,0.0,30920.0,61570.0
